{"type":"FeatureCollection","features":[{"type":"Feature","properties":{"ISO_A3":"AFG","NAME":"Afghanistan"},"geometry":{"type":"MultiPolygon","coordinates":[[[[62.231,35.271],[62.985,35.404],[63.194,35.857],[63.983,36.008],[64.546,36.312],[64.746,37.112],[65.589,37.305],[65.746,37.661],[66.217,37.394],[66.519,37.363],[67.076,37.356],[67.83,37.145],[68.136,37.023],[68.859,37.344],[69.196,37.151],[69.519,37.609],[70.117,37.588],[70.271,37.735],[70.376,38.138],[70.807,38.486],[71.348,38.259],[71.239,37.953],[71.542,37.906],[71.449,37.066],[71.845,36.738],[72.193,36.948],[72.637,37.048],[73.26,37.495],[73.949,37.422],[74.98,37.42],[75.158,37.133],[74.858,37.075],[74.858,37.076],[74.857,37.078],[74.855,37.079],[74.854,37.081],[74.852,37.082],[74.851,37.083],[74.849,37.084],[74.847,37.085],[74.845,37.085],[74.843,37.085],[74.841,37.086],[74.839,37.086],[74.837,37.085],[74.79,37.077],[74.788,37.076],[74.786,37.076],[74.784,37.075],[74.783,37.074],[74.781,37.073],[74.78,37.072],[74.778,37.07],[74.777,37.069],[74.776,37.067],[74.771,37.059],[74.758,37.056],[74.747,37.057],[74.722,37.107],[74.721,37.108],[74.72,37.11],[74.719,37.112],[74.717,37.113],[74.715,37.114],[74.714,37.115],[74.712,37.116],[74.71,37.117],[74.708,37.117],[74.706,37.117],[74.704,37.118],[74.702,37.117],[74.687,37.116],[74.684,37.115],[74.682,37.115],[74.68,37.114],[74.565,37.057],[74.563,37.056],[74.561,37.055],[74.56,37.054],[74.558,37.052],[74.557,37.051],[74.556,37.049],[74.555,37.047],[74.555,37.046],[74.554,37.044],[74.554,37.042],[74.549,37.011],[74.543,37.009],[74.54,37.015],[74.539,37.017],[74.537,37.018],[74.536,37.02],[74.535,37.021],[74.533,37.023],[74.531,37.023],[74.53,37.024],[74.528,37.025],[74.526,37.026],[74.524,37.026],[74.522,37.026],[74.424,37.027],[74.422,37.027],[74.421,37.026],[74.419,37.026],[74.417,37.026],[74.415,37.025],[74.413,37.024],[74.272,36.935],[74.151,36.938],[74.15,36.938],[74.148,36.938],[74.146,36.937],[74.144,36.937],[74.142,36.936],[74.14,36.935],[74.139,36.934],[74.137,36.933],[74.136,36.931],[74.135,36.93],[74.134,36.928],[74.133,36.926],[74.132,36.925],[74.114,36.874],[74.039,36.855],[73.982,36.86],[73.923,36.905],[73.921,36.906],[73.92,36.907],[73.918,36.907],[73.916,36.908],[73.848,36.926],[73.846,36.927],[73.844,36.927],[73.672,36.942],[73.669,36.942],[73.667,36.942],[73.665,36.942],[73.663,36.941],[73.644,36.935],[73.642,36.934],[73.641,36.933],[73.639,36.932],[73.637,36.931],[73.636,36.929],[73.635,36.928],[73.633,36.926],[73.632,36.924],[73.632,36.922],[73.631,36.921],[73.631,36.919],[73.631,36.917],[73.631,36.915],[73.631,36.913],[73.631,36.911],[73.632,36.909],[73.633,36.907],[73.633,36.905],[73.635,36.904],[73.681,36.843],[73.682,36.841],[73.684,36.84],[73.685,36.839],[73.687,36.837],[73.689,36.837],[73.691,36.836],[73.693,36.835],[73.77,36.818],[73.774,36.806],[73.414,36.77],[73.379,36.778],[73.377,36.778],[73.375,36.778],[73.373,36.778],[73.371,36.778],[73.37,36.777],[73.368,36.777],[73.321,36.761],[73.189,36.747],[73.154,36.75],[73.152,36.75],[73.15,36.75],[73.147,36.749],[73.145,36.749],[73.122,36.74],[72.92,36.72],[71.846,36.51],[71.262,36.074],[71.499,35.651],[71.613,35.153],[71.115,34.733],[71.157,34.349],[70.882,33.989],[69.93,34.02],[70.324,33.358],[69.687,33.105],[69.263,32.502],[69.318,31.901],[68.927,31.62],[68.557,31.713],[67.793,31.583],[67.683,31.303],[66.939,31.305],[66.382,30.739],[66.347,29.888],[65.047,29.472],[64.35,29.56],[64.148,29.341],[63.55,29.468],[62.55,29.319],[60.874,29.829],[61.781,30.736],[61.699,31.38],[60.942,31.548],[60.864,32.183],[60.536,32.981],[60.964,33.529],[60.528,33.676],[60.803,34.404],[61.211,35.65],[62.231,35.271]]]]}},{"type":"Feature","properties":{"ISO_A3":"AGO","NAME":"Angola"},"geometry":{"type":"MultiPolygon","coordinates":[[[[23.904,-11.722],[24.08,-12.191],[23.931,-12.566],[24.016,-12.911],[21.934,-12.898],[21.888,-16.08],[22.562,-16.898],[23.215,-17.523],[21.377,-17.931],[18.956,-17.789],[18.263,-17.31],[14.21,-17.353],[14.059,-17.423],[13.462,-16.971],[12.814,-16.941],[12.215,-17.112],[11.734,-17.302],[11.64,-16.673],[11.779,-15.794],[12.124,-14.878],[12.176,-14.449],[12.5,-13.548],[12.738,-13.138],[13.313,-12.484],[13.634,-12.039],[13.739,-11.298],[13.686,-10.731],[13.387,-10.374],[13.121,-9.767],[12.875,-9.167],[12.929,-8.959],[13.236,-8.563],[12.933,-7.597],[12.728,-6.927],[12.227,-6.294],[12.322,-6.1],[12.735,-5.966],[13.025,-5.984],[13.376,-5.864],[16.327,-5.877],[16.573,-6.623],[16.86,-7.222],[17.09,-7.546],[17.473,-8.069],[18.134,-7.988],[18.464,-7.847],[19.017,-7.988],[19.167,-7.738],[19.418,-7.155],[20.038,-7.116],[20.092,-6.943],[20.602,-6.939],[20.515,-7.3],[21.728,-7.291],[21.746,-7.92],[21.949,-8.306],[21.802,-8.909],[21.875,-9.524],[22.209,-9.895],[22.155,-11.085],[22.403,-10.993],[22.837,-11.018],[23.457,-10.868],[23.912,-10.927],[24.018,-11.237],[23.904,-11.722]]],[[[12.182,-5.79],[11.915,-5.038],[12.319,-4.606],[12.621,-4.438],[12.996,-4.781],[12.632,-4.991],[12.468,-5.248],[12.437,-5.684],[12.182,-5.79]]]]}},{"type":"Feature","properties":{"ISO_A3":"ALB","NAME":"Albania"},"geometry":{"type":"Polygon","coordinates":[[[21.02,40.843],[21.0,40.58],[20.675,40.435],[20.615,40.11],[20.15,39.625],[19.98,39.695],[19.96,39.915],[19.406,40.251],[19.319,40.727],[19.404,41.41],[19.54,41.72],[19.372,41.878],[19.372,41.878],[19.304,42.196],[19.738,42.688],[19.802,42.5],[20.071,42.589],[20.284,42.32],[20.523,42.218],[20.59,41.855],[20.59,41.855],[20.463,41.515],[20.605,41.086],[21.02,40.843]]]}},{"type":"Feature","properties":{"ISO_A3":"ARE","NAME":"United Arab Emirates"},"geometry":{"type":"Polygon","coordinates":[[[51.58,24.245],[51.757,24.294],[51.794,24.02],[52.577,24.177],[53.404,24.151],[54.008,24.122],[54.693,24.798],[55.439,25.439],[56.071,26.055],[56.261,25.715],[56.397,24.925],[55.886,24.921],[55.804,24.27],[55.981,24.131],[55.529,23.934],[55.526,23.525],[55.234,23.111],[55.208,22.708],[55.007,22.497],[52.001,23.001],[51.618,24.014],[51.58,24.245]]]}},{"type":"Feature","properties":{"ISO_A3":"ARG","NAME":"Argentina"},"geometry":{"type":"MultiPolygon","coordinates":[[[[-66.96,-54.897],[-67.562,-54.87],[-68.633,-54.87],[-68.634,-52.636],[-68.25,-53.1],[-67.75,-53.85],[-66.45,-54.45],[-65.05,-54.7],[-65.5,-55.2],[-66.45,-55.25],[-66.96,-54.897]]],[[[-68.572,-52.299],[-69.498,-52.143],[-71.915,-52.009],[-72.329,-51.426],[-72.31,-50.677],[-72.976,-50.741],[-73.328,-50.379],[-73.415,-49.318],[-72.648,-48.879],[-72.331,-48.244],[-72.447,-47.739],[-71.917,-46.885],[-71.552,-45.561],[-71.659,-44.974],[-71.223,-44.784],[-71.33,-44.408],[-71.794,-44.207],[-71.464,-43.788],[-71.915,-43.409],[-72.149,-42.255],[-71.747,-42.051],[-71.916,-40.832],[-71.681,-39.808],[-71.414,-38.916],[-70.815,-38.553],[-71.119,-37.577],[-71.122,-36.658],[-70.365,-36.005],[-70.388,-35.17],[-69.817,-34.194],[-69.815,-33.274],[-70.074,-33.091],[-70.535,-31.365],[-69.919,-30.336],[-70.014,-29.368],[-69.656,-28.459],[-69.001,-27.521],[-68.296,-26.899],[-68.595,-26.507],[-68.386,-26.185],[-68.418,-24.519],[-67.328,-24.025],[-66.985,-22.986],[-67.107,-22.736],[-66.273,-21.832],[-64.965,-22.076],[-64.377,-22.798],[-63.987,-21.994],[-62.846,-22.035],[-62.685,-22.249],[-60.847,-23.881],[-60.029,-24.033],[-58.807,-24.771],[-57.777,-25.162],[-57.634,-25.604],[-58.618,-27.124],[-57.61,-27.396],[-56.487,-27.548],[-55.696,-27.388],[-54.789,-26.622],[-54.625,-25.739],[-54.13,-25.548],[-53.628,-26.125],[-53.649,-26.923],[-54.491,-27.475],[-55.162,-27.882],[-56.291,-28.853],[-57.625,-30.216],[-57.875,-31.017],[-58.142,-32.045],[-58.133,-33.041],[-58.35,-33.263],[-58.427,-33.909],[-58.495,-34.431],[-57.226,-35.288],[-57.362,-35.977],[-56.737,-36.413],[-56.788,-36.902],[-57.749,-38.184],[-59.232,-38.72],[-61.237,-38.928],[-62.336,-38.828],[-62.126,-39.424],[-62.331,-40.173],[-62.146,-40.677],[-62.746,-41.029],[-63.77,-41.167],[-64.732,-40.803],[-65.118,-41.064],[-64.979,-42.058],[-64.303,-42.359],[-63.756,-42.044],[-63.458,-42.563],[-64.379,-42.874],[-65.182,-43.495],[-65.329,-44.501],[-65.565,-45.037],[-66.51,-45.04],[-67.294,-45.552],[-67.581,-46.302],[-66.597,-47.034],[-65.641,-47.236],[-65.985,-48.133],[-67.166,-48.697],[-67.816,-49.87],[-68.729,-50.264],[-69.139,-50.733],[-68.816,-51.771],[-68.15,-52.35],[-68.572,-52.299]]]]}},{"type":"Feature","properties":{"ISO_A3":"ARM","NAME":"Armenia"},"geometry":{"type":"Polygon","coordinates":[[[43.583,41.092],[44.972,41.248],[45.179,40.985],[45.56,40.812],[45.359,40.562],[45.892,40.218],[45.61,39.9],[46.035,39.628],[46.483,39.464],[46.506,38.771],[46.144,38.741],[45.735,39.32],[45.74,39.474],[45.298,39.472],[45.002,39.74],[44.794,39.713],[44.4,40.005],[43.656,40.254],[43.753,40.74],[43.583,41.092]]]}},{"type":"Feature","properties":{"ISO_A3":"ATA","NAME":"Antarctica"},"geometry":{"type":"MultiPolygon","coordinates":[[[[-59.572,-80.04],[-59.866,-80.55],[-60.16,-81.0],[-62.255,-80.863],[-64.488,-80.922],[-65.742,-80.589],[-65.742,-80.55],[-66.29,-80.256],[-64.038,-80.295],[-61.883,-80.393],[-61.139,-79.981],[-60.61,-79.629],[-59.572,-80.04]]],[[[-159.208,-79.497],[-161.128,-79.634],[-162.44,-79.281],[-163.027,-78.929],[-163.067,-78.87],[-163.713,-78.596],[-163.713,-78.596],[-163.106,-78.223],[-161.245,-78.38],[-160.246,-78.694],[-159.482,-79.046],[-159.208,-79.497]]],[[[-45.155,-78.047],[-43.921,-78.478],[-43.49,-79.086],[-43.372,-79.517],[-43.333,-80.026],[-44.881,-80.34],[-46.506,-80.594],[-48.386,-80.829],[-50.482,-81.025],[-52.852,-80.967],[-54.164,-80.634],[-53.988,-80.222],[-51.853,-79.948],[-50.991,-79.615],[-50.365,-79.183],[-49.914,-78.811],[-49.307,-78.459],[-48.661,-78.047],[-48.661,-78.047],[-48.151,-78.047],[-46.663,-77.831],[-45.155,-78.047]]],[[[-121.212,-73.501],[-119.919,-73.658],[-118.724,-73.481],[-119.292,-73.834],[-120.232,-74.089],[-121.623,-74.01],[-122.622,-73.658],[-122.622,-73.658],[-122.406,-73.325],[-121.212,-73.501]]],[[[-125.56,-73.481],[-124.032,-73.873],[-124.619,-73.834],[-125.912,-73.736],[-127.283,-73.462],[-127.283,-73.462],[-126.558,-73.246],[-125.56,-73.481]]],[[[-98.982,-71.933],[-97.885,-72.071],[-96.788,-71.953],[-96.2,-72.521],[-96.984,-72.443],[-98.198,-72.482],[-99.432,-72.443],[-100.783,-72.502],[-101.802,-72.306],[-102.331,-71.894],[-102.331,-71.894],[-101.704,-71.718],[-100.431,-71.855],[-98.982,-71.933]]],[[[-68.451,-70.956],[-68.334,-71.406],[-68.51,-71.798],[-68.784,-72.171],[-69.959,-72.308],[-71.076,-72.504],[-72.388,-72.484],[-71.898,-72.092],[-73.074,-72.229],[-74.19,-72.367],[-74.954,-72.073],[-75.013,-71.661],[-73.916,-71.269],[-73.916,-71.269],[-73.23,-71.152],[-72.075,-71.191],[-71.781,-70.681],[-71.722,-70.309],[-71.742,-69.506],[-71.174,-69.035],[-70.253,-68.879],[-69.724,-69.251],[-69.489,-69.623],[-69.059,-70.074],[-68.726,-70.505],[-68.451,-70.956]]],[[[-58.614,-64.152],[-59.045,-64.368],[-59.789,-64.211],[-60.612,-64.309],[-61.297,-64.544],[-62.022,-64.799],[-62.512,-65.093],[-62.649,-65.485],[-62.59,-65.857],[-62.12,-66.19],[-62.806,-66.426],[-63.746,-66.504],[-64.294,-66.837],[-64.882,-67.15],[-65.508,-67.582],[-65.665,-67.954],[-65.313,-68.365],[-64.784,-68.679],[-63.961,-68.914],[-63.197,-69.228],[-62.786,-69.619],[-62.571,-69.992],[-62.277,-70.384],[-61.807,-70.717],[-61.513,-71.089],[-61.376,-72.01],[-61.082,-72.382],[-61.004,-72.774],[-60.69,-73.166],[-60.827,-73.695],[-61.376,-74.107],[-61.963,-74.44],[-63.295,-74.577],[-63.746,-74.93],[-64.353,-75.263],[-65.861,-75.635],[-67.193,-75.792],[-68.446,-76.007],[-69.798,-76.223],[-70.601,-76.634],[-72.207,-76.674],[-73.97,-76.634],[-75.556,-76.713],[-77.24,-76.713],[-76.927,-77.105],[-75.399,-77.281],[-74.283,-77.555],[-73.656,-77.908],[-74.773,-78.222],[-76.496,-78.124],[-77.926,-78.378],[-77.985,-78.79],[-78.024,-79.182],[-76.849,-79.515],[-76.633,-79.887],[-75.36,-80.26],[-73.245,-80.416],[-71.443,-80.691],[-70.013,-81.004],[-68.192,-81.318],[-65.704,-81.474],[-63.256,-81.749],[-61.552,-82.043],[-59.691,-82.376],[-58.712,-82.846],[-58.222,-83.218],[-57.008,-82.866],[-55.363,-82.572],[-53.62,-82.258],[-51.544,-82.004],[-49.761,-81.729],[-47.274,-81.71],[-44.826,-81.847],[-42.808,-82.082],[-42.162,-81.651],[-40.771,-81.357],[-38.245,-81.337],[-36.267,-81.122],[-34.386,-80.906],[-32.31,-80.769],[-30.097,-80.593],[-28.55,-80.338],[-29.255,-79.985],[-29.686,-79.633],[-29.686,-79.26],[-31.625,-79.299],[-33.681,-79.456],[-35.64,-79.456],[-35.914,-79.084],[-35.777,-78.339],[-35.327,-78.124],[-33.897,-77.889],[-32.212,-77.653],[-30.998,-77.36],[-29.784,-77.066],[-28.883,-76.674],[-27.512,-76.497],[-26.16,-76.36],[-25.475,-76.282],[-23.928,-76.243],[-22.459,-76.105],[-21.225,-75.909],[-20.01,-75.674],[-18.914,-75.439],[-17.523,-75.126],[-16.642,-74.793],[-15.701,-74.499],[-15.408,-74.107],[-16.465,-73.872],[-16.113,-73.46],[-15.447,-73.147],[-14.409,-72.951],[-13.312,-72.715],[-12.294,-72.402],[-11.51,-72.01],[-11.02,-71.54],[-10.296,-71.265],[-9.101,-71.324],[-8.611,-71.657],[-7.417,-71.697],[-7.377,-71.324],[-6.868,-70.932],[-5.791,-71.03],[-5.536,-71.403],[-4.342,-71.461],[-3.049,-71.285],[-1.795,-71.167],[-0.659,-71.226],[-0.229,-71.638],[0.868,-71.305],[1.887,-71.128],[3.023,-70.991],[4.139,-70.854],[5.158,-70.619],[6.274,-70.462],[7.136,-70.247],[7.743,-69.894],[8.487,-70.149],[9.525,-70.011],[10.25,-70.482],[10.818,-70.834],[11.954,-70.638],[12.404,-70.247],[13.423,-69.972],[14.735,-70.031],[15.127,-70.403],[15.949,-70.031],[17.027,-69.913],[18.202,-69.874],[19.259,-69.894],[20.376,-70.011],[21.453,-70.07],[21.923,-70.403],[22.569,-70.697],[23.666,-70.521],[24.841,-70.482],[25.977,-70.482],[27.094,-70.462],[28.093,-70.325],[29.15,-70.207],[30.032,-69.933],[30.972,-69.757],[31.99,-69.659],[32.754,-69.384],[33.302,-68.836],[33.87,-68.503],[34.908,-68.659],[35.3,-69.012],[36.162,-69.247],[37.2,-69.169],[37.905,-69.521],[38.649,-69.776],[39.668,-69.541],[40.02,-69.11],[40.921,-68.934],[41.959,-68.601],[42.939,-68.463],[44.114,-68.267],[44.897,-68.052],[45.72,-67.817],[46.503,-67.601],[47.443,-67.719],[48.344,-67.366],[48.991,-67.092],[49.931,-67.111],[50.753,-66.876],[50.949,-66.523],[51.792,-66.249],[52.614,-66.053],[53.613,-65.896],[54.534,-65.818],[55.415,-65.877],[56.355,-65.975],[57.158,-66.249],[57.256,-66.68],[58.137,-67.013],[58.745,-67.288],[59.939,-67.405],[60.605,-67.68],[61.428,-67.954],[62.387,-68.013],[63.19,-67.817],[64.052,-67.405],[64.992,-67.621],[65.972,-67.738],[66.912,-67.856],[67.891,-67.934],[68.89,-67.934],[69.713,-68.973],[69.673,-69.228],[69.556,-69.678],[68.596,-69.933],[67.813,-70.305],[67.95,-70.697],[69.066,-70.678],[68.929,-71.069],[68.42,-71.442],[67.95,-71.853],[68.714,-72.167],[69.869,-72.265],[71.025,-72.088],[71.573,-71.697],[71.906,-71.324],[72.455,-71.011],[73.081,-70.717],[73.336,-70.364],[73.865,-69.874],[74.492,-69.776],[75.628,-69.737],[76.626,-69.619],[77.645,-69.463],[78.135,-69.071],[78.428,-68.698],[79.114,-68.326],[80.093,-68.072],[80.935,-67.876],[81.484,-67.542],[82.052,-67.366],[82.776,-67.209],[83.775,-67.307],[84.676,-67.209],[85.656,-67.092],[86.752,-67.15],[87.477,-66.876],[87.986,-66.21],[88.358,-66.484],[88.828,-66.955],[89.671,-67.15],[90.63,-67.229],[91.59,-67.111],[92.609,-67.19],[93.549,-67.209],[94.175,-67.111],[95.018,-67.17],[95.781,-67.386],[96.682,-67.249],[97.76,-67.249],[98.68,-67.111],[99.718,-67.249],[100.384,-66.915],[100.893,-66.582],[101.579,-66.308],[102.832,-65.563],[103.479,-65.7],[104.243,-65.975],[104.908,-66.328],[106.182,-66.935],[107.161,-66.955],[108.081,-66.955],[109.159,-66.837],[110.236,-66.7],[111.058,-66.426],[111.744,-66.132],[112.86,-66.092],[113.605,-65.877],[114.388,-66.073],[114.897,-66.386],[115.602,-66.7],[116.699,-66.661],[117.385,-66.915],[118.579,-67.17],[119.833,-67.268],[120.871,-67.19],[121.654,-66.876],[122.32,-66.563],[123.221,-66.484],[124.122,-66.621],[125.16,-66.719],[126.1,-66.563],[127.001,-66.563],[127.883,-66.661],[128.803,-66.759],[129.704,-66.582],[130.781,-66.426],[131.8,-66.386],[132.936,-66.386],[133.856,-66.288],[134.757,-66.21],[135.032,-65.72],[135.071,-65.309],[135.697,-65.583],[135.874,-66.034],[136.207,-66.445],[136.618,-66.778],[137.46,-66.955],[138.596,-66.896],[139.908,-66.876],[140.809,-66.817],[142.122,-66.817],[143.062,-66.798],[144.374,-66.837],[145.49,-66.915],[146.196,-67.229],[146.0,-67.601],[146.646,-67.895],[147.723,-68.13],[148.84,-68.385],[150.132,-68.561],[151.484,-68.718],[152.502,-68.875],[153.638,-68.895],[154.285,-68.561],[155.166,-68.836],[155.93,-69.149],[156.811,-69.384],[158.026,-69.482],[159.181,-69.6],[159.671,-69.992],[160.807,-70.227],[161.57,-70.58],[162.687,-70.736],[163.842,-70.717],[164.92,-70.776],[166.114,-70.756],[167.309,-70.834],[168.426,-70.971],[169.464,-71.207],[170.502,-71.403],[171.207,-71.697],[171.089,-72.088],[170.56,-72.441],[170.11,-72.892],[169.757,-73.245],[169.287,-73.656],[167.975,-73.813],[167.387,-74.165],[166.095,-74.381],[165.644,-74.773],[164.959,-75.145],[164.234,-75.459],[163.823,-75.87],[163.568,-76.243],[163.47,-76.693],[163.49,-77.066],[164.058,-77.457],[164.273,-77.83],[164.743,-78.183],[166.604,-78.32],[166.996,-78.751],[165.194,-78.907],[163.666,-79.123],[161.766,-79.162],[160.924,-79.73],[160.748,-80.201],[160.317,-80.573],[159.788,-80.945],[161.12,-81.279],[161.629,-81.69],[162.491,-82.062],[163.705,-82.395],[165.096,-82.709],[166.604,-83.022],[168.896,-83.336],[169.405,-83.826],[172.284,-84.041],[172.477,-84.118],[173.224,-84.414],[175.986,-84.159],[178.277,-84.473],[180,-84.713],[180,-90],[-180,-90],[-180,-84.713],[-179.942,-84.721],[-179.059,-84.139],[-177.257,-84.453],[-177.141,-84.418],[-176.085,-84.099],[-175.947,-84.11],[-175.83,-84.118],[-174.383,-84.534],[-173.117,-84.118],[-172.889,-84.061],[-169.951,-83.885],[-169.0,-84.118],[-168.53,-84.237],[-167.022,-84.57],[-164.182,-84.825],[-161.93,-85.139],[-158.071,-85.374],[-155.192,-85.1],[-150.942,-85.296],[-148.533,-85.609],[-145.889,-85.315],[-143.108,-85.041],[-142.892,-84.57],[-146.829,-84.531],[-150.061,-84.296],[-150.903,-83.904],[-153.586,-83.689],[-153.41,-83.238],[-153.038,-82.827],[-152.666,-82.454],[-152.862,-82.043],[-154.526,-81.768],[-155.29,-81.416],[-156.837,-81.102],[-154.409,-81.161],[-152.098,-81.004],[-150.648,-81.337],[-148.866,-81.043],[-147.221,-80.671],[-146.418,-80.338],[-146.77,-79.926],[-148.063,-79.652],[-149.532,-79.358],[-151.588,-79.299],[-153.39,-79.162],[-155.329,-79.064],[-155.976,-78.692],[-157.268,-78.378],[-158.052,-78.026],[-158.365,-76.889],[-157.875,-76.987],[-156.975,-77.301],[-155.329,-77.203],[-153.743,-77.066],[-152.92,-77.497],[-151.334,-77.399],[-150.002,-77.183],[-148.748,-76.909],[-147.612,-76.576],[-146.104,-76.478],[-146.144,-76.105],[-146.496,-75.733],[-146.202,-75.38],[-144.91,-75.204],[-144.322,-75.537],[-142.794,-75.341],[-141.639,-75.086],[-140.209,-75.067],[-138.858,-74.969],[-137.506,-74.734],[-136.429,-74.518],[-135.215,-74.303],[-134.431,-74.361],[-133.746,-74.44],[-132.257,-74.303],[-130.925,-74.479],[-129.554,-74.459],[-128.242,-74.322],[-126.891,-74.42],[-125.402,-74.518],[-124.011,-74.479],[-122.562,-74.499],[-121.074,-74.518],[-119.703,-74.479],[-118.684,-74.185],[-117.47,-74.028],[-116.216,-74.244],[-115.022,-74.068],[-113.944,-73.715],[-113.298,-74.028],[-112.945,-74.381],[-112.299,-74.714],[-111.261,-74.42],[-110.066,-74.793],[-108.715,-74.91],[-107.559,-75.184],[-106.149,-75.126],[-104.876,-74.949],[-103.368,-74.988],[-102.017,-75.126],[-100.646,-75.302],[-100.117,-74.871],[-100.763,-74.538],[-101.253,-74.185],[-102.545,-74.107],[-103.113,-73.734],[-103.329,-73.362],[-103.681,-72.618],[-102.917,-72.755],[-101.605,-72.813],[-100.313,-72.755],[-99.137,-72.911],[-98.119,-73.205],[-97.688,-73.558],[-96.337,-73.617],[-95.044,-73.48],[-93.673,-73.284],[-92.439,-73.166],[-91.421,-73.401],[-90.089,-73.323],[-89.227,-72.559],[-88.424,-73.009],[-87.268,-73.186],[-86.015,-73.088],[-85.192,-73.48],[-83.88,-73.519],[-82.666,-73.636],[-81.471,-73.852],[-80.687,-73.48],[-80.296,-73.127],[-79.297,-73.519],[-77.926,-73.421],[-76.907,-73.636],[-76.222,-73.97],[-74.89,-73.872],[-73.852,-73.656],[-72.834,-73.401],[-71.619,-73.264],[-70.209,-73.147],[-68.936,-73.009],[-67.957,-72.794],[-67.369,-72.48],[-67.134,-72.049],[-67.252,-71.638],[-67.565,-71.246],[-67.917,-70.854],[-68.231,-70.462],[-68.485,-70.109],[-68.544,-69.717],[-68.446,-69.326],[-67.976,-68.953],[-67.585,-68.542],[-67.428,-68.15],[-67.624,-67.719],[-67.741,-67.327],[-67.252,-66.876],[-66.703,-66.582],[-66.057,-66.21],[-65.371,-65.896],[-64.568,-65.603],[-64.177,-65.171],[-63.628,-64.897],[-63.001,-64.642],[-62.042,-64.584],[-61.415,-64.27],[-60.71,-64.074],[-59.887,-63.957],[-59.163,-63.702],[-58.595,-63.388],[-57.811,-63.271],[-57.224,-63.525],[-57.596,-63.859],[-58.614,-64.152]]]]}},{"type":"Feature","properties":{"ISO_A3":"ATF","NAME":"Fr. S. Antarctic Lands"},"geometry":{"type":"Polygon","coordinates":[[[68.935,-48.625],[69.58,-48.94],[70.525,-49.065],[70.56,-49.255],[70.28,-49.71],[68.745,-49.775],[68.72,-49.242],[68.868,-48.83],[68.935,-48.625]]]}},{"type":"Feature","properties":{"ISO_A3":"AUS","NAME":"Australia"},"geometry":{"type":"MultiPolygon","coordinates":[[[[145.398,-40.793],[146.364,-41.138],[146.909,-41.001],[147.689,-40.808],[148.289,-40.875],[148.36,-42.062],[148.017,-42.407],[147.914,-43.212],[147.565,-42.938],[146.87,-43.635],[146.663,-43.581],[146.048,-43.55],[145.432,-42.694],[145.295,-42.034],[144.718,-41.163],[144.744,-40.704],[145.398,-40.793]]],[[[143.562,-13.764],[143.922,-14.548],[144.564,-14.171],[144.895,-14.594],[145.375,-14.985],[145.272,-15.428],[145.485,-16.286],[145.637,-16.785],[145.889,-16.907],[146.16,-17.762],[146.064,-18.28],[146.387,-18.958],[147.471,-19.481],[148.178,-19.956],[148.848,-20.391],[148.717,-20.633],[149.289,-21.261],[149.678,-22.343],[150.077,-22.123],[150.483,-22.556],[150.727,-22.402],[150.9,-23.462],[151.609,-24.076],[152.074,-24.458],[152.855,-25.268],[153.136,-26.071],[153.162,-26.641],[153.093,-27.26],[153.569,-28.11],[153.512,-28.995],[153.339,-29.458],[153.069,-30.35],[153.09,-30.924],[152.892,-31.64],[152.45,-32.55],[151.709,-33.041],[151.344,-33.816],[151.011,-34.31],[150.714,-35.173],[150.328,-35.672],[150.075,-36.42],[149.946,-37.109],[149.997,-37.425],[149.424,-37.773],[148.305,-37.809],[147.382,-38.219],[146.922,-38.607],[146.318,-39.036],[145.49,-38.594],[144.877,-38.417],[145.032,-37.896],[144.486,-38.085],[143.61,-38.809],[142.745,-38.538],[142.178,-38.38],[141.607,-38.309],[140.639,-38.019],[139.992,-37.403],[139.807,-36.644],[139.574,-36.138],[139.083,-35.733],[138.121,-35.612],[138.449,-35.127],[138.208,-34.385],[137.719,-35.077],[136.829,-35.261],[137.352,-34.707],[137.504,-34.13],[137.89,-33.64],[137.81,-32.9],[136.997,-33.753],[136.372,-34.095],[135.989,-34.89],[135.208,-34.479],[135.239,-33.948],[134.613,-33.223],[134.086,-32.848],[134.274,-32.617],[132.991,-32.011],[132.288,-31.983],[131.326,-31.496],[129.536,-31.59],[128.241,-31.948],[127.103,-32.282],[126.149,-32.216],[125.089,-32.729],[124.222,-32.959],[124.029,-33.484],[123.66,-33.89],[122.811,-33.914],[122.183,-34.003],[121.299,-33.821],[120.58,-33.93],[119.894,-33.976],[119.299,-34.509],[119.007,-34.464],[118.506,-34.747],[118.025,-35.065],[117.296,-35.025],[116.625,-35.025],[115.564,-34.386],[115.027,-34.197],[115.049,-33.623],[115.545,-33.487],[115.715,-33.26],[115.679,-32.9],[115.802,-32.205],[115.69,-31.612],[115.161,-30.602],[114.997,-30.031],[115.04,-29.461],[114.642,-28.81],[114.616,-28.516],[114.174,-28.118],[114.049,-27.335],[113.477,-26.543],[113.339,-26.117],[113.778,-26.549],[113.441,-25.621],[113.937,-25.911],[114.233,-26.298],[114.216,-25.786],[113.721,-24.999],[113.625,-24.684],[113.394,-24.385],[113.502,-23.806],[113.707,-23.56],[113.843,-23.06],[113.737,-22.475],[114.15,-21.756],[114.225,-22.517],[114.648,-21.83],[115.46,-21.495],[115.947,-21.069],[116.712,-20.702],[117.166,-20.624],[117.442,-20.747],[118.23,-20.374],[118.836,-20.263],[118.988,-20.044],[119.252,-19.953],[119.805,-19.977],[120.856,-19.684],[121.4,-19.24],[121.655,-18.705],[122.242,-18.198],[122.287,-17.799],[122.313,-17.255],[123.013,-16.405],[123.434,-17.269],[123.859,-17.069],[123.503,-16.597],[123.817,-16.111],[124.258,-16.328],[124.38,-15.567],[124.926,-15.075],[125.167,-14.68],[125.67,-14.51],[125.686,-14.231],[126.125,-14.347],[126.143,-14.096],[126.583,-13.953],[127.066,-13.818],[127.805,-14.277],[128.36,-14.869],[128.986,-14.876],[129.621,-14.97],[129.41,-14.421],[129.889,-13.619],[130.339,-13.357],[130.184,-13.108],[130.618,-12.536],[131.223,-12.184],[131.735,-12.302],[132.575,-12.114],[132.557,-11.603],[131.825,-11.274],[132.357,-11.129],[133.02,-11.376],[133.551,-11.787],[134.393,-12.042],[134.679,-11.941],[135.298,-12.249],[135.883,-11.962],[136.258,-12.049],[136.492,-11.857],[136.952,-12.352],[136.685,-12.887],[136.305,-13.291],[135.962,-13.325],[136.078,-13.724],[135.784,-14.224],[135.429,-14.715],[135.5,-14.998],[136.295,-15.55],[137.065,-15.871],[137.58,-16.215],[138.303,-16.808],[138.585,-16.807],[139.109,-17.063],[139.261,-17.372],[140.215,-17.711],[140.875,-17.369],[141.071,-16.832],[141.274,-16.389],[141.398,-15.841],[141.702,-15.045],[141.563,-14.561],[141.636,-14.27],[141.52,-13.698],[141.651,-12.945],[141.843,-12.742],[141.687,-12.408],[141.929,-11.877],[142.118,-11.328],[142.144,-11.043],[142.515,-10.668],[142.797,-11.157],[142.867,-11.785],[143.116,-11.906],[143.159,-12.326],[143.522,-12.834],[143.597,-13.4],[143.562,-13.764]]]]}},{"type":"Feature","properties":{"ISO_A3":"AUT","NAME":"Austria"},"geometry":{"type":"Polygon","coordinates":[[[16.98,48.123],[16.904,47.715],[16.341,47.713],[16.534,47.496],[16.202,46.852],[16.012,46.684],[15.137,46.659],[14.632,46.432],[13.806,46.509],[12.376,46.768],[12.153,47.115],[11.165,46.942],[11.049,46.751],[10.443,46.894],[9.932,46.921],[9.48,47.103],[9.633,47.348],[9.594,47.525],[9.896,47.58],[10.402,47.302],[10.545,47.566],[11.426,47.524],[12.141,47.703],[12.621,47.672],[12.933,47.468],[13.026,47.638],[12.884,48.289],[13.243,48.416],[13.596,48.877],[14.339,48.555],[14.901,48.964],[15.253,49.039],[16.03,48.734],[16.499,48.786],[16.96,48.597],[16.88,48.47],[16.98,48.123]]]}},{"type":"Feature","properties":{"ISO_A3":"AZE","NAME":"Azerbaijan"},"geometry":{"type":"MultiPolygon","coordinates":[[[[46.506,38.771],[46.483,39.464],[46.035,39.628],[45.61,39.9],[45.892,40.218],[45.359,40.562],[45.56,40.812],[45.179,40.985],[44.972,41.248],[45.217,41.411],[45.963,41.124],[46.502,41.064],[46.638,41.182],[46.145,41.723],[46.405,41.861],[46.686,41.827],[47.373,41.22],[47.816,41.151],[47.987,41.406],[48.584,41.809],[49.11,41.282],[49.619,40.573],[50.085,40.526],[50.393,40.257],[49.569,40.176],[49.395,39.399],[49.223,39.049],[48.857,38.815],[48.883,38.32],[48.634,38.27],[48.011,38.794],[48.356,39.289],[48.06,39.582],[47.685,39.508],[46.506,38.771]]],[[[44.794,39.713],[45.002,39.74],[45.298,39.472],[45.74,39.474],[45.735,39.32],[46.144,38.741],[45.458,38.874],[44.953,39.336],[44.794,39.713]]]]}},{"type":"Feature","properties":{"ISO_A3":"BDI","NAME":"Burundi"},"geometry":{"type":"Polygon","coordinates":[[[29.34,-4.5],[29.276,-3.294],[29.025,-2.839],[29.632,-2.918],[29.938,-2.348],[30.47,-2.414],[30.528,-2.808],[30.743,-3.034],[30.752,-3.359],[30.506,-3.569],[30.116,-4.09],[29.754,-4.452],[29.34,-4.5]]]}},{"type":"Feature","properties":{"ISO_A3":"BEL","NAME":"Belgium"},"geometry":{"type":"Polygon","coordinates":[[[4.047,51.267],[4.974,51.475],[5.607,51.037],[6.157,50.804],[6.043,50.128],[5.782,50.09],[5.674,49.529],[4.799,49.985],[4.286,49.907],[3.588,50.379],[3.123,50.78],[2.658,50.797],[2.514,51.149],[3.315,51.346],[3.315,51.346],[3.315,51.346],[4.047,51.267]]]}},{"type":"Feature","properties":{"ISO_A3":"BEN","NAME":"Benin"},"geometry":{"type":"Polygon","coordinates":[[[2.692,6.259],[1.865,6.142],[1.619,6.832],[1.664,9.129],[1.463,9.335],[1.425,9.825],[1.078,10.176],[0.772,10.471],[0.9,10.997],[1.243,11.111],[1.447,11.548],[1.936,11.641],[2.154,11.94],[2.49,12.233],[2.849,12.236],[3.611,11.66],[3.572,11.328],[3.797,10.735],[3.6,10.332],[3.705,10.063],[3.22,9.444],[2.912,9.138],[2.724,8.507],[2.749,7.871],[2.692,6.259]]]}},{"type":"Feature","properties":{"ISO_A3":"BFA","NAME":"Burkina Faso"},"geometry":{"type":"Polygon","coordinates":[[[2.154,11.94],[1.936,11.641],[1.447,11.548],[1.243,11.111],[0.9,10.997],[0.024,11.019],[-0.439,11.098],[-0.762,10.937],[-1.203,11.01],[-2.94,10.963],[-2.964,10.395],[-2.827,9.642],[-3.512,9.9],[-3.98,9.862],[-4.33,9.611],[-4.78,9.822],[-4.955,10.153],[-5.404,10.371],[-5.471,10.951],[-5.198,11.375],[-5.221,11.714],[-4.427,12.543],[-4.28,13.228],[-4.006,13.472],[-3.523,13.338],[-3.104,13.541],[-2.968,13.798],[-2.192,14.246],[-2.001,14.559],[-1.066,14.974],[-0.516,15.116],[-0.266,14.924],[0.375,14.929],[0.296,14.444],[0.43,13.989],[0.993,13.336],[1.024,12.852],[2.177,12.625],[2.154,11.94]]]}},{"type":"Feature","properties":{"ISO_A3":"BGD","NAME":"Bangladesh"},"geometry":{"type":"MultiPolygon","coordinates":[[[[92.652,21.324],[92.303,21.476],[92.369,20.671],[92.083,21.192],[92.025,21.702],[91.835,22.183],[91.417,22.765],[90.496,22.805],[90.587,22.393],[90.273,21.836],[89.847,22.039],[89.702,21.857],[89.419,21.966],[89.057,22.05],[89.055,22.052],[89.059,22.093],[89.112,22.14],[89.113,22.142],[89.114,22.143],[89.115,22.145],[89.116,22.146],[89.117,22.148],[89.117,22.15],[89.118,22.152],[89.118,22.154],[89.118,22.156],[89.118,22.158],[89.117,22.16],[89.117,22.162],[89.116,22.164],[89.115,22.165],[89.114,22.167],[89.113,22.169],[89.112,22.17],[89.11,22.171],[89.108,22.172],[89.107,22.173],[89.105,22.174],[89.103,22.174],[89.101,22.175],[89.099,22.175],[89.097,22.175],[89.095,22.175],[89.093,22.174],[89.091,22.174],[89.091,22.197],[89.091,22.199],[89.09,22.201],[89.09,22.203],[89.089,22.205],[89.088,22.207],[89.087,22.208],[89.086,22.21],[89.03,22.276],[89.031,22.277],[89.033,22.278],[89.035,22.279],[89.036,22.28],[89.038,22.281],[89.039,22.282],[89.04,22.284],[89.041,22.285],[89.042,22.287],[89.043,22.289],[89.044,22.291],[89.044,22.293],[89.044,22.295],[89.044,22.297],[89.044,22.299],[89.044,22.3],[89.043,22.302],[89.043,22.304],[89.042,22.306],[89.041,22.308],[89.039,22.309],[89.038,22.31],[89.037,22.312],[89.006,22.335],[89.01,22.39],[89.01,22.392],[89.01,22.394],[89.01,22.396],[89.01,22.398],[89.009,22.399],[89.008,22.401],[89.007,22.403],[89.006,22.404],[89.005,22.406],[89.003,22.408],[89.011,22.413],[89.013,22.414],[89.014,22.415],[89.016,22.417],[89.017,22.418],[89.018,22.42],[89.019,22.422],[89.019,22.424],[89.02,22.426],[89.02,22.428],[89.02,22.43],[89.02,22.431],[89.016,22.471],[89.016,22.473],[89.015,22.476],[89.014,22.477],[88.979,22.558],[88.978,22.56],[88.977,22.562],[88.976,22.563],[88.975,22.564],[88.973,22.566],[88.972,22.567],[88.97,22.568],[88.969,22.569],[88.963,22.571],[88.979,22.608],[88.98,22.61],[88.98,22.612],[88.98,22.614],[88.98,22.616],[88.98,22.618],[88.98,22.62],[88.979,22.622],[88.979,22.624],[88.978,22.626],[88.977,22.627],[88.976,22.629],[88.974,22.63],[88.973,22.632],[88.971,22.633],[88.969,22.634],[88.968,22.635],[88.966,22.635],[88.964,22.636],[88.962,22.636],[88.951,22.637],[88.948,22.647],[88.978,22.681],[88.979,22.683],[88.98,22.685],[88.981,22.686],[88.981,22.688],[88.982,22.69],[88.982,22.692],[88.982,22.694],[88.982,22.696],[88.982,22.698],[88.981,22.7],[88.981,22.702],[88.98,22.704],[88.979,22.705],[88.978,22.707],[88.939,22.755],[88.972,22.782],[88.973,22.783],[88.974,22.785],[88.975,22.786],[88.976,22.788],[88.977,22.79],[88.978,22.791],[88.978,22.793],[88.988,22.841],[88.988,22.843],[88.989,22.845],[88.988,22.847],[88.988,22.849],[88.988,22.851],[88.987,22.852],[88.986,22.854],[88.985,22.856],[88.962,22.892],[88.961,22.893],[88.96,22.895],[88.958,22.896],[88.956,22.898],[88.955,22.898],[88.953,22.899],[88.951,22.9],[88.949,22.901],[88.947,22.901],[88.945,22.901],[88.925,22.9],[88.913,22.957],[88.913,22.958],[88.912,22.96],[88.912,22.962],[88.91,22.964],[88.909,22.965],[88.908,22.967],[88.907,22.968],[88.905,22.969],[88.903,22.97],[88.902,22.971],[88.9,22.971],[88.898,22.972],[88.896,22.972],[88.894,22.972],[88.892,22.972],[88.89,22.972],[88.89,22.972],[88.89,22.973],[88.891,22.975],[88.891,22.977],[88.891,22.979],[88.891,22.981],[88.891,22.983],[88.89,22.985],[88.889,22.987],[88.889,22.989],[88.888,22.989],[88.89,22.99],[88.891,22.991],[88.893,22.992],[88.894,22.993],[88.896,22.995],[88.897,22.996],[88.898,22.998],[88.899,23.0],[88.899,23.002],[88.9,23.003],[88.9,23.005],[88.9,23.007],[88.9,23.009],[88.89,23.091],[88.942,23.127],[88.944,23.128],[88.945,23.129],[88.946,23.13],[88.947,23.132],[88.948,23.133],[88.949,23.135],[88.95,23.137],[88.95,23.139],[88.956,23.165],[88.965,23.169],[88.967,23.167],[88.969,23.166],[88.971,23.165],[88.972,23.164],[88.974,23.163],[88.976,23.163],[88.978,23.163],[88.98,23.163],[88.982,23.163],[88.984,23.163],[88.986,23.163],[88.988,23.164],[88.99,23.165],[88.991,23.166],[88.993,23.167],[88.994,23.169],[88.996,23.17],[88.997,23.172],[88.998,23.173],[88.999,23.175],[88.999,23.177],[89.0,23.179],[89.0,23.181],[89.0,23.183],[89.0,23.195],[89.001,23.196],[89.003,23.196],[89.005,23.197],[89.006,23.198],[89.008,23.199],[89.009,23.2],[89.011,23.202],[89.012,23.203],[89.013,23.205],[89.014,23.207],[89.015,23.208],[89.015,23.21],[89.016,23.212],[89.016,23.214],[89.016,23.216],[89.016,23.218],[89.015,23.22],[89.015,23.222],[89.014,23.224],[89.013,23.225],[89.012,23.227],[89.011,23.228],[89.009,23.23],[89.008,23.231],[89.006,23.232],[89.004,23.233],[88.985,23.243],[88.983,23.243],[88.981,23.244],[88.979,23.244],[88.977,23.244],[88.975,23.244],[88.974,23.244],[88.972,23.244],[88.97,23.244],[88.968,23.243],[88.966,23.242],[88.94,23.227],[88.93,23.23],[88.926,23.243],[88.925,23.244],[88.924,23.246],[88.923,23.248],[88.922,23.249],[88.92,23.251],[88.919,23.252],[88.917,23.253],[88.916,23.254],[88.914,23.255],[88.912,23.255],[88.91,23.256],[88.908,23.256],[88.906,23.256],[88.836,23.254],[88.829,23.266],[88.828,23.268],[88.827,23.269],[88.825,23.271],[88.824,23.272],[88.822,23.273],[88.821,23.274],[88.819,23.275],[88.817,23.275],[88.815,23.276],[88.813,23.276],[88.811,23.276],[88.809,23.276],[88.807,23.276],[88.805,23.275],[88.804,23.275],[88.802,23.274],[88.8,23.273],[88.799,23.272],[88.797,23.27],[88.796,23.269],[88.795,23.267],[88.794,23.266],[88.793,23.264],[88.792,23.262],[88.792,23.26],[88.792,23.258],[88.791,23.256],[88.791,23.249],[88.785,23.257],[88.784,23.259],[88.782,23.26],[88.781,23.261],[88.779,23.262],[88.777,23.263],[88.775,23.264],[88.773,23.265],[88.744,23.27],[88.744,23.272],[88.744,23.274],[88.744,23.276],[88.743,23.277],[88.743,23.279],[88.742,23.281],[88.741,23.283],[88.74,23.284],[88.74,23.285],[88.741,23.286],[88.742,23.287],[88.743,23.288],[88.744,23.288],[88.746,23.288],[88.748,23.288],[88.75,23.288],[88.751,23.289],[88.753,23.289],[88.755,23.29],[88.757,23.291],[88.758,23.292],[88.76,23.294],[88.761,23.295],[88.762,23.297],[88.763,23.299],[88.764,23.3],[88.765,23.302],[88.765,23.304],[88.765,23.306],[88.766,23.308],[88.765,23.31],[88.765,23.312],[88.765,23.314],[88.756,23.341],[88.774,23.349],[88.775,23.35],[88.777,23.351],[88.779,23.352],[88.78,23.354],[88.781,23.355],[88.782,23.357],[88.783,23.359],[88.784,23.36],[88.785,23.362],[88.785,23.364],[88.785,23.366],[88.785,23.368],[88.785,23.37],[88.785,23.372],[88.784,23.374],[88.784,23.376],[88.771,23.402],[88.778,23.426],[88.792,23.423],[88.794,23.423],[88.796,23.423],[88.798,23.423],[88.8,23.424],[88.802,23.424],[88.804,23.425],[88.805,23.426],[88.807,23.427],[88.808,23.428],[88.81,23.429],[88.811,23.431],[88.812,23.432],[88.813,23.434],[88.814,23.436],[88.815,23.437],[88.815,23.439],[88.815,23.441],[88.821,23.495],[88.821,23.497],[88.821,23.499],[88.82,23.501],[88.82,23.503],[88.819,23.505],[88.819,23.506],[88.817,23.508],[88.816,23.51],[88.815,23.511],[88.814,23.512],[88.812,23.514],[88.798,23.524],[88.796,23.525],[88.794,23.526],[88.793,23.526],[88.791,23.527],[88.789,23.527],[88.787,23.527],[88.785,23.527],[88.783,23.527],[88.781,23.526],[88.779,23.526],[88.778,23.525],[88.776,23.524],[88.774,23.523],[88.773,23.522],[88.771,23.52],[88.77,23.519],[88.769,23.517],[88.768,23.515],[88.761,23.5],[88.754,23.5],[88.742,23.521],[88.741,23.523],[88.74,23.525],[88.739,23.526],[88.737,23.528],[88.735,23.529],[88.672,23.569],[88.666,23.612],[88.665,23.614],[88.665,23.616],[88.664,23.617],[88.663,23.619],[88.662,23.621],[88.661,23.622],[88.66,23.624],[88.658,23.625],[88.657,23.626],[88.655,23.627],[88.653,23.628],[88.652,23.628],[88.65,23.629],[88.648,23.629],[88.646,23.629],[88.644,23.629],[88.61,23.626],[88.613,23.634],[88.613,23.636],[88.614,23.638],[88.614,23.64],[88.614,23.642],[88.614,23.644],[88.613,23.646],[88.612,23.648],[88.612,23.65],[88.611,23.651],[88.61,23.653],[88.608,23.654],[88.607,23.656],[88.606,23.657],[88.604,23.658],[88.602,23.659],[88.6,23.66],[88.598,23.66],[88.582,23.664],[88.601,23.757],[88.601,23.759],[88.601,23.761],[88.601,23.763],[88.601,23.765],[88.6,23.767],[88.599,23.768],[88.599,23.77],[88.597,23.772],[88.596,23.773],[88.595,23.775],[88.587,23.782],[88.614,23.801],[88.615,23.802],[88.617,23.803],[88.618,23.805],[88.619,23.806],[88.62,23.808],[88.621,23.81],[88.621,23.812],[88.622,23.814],[88.622,23.816],[88.622,23.818],[88.622,23.82],[88.621,23.822],[88.621,23.824],[88.62,23.825],[88.619,23.827],[88.609,23.845],[88.669,23.85],[88.671,23.85],[88.673,23.85],[88.675,23.851],[88.677,23.852],[88.678,23.853],[88.68,23.854],[88.682,23.855],[88.683,23.857],[88.714,23.895],[88.73,23.892],[88.731,23.891],[88.734,23.891],[88.736,23.891],[88.737,23.892],[88.74,23.892],[88.741,23.893],[88.743,23.894],[88.745,23.895],[88.746,23.896],[88.748,23.897],[88.749,23.899],[88.75,23.9],[88.751,23.902],[88.752,23.904],[88.753,23.906],[88.753,23.908],[88.753,23.91],[88.757,23.962],[88.769,23.962],[88.771,23.962],[88.773,23.962],[88.775,23.963],[88.776,23.963],[88.778,23.964],[88.78,23.965],[88.781,23.966],[88.783,23.967],[88.784,23.969],[88.785,23.97],[88.787,23.972],[88.787,23.974],[88.788,23.975],[88.789,23.977],[88.789,23.979],[88.789,23.981],[88.789,23.983],[88.789,23.985],[88.789,23.987],[88.788,23.989],[88.788,23.991],[88.776,24.015],[88.775,24.017],[88.774,24.019],[88.773,24.02],[88.772,24.022],[88.77,24.023],[88.768,24.024],[88.767,24.025],[88.765,24.026],[88.763,24.026],[88.761,24.027],[88.759,24.027],[88.759,24.027],[88.76,24.03],[88.76,24.032],[88.761,24.034],[88.761,24.036],[88.761,24.038],[88.76,24.04],[88.76,24.042],[88.759,24.044],[88.759,24.044],[88.759,24.044],[88.76,24.046],[88.761,24.048],[88.762,24.05],[88.762,24.052],[88.762,24.054],[88.763,24.055],[88.762,24.058],[88.762,24.059],[88.762,24.061],[88.761,24.063],[88.76,24.065],[88.759,24.067],[88.727,24.114],[88.756,24.13],[88.757,24.131],[88.759,24.132],[88.76,24.133],[88.762,24.135],[88.763,24.136],[88.764,24.138],[88.765,24.14],[88.765,24.142],[88.766,24.143],[88.766,24.145],[88.766,24.147],[88.766,24.149],[88.766,24.151],[88.765,24.153],[88.764,24.155],[88.763,24.157],[88.751,24.178],[88.755,24.278],[88.755,24.28],[88.755,24.282],[88.755,24.284],[88.754,24.286],[88.754,24.288],[88.753,24.289],[88.752,24.291],[88.751,24.292],[88.749,24.294],[88.713,24.328],[88.711,24.329],[88.71,24.331],[88.708,24.331],[88.706,24.332],[88.704,24.333],[88.702,24.333],[88.7,24.334],[88.698,24.334],[88.697,24.334],[88.632,24.326],[88.577,24.346],[88.575,24.346],[88.573,24.347],[88.571,24.347],[88.569,24.347],[88.567,24.347],[88.565,24.346],[88.563,24.346],[88.561,24.345],[88.559,24.344],[88.558,24.343],[88.556,24.342],[88.555,24.34],[88.554,24.339],[88.553,24.338],[88.544,24.355],[88.543,24.356],[88.542,24.358],[88.54,24.359],[88.539,24.36],[88.538,24.361],[88.536,24.362],[88.534,24.363],[88.453,24.397],[88.451,24.398],[88.449,24.398],[88.447,24.399],[88.445,24.399],[88.342,24.401],[88.286,24.455],[88.284,24.456],[88.283,24.457],[88.281,24.458],[88.279,24.459],[88.278,24.46],[88.213,24.478],[88.156,24.525],[88.123,24.564],[88.303,24.861],[88.321,24.852],[88.323,24.852],[88.325,24.851],[88.327,24.851],[88.329,24.85],[88.331,24.85],[88.333,24.85],[88.335,24.851],[88.337,24.851],[88.339,24.852],[88.34,24.853],[88.342,24.854],[88.344,24.855],[88.345,24.857],[88.346,24.858],[88.363,24.88],[88.364,24.882],[88.365,24.884],[88.366,24.886],[88.367,24.888],[88.367,24.89],[88.367,24.892],[88.367,24.894],[88.367,24.896],[88.367,24.898],[88.366,24.9],[88.365,24.901],[88.792,25.155],[88.796,25.153],[88.798,25.152],[88.8,25.151],[88.802,25.151],[88.804,25.151],[88.806,25.151],[88.808,25.151],[88.809,25.151],[88.811,25.151],[88.813,25.152],[88.815,25.153],[88.817,25.154],[88.818,25.155],[88.82,25.156],[88.821,25.157],[88.844,25.184],[88.86,25.166],[88.862,25.165],[88.863,25.163],[88.864,25.162],[88.866,25.161],[88.868,25.161],[88.869,25.16],[88.917,25.146],[88.919,25.145],[88.921,25.145],[88.923,25.145],[88.925,25.145],[88.927,25.145],[88.928,25.146],[88.93,25.146],[88.932,25.147],[88.957,25.16],[88.959,25.161],[88.961,25.162],[88.962,25.163],[88.964,25.165],[88.965,25.166],[88.966,25.168],[88.967,25.17],[88.968,25.172],[88.968,25.173],[88.968,25.175],[88.969,25.177],[88.969,25.179],[88.968,25.181],[88.968,25.183],[88.967,25.185],[88.966,25.189],[88.967,25.189],[88.969,25.19],[88.971,25.191],[88.973,25.192],[88.974,25.193],[88.976,25.195],[88.977,25.196],[88.978,25.198],[88.979,25.199],[88.98,25.201],[88.981,25.203],[88.981,25.205],[88.981,25.207],[88.981,25.209],[88.981,25.211],[88.977,25.245],[88.988,25.252],[89.0,25.246],[89.002,25.245],[89.004,25.245],[89.006,25.245],[89.008,25.244],[89.01,25.244],[89.012,25.245],[89.014,25.245],[89.016,25.246],[89.017,25.247],[89.019,25.247],[89.021,25.249],[89.022,25.25],[89.023,25.251],[89.025,25.253],[89.026,25.255],[89.027,25.256],[89.027,25.258],[89.028,25.26],[89.028,25.262],[89.028,25.264],[89.029,25.303],[89.029,25.305],[89.029,25.307],[89.028,25.309],[89.028,25.311],[89.027,25.312],[89.026,25.314],[89.025,25.316],[89.023,25.317],[89.022,25.318],[89.02,25.32],[89.019,25.321],[89.017,25.321],[89.015,25.322],[89.013,25.323],[89.011,25.323],[89.009,25.323],[88.94,25.324],[88.923,25.349],[88.921,25.351],[88.92,25.352],[88.919,25.353],[88.917,25.355],[88.915,25.355],[88.914,25.356],[88.912,25.357],[88.91,25.357],[88.908,25.358],[88.906,25.358],[88.904,25.358],[88.902,25.357],[88.9,25.357],[88.898,25.356],[88.897,25.355],[88.887,25.35],[88.861,25.373],[88.861,25.397],[88.861,25.399],[88.86,25.401],[88.86,25.403],[88.859,25.405],[88.858,25.407],[88.857,25.409],[88.856,25.41],[88.854,25.412],[88.853,25.413],[88.851,25.414],[88.849,25.415],[88.841,25.419],[88.857,25.448],[88.858,25.45],[88.858,25.452],[88.859,25.454],[88.859,25.456],[88.859,25.458],[88.859,25.46],[88.859,25.462],[88.858,25.464],[88.858,25.466],[88.829,25.531],[88.828,25.533],[88.827,25.535],[88.826,25.537],[88.824,25.538],[88.823,25.539],[88.821,25.54],[88.819,25.541],[88.817,25.542],[88.815,25.543],[88.813,25.543],[88.811,25.543],[88.761,25.546],[88.759,25.546],[88.757,25.545],[88.755,25.545],[88.753,25.544],[88.751,25.544],[88.749,25.543],[88.748,25.541],[88.746,25.54],[88.745,25.539],[88.744,25.537],[88.743,25.536],[88.742,25.534],[88.741,25.532],[88.74,25.53],[88.74,25.528],[88.74,25.526],[88.74,25.524],[88.74,25.522],[88.74,25.52],[88.741,25.519],[88.708,25.52],[88.706,25.52],[88.704,25.52],[88.703,25.519],[88.701,25.519],[88.699,25.518],[88.697,25.517],[88.696,25.516],[88.694,25.515],[88.693,25.514],[88.692,25.512],[88.691,25.511],[88.69,25.509],[88.689,25.507],[88.688,25.506],[88.685,25.493],[88.668,25.495],[88.668,25.497],[88.668,25.499],[88.668,25.501],[88.668,25.503],[88.667,25.505],[88.666,25.507],[88.665,25.508],[88.664,25.51],[88.662,25.511],[88.661,25.513],[88.659,25.514],[88.657,25.515],[88.618,25.534],[88.616,25.535],[88.614,25.536],[88.612,25.536],[88.611,25.536],[88.609,25.536],[88.607,25.536],[88.556,25.53],[88.553,25.546],[88.552,25.548],[88.552,25.55],[88.551,25.552],[88.55,25.553],[88.549,25.555],[88.547,25.556],[88.546,25.558],[88.544,25.559],[88.543,25.56],[88.541,25.561],[88.517,25.571],[88.519,25.579],[88.52,25.581],[88.52,25.583],[88.52,25.585],[88.52,25.587],[88.519,25.589],[88.519,25.591],[88.518,25.593],[88.517,25.594],[88.516,25.596],[88.515,25.598],[88.513,25.599],[88.512,25.6],[88.51,25.601],[88.508,25.602],[88.506,25.603],[88.504,25.604],[88.466,25.612],[88.474,25.662],[88.474,25.664],[88.474,25.666],[88.474,25.668],[88.473,25.67],[88.473,25.672],[88.472,25.674],[88.471,25.675],[88.47,25.677],[88.469,25.678],[88.467,25.68],[88.466,25.681],[88.464,25.682],[88.462,25.683],[88.46,25.684],[88.459,25.684],[88.457,25.685],[88.41,25.692],[88.393,25.705],[88.394,25.714],[88.394,25.716],[88.394,25.718],[88.394,25.72],[88.394,25.722],[88.393,25.724],[88.392,25.725],[88.392,25.727],[88.391,25.729],[88.389,25.73],[88.388,25.732],[88.386,25.733],[88.385,25.734],[88.288,25.793],[88.289,25.806],[88.289,25.808],[88.289,25.81],[88.289,25.812],[88.289,25.814],[88.288,25.816],[88.287,25.817],[88.286,25.819],[88.285,25.82],[88.284,25.822],[88.283,25.823],[88.281,25.825],[88.28,25.826],[88.278,25.826],[88.276,25.827],[88.274,25.828],[88.272,25.828],[88.27,25.828],[88.242,25.83],[88.505,26.335],[88.528,26.34],[88.53,26.34],[88.532,26.341],[88.534,26.342],[88.535,26.343],[88.537,26.344],[88.538,26.345],[88.54,26.347],[88.541,26.348],[88.542,26.35],[88.543,26.352],[88.543,26.353],[88.544,26.355],[88.544,26.357],[88.544,26.359],[88.544,26.361],[88.544,26.363],[88.543,26.365],[88.543,26.367],[88.534,26.39],[88.558,26.437],[88.588,26.43],[88.59,26.43],[88.592,26.43],[88.593,26.43],[88.609,26.421],[88.61,26.42],[88.612,26.419],[88.614,26.418],[88.615,26.417],[88.617,26.416],[88.621,26.415],[88.65,26.399],[88.65,26.399],[88.65,26.397],[88.65,26.395],[88.65,26.393],[88.651,26.391],[88.651,26.389],[88.652,26.387],[88.653,26.386],[88.655,26.384],[88.656,26.383],[88.657,26.381],[88.659,26.38],[88.661,26.379],[88.661,26.379],[88.661,26.378],[88.661,26.377],[88.662,26.375],[88.662,26.373],[88.663,26.371],[88.678,26.34],[88.674,26.34],[88.672,26.34],[88.67,26.34],[88.668,26.339],[88.667,26.338],[88.665,26.337],[88.663,26.336],[88.662,26.335],[88.66,26.334],[88.659,26.332],[88.658,26.331],[88.657,26.329],[88.656,26.327],[88.656,26.325],[88.655,26.323],[88.655,26.321],[88.655,26.319],[88.655,26.317],[88.656,26.315],[88.656,26.314],[88.656,26.313],[88.654,26.312],[88.653,26.311],[88.652,26.309],[88.651,26.307],[88.65,26.306],[88.649,26.304],[88.648,26.302],[88.648,26.3],[88.648,26.298],[88.646,26.264],[88.646,26.262],[88.646,26.26],[88.647,26.258],[88.647,26.256],[88.648,26.254],[88.649,26.253],[88.65,26.251],[88.651,26.25],[88.653,26.248],[88.654,26.247],[88.656,26.246],[88.657,26.245],[88.659,26.244],[88.661,26.244],[88.663,26.243],[88.665,26.243],[88.667,26.243],[88.669,26.243],[88.671,26.243],[88.673,26.244],[88.751,26.27],[88.753,26.271],[88.755,26.272],[88.756,26.273],[88.758,26.274],[88.759,26.276],[88.761,26.277],[88.762,26.279],[88.763,26.281],[88.763,26.283],[88.764,26.285],[88.764,26.287],[88.765,26.291],[88.788,26.29],[88.797,26.284],[88.793,26.259],[88.793,26.256],[88.793,26.254],[88.793,26.252],[88.794,26.25],[88.794,26.248],[88.795,26.247],[88.796,26.245],[88.797,26.243],[88.799,26.242],[88.8,26.24],[88.828,26.216],[88.83,26.215],[88.832,26.213],[88.833,26.213],[88.835,26.212],[88.837,26.211],[88.839,26.211],[88.841,26.211],[88.843,26.211],[88.879,26.214],[88.881,26.214],[88.883,26.214],[88.885,26.215],[88.887,26.216],[88.889,26.217],[88.89,26.218],[88.892,26.219],[88.893,26.221],[88.894,26.222],[88.895,26.224],[88.896,26.226],[88.897,26.227],[88.897,26.229],[88.898,26.231],[88.898,26.233],[88.898,26.235],[88.897,26.237],[88.897,26.239],[88.896,26.241],[88.888,26.263],[88.895,26.266],[88.929,26.247],[88.943,26.228],[88.944,26.227],[88.945,26.225],[88.947,26.224],[88.948,26.223],[88.95,26.222],[88.952,26.221],[88.954,26.221],[88.956,26.221],[88.957,26.22],[88.959,26.22],[88.977,26.221],[89.136,26.134],[89.136,26.134],[89.136,26.132],[89.137,26.13],[89.138,26.129],[89.139,26.127],[89.14,26.125],[89.141,26.124],[89.143,26.123],[89.144,26.122],[89.146,26.121],[89.148,26.12],[89.15,26.119],[89.151,26.119],[89.171,26.115],[89.238,26.078],[89.236,26.072],[89.235,26.07],[89.234,26.068],[89.234,26.066],[89.234,26.064],[89.234,26.062],[89.234,26.06],[89.235,26.058],[89.235,26.057],[89.236,26.055],[89.237,26.053],[89.238,26.052],[89.24,26.05],[89.241,26.049],[89.242,26.048],[89.244,26.047],[89.246,26.046],[89.248,26.045],[89.249,26.045],[89.251,26.044],[89.253,26.044],[89.255,26.044],[89.256,26.044],[89.257,26.043],[89.257,26.041],[89.258,26.039],[89.259,26.038],[89.261,26.036],[89.262,26.035],[89.263,26.033],[89.265,26.032],[89.267,26.031],[89.269,26.03],[89.271,26.03],[89.273,26.029],[89.275,26.029],[89.277,26.029],[89.294,26.03],[89.344,25.992],[89.346,25.991],[89.348,25.99],[89.35,25.989],[89.352,25.988],[89.354,25.988],[89.356,25.988],[89.392,25.986],[89.394,25.986],[89.396,25.987],[89.398,25.987],[89.4,25.988],[89.402,25.988],[89.404,25.989],[89.405,25.991],[89.407,25.992],[89.408,25.993],[89.409,25.995],[89.414,26.001],[89.415,25.999],[89.416,25.998],[89.417,25.996],[89.419,25.995],[89.42,25.994],[89.422,25.993],[89.424,25.992],[89.426,25.992],[89.428,25.991],[89.43,25.991],[89.52,25.987],[89.52,25.971],[89.52,25.969],[89.52,25.967],[89.521,25.965],[89.521,25.963],[89.522,25.961],[89.523,25.959],[89.524,25.958],[89.526,25.956],[89.527,25.955],[89.529,25.954],[89.53,25.953],[89.532,25.952],[89.534,25.951],[89.536,25.951],[89.538,25.95],[89.54,25.95],[89.577,25.949],[89.579,25.949],[89.581,25.949],[89.583,25.95],[89.585,25.95],[89.586,25.951],[89.588,25.952],[89.59,25.953],[89.591,25.955],[89.593,25.956],[89.594,25.958],[89.595,25.959],[89.596,25.961],[89.596,25.963],[89.597,25.965],[89.597,25.967],[89.597,25.969],[89.598,25.989],[89.82,25.966],[89.813,25.961],[89.812,25.96],[89.81,25.959],[89.809,25.957],[89.808,25.955],[89.807,25.953],[89.806,25.952],[89.806,25.95],[89.805,25.948],[89.805,25.946],[89.805,25.944],[89.806,25.942],[89.806,25.94],[89.807,25.938],[89.808,25.936],[89.809,25.934],[89.81,25.933],[89.811,25.931],[89.812,25.93],[89.814,25.929],[89.816,25.928],[89.818,25.927],[89.819,25.926],[89.821,25.926],[89.823,25.926],[89.825,25.925],[89.838,25.925],[89.839,25.914],[89.816,25.883],[89.815,25.881],[89.814,25.88],[89.814,25.878],[89.813,25.876],[89.797,25.821],[89.797,25.819],[89.796,25.817],[89.796,25.815],[89.797,25.813],[89.797,25.811],[89.797,25.809],[89.798,25.807],[89.819,25.761],[89.809,25.741],[89.809,25.739],[89.808,25.737],[89.808,25.735],[89.807,25.733],[89.807,25.731],[89.808,25.729],[89.808,25.727],[89.809,25.725],[89.809,25.724],[89.81,25.722],[89.811,25.72],[89.813,25.719],[89.814,25.717],[89.834,25.7],[89.862,25.617],[89.8,25.387],[89.8,25.385],[89.8,25.383],[89.8,25.381],[89.8,25.38],[89.8,25.378],[89.819,25.289],[89.819,25.287],[89.82,25.285],[89.821,25.284],[89.822,25.282],[89.823,25.28],[89.824,25.279],[89.826,25.278],[89.827,25.277],[89.829,25.276],[89.831,25.275],[89.832,25.274],[89.834,25.274],[89.836,25.273],[89.838,25.273],[89.84,25.273],[89.919,25.28],[89.921,25.27],[89.974,25.262],[90.111,25.205],[90.113,25.204],[90.114,25.204],[90.116,25.203],[90.325,25.174],[90.433,25.126],[90.435,25.126],[90.436,25.125],[90.438,25.125],[90.44,25.125],[90.442,25.125],[90.444,25.125],[90.446,25.125],[90.448,25.126],[90.45,25.127],[90.513,25.157],[90.641,25.155],[90.643,25.155],[90.645,25.155],[90.647,25.156],[90.648,25.156],[90.649,25.155],[90.65,25.154],[90.652,25.152],[90.653,25.151],[90.654,25.15],[90.656,25.148],[90.658,25.148],[90.66,25.147],[90.661,25.146],[90.663,25.146],[90.665,25.146],[90.667,25.146],[90.669,25.146],[90.671,25.146],[90.673,25.147],[90.674,25.148],[90.686,25.153],[90.725,25.137],[90.727,25.136],[90.729,25.136],[90.731,25.135],[90.733,25.135],[90.735,25.135],[90.737,25.136],[90.739,25.136],[90.741,25.137],[90.743,25.137],[90.744,25.138],[90.76,25.149],[90.872,25.133],[91.416,25.141],[91.45,25.135],[91.451,25.132],[91.451,25.13],[91.451,25.128],[91.452,25.126],[91.453,25.124],[91.454,25.123],[91.455,25.121],[91.456,25.12],[91.458,25.118],[91.459,25.117],[91.461,25.116],[91.463,25.116],[91.465,25.115],[91.466,25.114],[91.468,25.114],[91.47,25.114],[91.472,25.114],[91.474,25.114],[91.476,25.115],[91.573,25.144],[91.582,25.144],[91.582,25.143],[91.582,25.141],[91.582,25.139],[91.583,25.137],[91.583,25.136],[91.584,25.134],[91.585,25.132],[91.586,25.131],[91.588,25.129],[91.589,25.128],[91.59,25.127],[91.592,25.125],[91.628,25.105],[91.63,25.104],[91.632,25.104],[91.633,25.103],[91.635,25.103],[91.637,25.103],[91.639,25.103],[91.641,25.103],[91.643,25.103],[91.697,25.118],[91.699,25.119],[91.701,25.119],[91.703,25.12],[91.704,25.122],[91.706,25.123],[91.707,25.125],[91.709,25.126],[91.71,25.128],[91.712,25.134],[91.739,25.122],[91.741,25.122],[91.743,25.121],[91.745,25.121],[91.746,25.12],[91.748,25.121],[91.75,25.121],[91.752,25.121],[91.754,25.122],[91.756,25.123],[91.757,25.123],[91.759,25.125],[91.76,25.126],[91.762,25.127],[91.763,25.129],[91.764,25.13],[91.765,25.132],[91.766,25.134],[91.766,25.136],[91.767,25.138],[91.768,25.145],[91.768,25.145],[91.77,25.144],[91.772,25.144],[91.774,25.143],[91.776,25.143],[91.778,25.143],[91.802,25.147],[92.376,24.977],[92.341,24.912],[92.311,24.933],[92.309,24.934],[92.307,24.934],[92.305,24.935],[92.303,24.936],[92.301,24.936],[92.299,24.936],[92.297,24.936],[92.295,24.936],[92.227,24.92],[92.225,24.919],[92.224,24.919],[92.222,24.918],[92.22,24.916],[92.219,24.915],[92.217,24.914],[92.216,24.912],[92.215,24.911],[92.214,24.909],[92.213,24.907],[92.212,24.905],[92.212,24.903],[92.212,24.901],[92.212,24.899],[92.212,24.897],[92.212,24.895],[92.213,24.893],[92.214,24.892],[92.215,24.89],[92.216,24.888],[92.217,24.887],[92.219,24.885],[92.227,24.878],[92.222,24.845],[92.221,24.843],[92.221,24.841],[92.222,24.839],[92.222,24.837],[92.223,24.835],[92.223,24.834],[92.224,24.832],[92.225,24.83],[92.227,24.829],[92.228,24.827],[92.23,24.826],[92.231,24.825],[92.233,24.824],[92.257,24.813],[92.268,24.786],[92.265,24.772],[92.06,24.396],[91.972,24.405],[91.97,24.405],[91.968,24.405],[91.966,24.404],[91.964,24.404],[91.962,24.403],[91.96,24.402],[91.959,24.401],[91.957,24.4],[91.956,24.399],[91.954,24.397],[91.953,24.396],[91.952,24.394],[91.951,24.392],[91.951,24.39],[91.95,24.389],[91.95,24.387],[91.95,24.385],[91.95,24.383],[91.95,24.381],[91.951,24.379],[91.951,24.377],[91.952,24.376],[91.95,24.375],[91.948,24.374],[91.911,24.355],[91.909,24.354],[91.907,24.353],[91.906,24.351],[91.904,24.35],[91.903,24.348],[91.902,24.347],[91.901,24.345],[91.901,24.343],[91.9,24.341],[91.9,24.339],[91.9,24.337],[91.9,24.335],[91.9,24.333],[91.901,24.331],[91.92,24.268],[91.892,24.174],[91.867,24.198],[91.87,24.221],[91.87,24.223],[91.871,24.224],[91.87,24.226],[91.87,24.228],[91.87,24.23],[91.869,24.232],[91.868,24.234],[91.867,24.235],[91.866,24.237],[91.864,24.238],[91.863,24.239],[91.861,24.241],[91.86,24.241],[91.858,24.242],[91.856,24.243],[91.854,24.243],[91.852,24.244],[91.85,24.244],[91.849,24.244],[91.847,24.243],[91.845,24.243],[91.843,24.242],[91.818,24.232],[91.754,24.265],[91.752,24.266],[91.75,24.267],[91.749,24.267],[91.747,24.267],[91.745,24.267],[91.743,24.267],[91.741,24.267],[91.739,24.267],[91.737,24.266],[91.736,24.265],[91.734,24.264],[91.732,24.263],[91.731,24.262],[91.73,24.26],[91.728,24.259],[91.727,24.257],[91.726,24.255],[91.726,24.254],[91.725,24.252],[91.725,24.25],[91.725,24.248],[91.725,24.246],[91.725,24.244],[91.738,24.169],[91.704,24.179],[91.685,24.239],[91.684,24.241],[91.683,24.243],[91.682,24.245],[91.681,24.246],[91.68,24.248],[91.678,24.249],[91.677,24.25],[91.675,24.251],[91.674,24.252],[91.672,24.253],[91.67,24.253],[91.668,24.253],[91.666,24.253],[91.664,24.253],[91.662,24.253],[91.66,24.253],[91.658,24.252],[91.656,24.251],[91.655,24.25],[91.653,24.249],[91.635,24.234],[91.634,24.233],[91.632,24.232],[91.631,24.23],[91.63,24.228],[91.629,24.226],[91.629,24.224],[91.628,24.223],[91.628,24.221],[91.628,24.219],[91.628,24.217],[91.628,24.215],[91.629,24.213],[91.629,24.211],[91.638,24.19],[91.617,24.147],[91.616,24.145],[91.615,24.144],[91.615,24.142],[91.615,24.14],[91.615,24.138],[91.615,24.136],[91.616,24.121],[91.593,24.117],[91.591,24.117],[91.589,24.116],[91.587,24.115],[91.585,24.114],[91.584,24.113],[91.582,24.112],[91.581,24.111],[91.58,24.11],[91.579,24.108],[91.578,24.106],[91.577,24.105],[91.574,24.096],[91.417,24.135],[91.415,24.136],[91.413,24.136],[91.412,24.136],[91.41,24.136],[91.408,24.135],[91.37,24.127],[91.368,24.127],[91.367,24.126],[91.365,24.125],[91.363,24.124],[91.362,24.123],[91.36,24.122],[91.359,24.12],[91.358,24.119],[91.357,24.117],[91.356,24.115],[91.355,24.113],[91.355,24.112],[91.355,24.11],[91.355,24.108],[91.355,24.106],[91.355,24.104],[91.355,24.102],[91.356,24.1],[91.375,24.051],[91.355,24.012],[91.355,24.01],[91.354,24.008],[91.353,24.006],[91.353,24.004],[91.353,24.004],[91.31,24.017],[91.308,24.018],[91.306,24.018],[91.304,24.018],[91.302,24.018],[91.3,24.018],[91.298,24.017],[91.296,24.017],[91.294,24.016],[91.293,24.015],[91.291,24.014],[91.29,24.012],[91.288,24.011],[91.287,24.009],[91.286,24.007],[91.285,24.005],[91.285,24.003],[91.284,24.003],[91.283,24.003],[91.281,24.002],[91.279,24.002],[91.277,24.001],[91.275,24.0],[91.274,23.999],[91.272,23.998],[91.271,23.997],[91.269,23.995],[91.268,23.994],[91.267,23.992],[91.247,23.954],[91.246,23.952],[91.245,23.95],[91.245,23.948],[91.244,23.946],[91.244,23.946],[91.235,23.947],[91.233,23.947],[91.231,23.947],[91.229,23.947],[91.227,23.946],[91.225,23.946],[91.223,23.945],[91.222,23.944],[91.22,23.943],[91.219,23.941],[91.217,23.94],[91.216,23.938],[91.215,23.937],[91.214,23.935],[91.214,23.933],[91.213,23.931],[91.213,23.929],[91.213,23.927],[91.213,23.925],[91.213,23.923],[91.214,23.921],[91.214,23.92],[91.215,23.918],[91.216,23.916],[91.217,23.915],[91.219,23.913],[91.222,23.91],[91.212,23.89],[91.211,23.888],[91.21,23.887],[91.21,23.885],[91.21,23.883],[91.21,23.881],[91.21,23.879],[91.21,23.877],[91.211,23.875],[91.211,23.873],[91.212,23.871],[91.232,23.835],[91.209,23.767],[91.208,23.768],[91.206,23.769],[91.204,23.77],[91.202,23.77],[91.2,23.771],[91.198,23.771],[91.196,23.771],[91.194,23.771],[91.192,23.771],[91.153,23.762],[91.151,23.761],[91.149,23.761],[91.147,23.76],[91.146,23.759],[91.144,23.757],[91.143,23.756],[91.141,23.755],[91.14,23.753],[91.139,23.751],[91.138,23.749],[91.138,23.747],[91.137,23.746],[91.137,23.744],[91.133,23.69],[91.133,23.688],[91.134,23.686],[91.134,23.684],[91.135,23.682],[91.135,23.68],[91.136,23.679],[91.137,23.677],[91.137,23.677],[91.137,23.676],[91.136,23.674],[91.136,23.672],[91.136,23.67],[91.14,23.61],[91.14,23.608],[91.14,23.606],[91.141,23.604],[91.141,23.602],[91.142,23.601],[91.177,23.538],[91.177,23.537],[91.159,23.503],[91.25,23.417],[91.272,23.345],[91.273,23.343],[91.273,23.341],[91.275,23.34],[91.276,23.338],[91.277,23.337],[91.278,23.336],[91.274,23.33],[91.273,23.329],[91.272,23.327],[91.271,23.325],[91.27,23.323],[91.27,23.321],[91.27,23.319],[91.27,23.317],[91.27,23.315],[91.271,23.313],[91.271,23.311],[91.272,23.309],[91.273,23.308],[91.274,23.306],[91.276,23.305],[91.277,23.303],[91.279,23.302],[91.281,23.301],[91.282,23.3],[91.282,23.3],[91.281,23.298],[91.281,23.296],[91.28,23.294],[91.28,23.292],[91.28,23.291],[91.281,23.289],[91.281,23.287],[91.282,23.285],[91.282,23.283],[91.284,23.282],[91.306,23.247],[91.303,23.159],[91.303,23.157],[91.304,23.155],[91.304,23.152],[91.305,23.15],[91.329,23.095],[91.329,23.093],[91.331,23.091],[91.332,23.089],[91.333,23.088],[91.382,23.042],[91.383,23.04],[91.385,23.039],[91.387,23.038],[91.388,23.038],[91.39,23.037],[91.392,23.037],[91.394,23.036],[91.396,23.036],[91.398,23.036],[91.4,23.037],[91.401,23.037],[91.403,23.038],[91.425,23.046],[91.426,23.047],[91.428,23.048],[91.43,23.049],[91.431,23.05],[91.433,23.052],[91.434,23.053],[91.435,23.055],[91.436,23.057],[91.436,23.059],[91.437,23.061],[91.437,23.063],[91.437,23.065],[91.437,23.067],[91.437,23.069],[91.436,23.071],[91.401,23.184],[91.417,23.236],[91.419,23.236],[91.421,23.236],[91.429,23.237],[91.43,23.235],[91.431,23.233],[91.432,23.232],[91.433,23.23],[91.434,23.23],[91.433,23.229],[91.432,23.227],[91.431,23.225],[91.431,23.223],[91.431,23.221],[91.43,23.219],[91.431,23.217],[91.431,23.215],[91.431,23.213],[91.432,23.212],[91.433,23.21],[91.434,23.208],[91.435,23.206],[91.436,23.205],[91.438,23.204],[91.439,23.203],[91.441,23.202],[91.443,23.201],[91.445,23.2],[91.451,23.198],[91.451,23.197],[91.451,23.195],[91.451,23.193],[91.451,23.191],[91.452,23.19],[91.453,23.188],[91.454,23.186],[91.455,23.184],[91.456,23.183],[91.457,23.182],[91.459,23.18],[91.461,23.179],[91.462,23.178],[91.464,23.178],[91.477,23.173],[91.474,23.169],[91.473,23.167],[91.472,23.165],[91.472,23.163],[91.471,23.161],[91.471,23.159],[91.471,23.157],[91.471,23.155],[91.471,23.154],[91.472,23.152],[91.473,23.15],[91.473,23.148],[91.474,23.146],[91.476,23.145],[91.477,23.143],[91.478,23.142],[91.48,23.141],[91.482,23.14],[91.485,23.138],[91.484,23.137],[91.484,23.135],[91.483,23.133],[91.483,23.131],[91.483,23.129],[91.484,23.127],[91.484,23.125],[91.485,23.123],[91.486,23.121],[91.487,23.119],[91.51,23.085],[91.51,23.038],[91.51,23.036],[91.511,23.034],[91.511,23.032],[91.512,23.031],[91.513,23.029],[91.514,23.027],[91.515,23.026],[91.516,23.024],[91.518,23.023],[91.519,23.022],[91.521,23.021],[91.523,23.02],[91.525,23.019],[91.526,23.019],[91.523,23.004],[91.523,23.002],[91.522,23.0],[91.523,22.998],[91.523,22.996],[91.523,22.994],[91.524,22.992],[91.525,22.99],[91.526,22.989],[91.527,22.987],[91.528,22.986],[91.562,22.951],[91.564,22.95],[91.566,22.948],[91.567,22.948],[91.569,22.947],[91.571,22.946],[91.573,22.945],[91.575,22.945],[91.577,22.945],[91.579,22.945],[91.581,22.946],[91.593,22.948],[91.6,22.93],[91.601,22.929],[91.602,22.927],[91.603,22.925],[91.604,22.924],[91.605,22.922],[91.607,22.921],[91.609,22.92],[91.61,22.919],[91.612,22.918],[91.614,22.918],[91.616,22.918],[91.618,22.917],[91.62,22.917],[91.622,22.918],[91.624,22.918],[91.626,22.919],[91.627,22.919],[91.629,22.92],[91.631,22.922],[91.632,22.923],[91.634,22.924],[91.635,22.926],[91.636,22.927],[91.657,22.965],[91.721,22.968],[91.723,22.968],[91.725,22.968],[91.727,22.969],[91.729,22.97],[91.731,22.971],[91.733,22.972],[91.734,22.973],[91.736,22.974],[91.769,23.012],[91.771,23.011],[91.773,23.011],[91.775,23.01],[91.776,23.009],[91.778,23.009],[91.78,23.009],[91.782,23.009],[91.784,23.009],[91.786,23.01],[91.788,23.011],[91.79,23.012],[91.792,23.013],[91.793,23.014],[91.795,23.015],[91.796,23.017],[91.797,23.018],[91.798,23.02],[91.799,23.022],[91.799,23.024],[91.8,23.026],[91.8,23.028],[91.8,23.03],[91.8,23.032],[91.798,23.045],[91.803,23.044],[91.805,23.044],[91.806,23.043],[91.808,23.044],[91.81,23.044],[91.812,23.044],[91.814,23.045],[91.816,23.046],[91.817,23.047],[91.819,23.048],[91.82,23.049],[91.85,23.078],[91.851,23.08],[91.852,23.081],[91.853,23.083],[91.854,23.085],[91.855,23.087],[91.855,23.088],[91.856,23.09],[91.856,23.093],[91.856,23.095],[91.855,23.096],[91.855,23.098],[91.854,23.1],[91.853,23.102],[91.852,23.104],[91.851,23.105],[91.85,23.107],[91.848,23.108],[91.846,23.109],[91.845,23.11],[91.843,23.111],[91.841,23.112],[91.832,23.114],[91.83,23.166],[91.83,23.168],[91.829,23.17],[91.829,23.172],[91.785,23.294],[91.838,23.339],[91.839,23.34],[91.841,23.341],[91.842,23.343],[91.843,23.345],[91.844,23.347],[91.861,23.393],[91.904,23.42],[91.941,23.416],[91.943,23.416],[91.945,23.416],[91.947,23.416],[91.949,23.416],[91.951,23.417],[91.952,23.418],[91.954,23.419],[91.956,23.42],[91.957,23.421],[91.959,23.423],[91.96,23.424],[91.961,23.426],[91.962,23.428],[91.962,23.43],[91.963,23.431],[91.963,23.433],[91.963,23.435],[91.963,23.437],[91.963,23.439],[91.96,23.453],[91.977,23.459],[91.979,23.46],[91.981,23.461],[91.982,23.462],[91.984,23.463],[91.985,23.465],[91.986,23.466],[91.987,23.468],[91.989,23.47],[91.989,23.472],[91.99,23.474],[91.99,23.476],[91.99,23.478],[91.99,23.48],[91.99,23.482],[91.965,23.625],[92.043,23.626],[92.043,23.626],[92.045,23.626],[92.047,23.626],[92.049,23.626],[92.056,23.627],[92.146,23.628],[92.359,22.985],[92.352,22.94],[92.352,22.938],[92.351,22.936],[92.352,22.934],[92.352,22.932],[92.352,22.93],[92.353,22.928],[92.354,22.927],[92.355,22.925],[92.356,22.924],[92.357,22.922],[92.359,22.921],[92.388,22.896],[92.389,22.895],[92.532,22.466],[92.532,22.409],[92.532,22.407],[92.533,22.404],[92.589,22.163],[92.589,22.161],[92.588,22.161],[92.587,22.162],[92.585,22.162],[92.583,22.163],[92.581,22.163],[92.579,22.163],[92.577,22.163],[92.575,22.163],[92.573,22.162],[92.572,22.161],[92.57,22.16],[92.568,22.159],[92.567,22.158],[92.549,22.143],[92.548,22.142],[92.546,22.14],[92.545,22.139],[92.544,22.137],[92.543,22.135],[92.543,22.133],[92.543,22.131],[92.542,22.129],[92.542,22.127],[92.542,22.125],[92.543,22.123],[92.543,22.121],[92.544,22.119],[92.545,22.117],[92.582,22.056],[92.582,21.978],[92.583,21.976],[92.583,21.974],[92.583,21.972],[92.584,21.971],[92.585,21.969],[92.586,21.967],[92.587,21.966],[92.588,21.964],[92.59,21.963],[92.591,21.962],[92.593,21.961],[92.594,21.96],[92.596,21.959],[92.598,21.959],[92.6,21.958],[92.602,21.958],[92.604,21.958],[92.606,21.958],[92.638,21.964],[92.64,21.964],[92.642,21.965],[92.644,21.966],[92.645,21.967],[92.647,21.968],[92.649,21.969],[92.65,21.971],[92.651,21.973],[92.652,21.974],[92.663,21.994],[92.671,21.993],[92.652,21.324]]]]}},{"type":"Feature","properties":{"ISO_A3":"BGR","NAME":"Bulgaria"},"geometry":{"type":"Polygon","coordinates":[[[22.657,44.235],[22.945,43.824],[23.332,43.897],[24.101,43.741],[25.569,43.688],[26.065,43.943],[27.242,44.176],[27.97,43.812],[28.558,43.707],[28.039,43.293],[27.674,42.578],[27.997,42.007],[27.136,42.141],[26.117,41.827],[26.106,41.329],[25.197,41.234],[24.493,41.584],[23.692,41.309],[22.952,41.338],[22.881,41.999],[22.381,42.32],[22.545,42.461],[22.437,42.58],[22.605,42.899],[22.986,43.211],[22.5,43.643],[22.41,44.008],[22.657,44.235]]]}},{"type":"Feature","properties":{"ISO_A3":"BHS","NAME":"Bahamas"},"geometry":{"type":"MultiPolygon","coordinates":[[[[-77.535,23.76],[-77.78,23.71],[-78.034,24.286],[-78.408,24.576],[-78.191,25.21],[-77.89,25.17],[-77.54,24.34],[-77.535,23.76]]],[[[-77.82,26.58],[-78.91,26.42],[-78.98,26.79],[-78.51,26.87],[-77.85,26.84],[-77.82,26.58]]],[[[-77,26.59],[-77.173,25.879],[-77.356,26.007],[-77.34,26.53],[-77.788,26.925],[-77.79,27.04],[-77,26.59]]]]}},{"type":"Feature","properties":{"ISO_A3":"BIH","NAME":"Bosnia and Herz."},"geometry":{"type":"Polygon","coordinates":[[[19.368,44.863],[19.118,44.423],[19.6,44.038],[19.454,43.568],[19.219,43.524],[19.032,43.433],[18.706,43.2],[18.56,42.65],[17.675,43.029],[17.297,43.446],[16.916,43.668],[16.456,44.041],[16.24,44.351],[15.75,44.819],[15.959,45.234],[16.318,45.004],[16.535,45.212],[17.002,45.234],[17.862,45.068],[18.553,45.082],[19.005,44.86],[19.005,44.86],[19.368,44.863]]]}},{"type":"Feature","properties":{"ISO_A3":"BLR","NAME":"Belarus"},"geometry":{"type":"Polygon","coordinates":[[[23.484,53.912],[24.451,53.906],[25.536,54.282],[25.768,54.847],[26.588,55.167],[26.494,55.615],[27.102,55.783],[28.177,56.169],[29.23,55.918],[29.372,55.67],[29.896,55.789],[30.874,55.551],[30.972,55.082],[30.758,54.812],[31.384,54.157],[31.791,53.975],[31.731,53.794],[32.406,53.618],[32.694,53.351],[32.305,53.133],[31.498,53.167],[31.305,53.074],[31.54,52.742],[31.786,52.102],[31.786,52.102],[30.928,52.042],[30.619,51.823],[30.555,51.32],[30.157,51.416],[29.255,51.368],[28.993,51.602],[28.618,51.428],[28.242,51.572],[27.454,51.592],[26.338,51.832],[25.328,51.911],[24.553,51.888],[24.005,51.617],[23.527,51.578],[23.508,52.024],[23.199,52.487],[23.799,52.691],[23.805,53.09],[23.528,53.47],[23.484,53.912]]]}},{"type":"Feature","properties":{"ISO_A3":"BLZ","NAME":"Belize"},"geometry":{"type":"Polygon","coordinates":[[[-89.143,17.808],[-89.151,17.955],[-89.03,18.002],[-88.848,17.883],[-88.49,18.487],[-88.3,18.5],[-88.296,18.353],[-88.107,18.349],[-88.123,18.077],[-88.285,17.644],[-88.198,17.489],[-88.303,17.132],[-88.24,17.036],[-88.355,16.531],[-88.552,16.265],[-88.732,16.234],[-88.931,15.887],[-89.229,15.887],[-89.151,17.016],[-89.143,17.808]]]}},{"type":"Feature","properties":{"ISO_A3":"BOL","NAME":"Bolivia"},"geometry":{"type":"Polygon","coordinates":[[[-62.685,-22.249],[-62.846,-22.035],[-63.987,-21.994],[-64.377,-22.798],[-64.965,-22.076],[-66.273,-21.832],[-67.107,-22.736],[-67.828,-22.873],[-68.22,-21.494],[-68.757,-20.373],[-68.442,-19.405],[-68.967,-18.982],[-69.1,-18.26],[-69.59,-17.58],[-68.96,-16.501],[-69.39,-15.66],[-69.16,-15.324],[-69.34,-14.953],[-68.949,-14.454],[-68.929,-13.603],[-68.88,-12.9],[-68.665,-12.561],[-69.53,-10.952],[-68.786,-11.036],[-68.271,-11.015],[-68.048,-10.712],[-67.174,-10.307],[-66.647,-9.931],[-65.338,-9.762],[-65.445,-10.511],[-65.322,-10.896],[-65.402,-11.566],[-64.316,-12.462],[-63.196,-12.627],[-62.803,-13.001],[-62.127,-13.199],[-61.713,-13.489],[-61.084,-13.479],[-60.503,-13.776],[-60.459,-14.354],[-60.264,-14.646],[-60.251,-15.077],[-60.543,-15.094],[-60.158,-16.258],[-58.241,-16.3],[-58.388,-16.877],[-58.281,-17.272],[-57.735,-17.552],[-57.498,-18.174],[-57.676,-18.962],[-57.95,-19.4],[-57.854,-19.97],[-58.166,-20.177],[-58.183,-19.868],[-59.115,-19.357],[-60.044,-19.343],[-61.786,-19.634],[-62.266,-20.514],[-62.291,-21.052],[-62.685,-22.249]]]}},{"type":"Feature","properties":{"ISO_A3":"BRA","NAME":"Brazil"},"geometry":{"type":"Polygon","coordinates":[[[-57.625,-30.216],[-56.291,-28.853],[-55.162,-27.882],[-54.491,-27.475],[-53.649,-26.923],[-53.628,-26.125],[-54.13,-25.548],[-54.625,-25.739],[-54.429,-25.162],[-54.293,-24.571],[-54.293,-24.021],[-54.653,-23.84],[-55.028,-24.001],[-55.401,-23.957],[-55.518,-23.572],[-55.611,-22.656],[-55.798,-22.357],[-56.473,-22.086],[-56.882,-22.282],[-57.937,-22.09],[-57.871,-20.733],[-58.166,-20.177],[-57.854,-19.97],[-57.95,-19.4],[-57.676,-18.962],[-57.498,-18.174],[-57.735,-17.552],[-58.281,-17.272],[-58.388,-16.877],[-58.241,-16.3],[-60.158,-16.258],[-60.543,-15.094],[-60.251,-15.077],[-60.264,-14.646],[-60.459,-14.354],[-60.503,-13.776],[-61.084,-13.479],[-61.713,-13.489],[-62.127,-13.199],[-62.803,-13.001],[-63.196,-12.627],[-64.316,-12.462],[-65.402,-11.566],[-65.322,-10.896],[-65.445,-10.511],[-65.338,-9.762],[-66.647,-9.931],[-67.174,-10.307],[-68.048,-10.712],[-68.271,-11.015],[-68.786,-11.036],[-69.53,-10.952],[-70.094,-11.124],[-70.549,-11.009],[-70.482,-9.49],[-71.302,-10.079],[-72.185,-10.054],[-72.563,-9.52],[-73.227,-9.462],[-73.015,-9.033],[-73.571,-8.424],[-73.987,-7.524],[-73.723,-7.341],[-73.724,-6.919],[-73.12,-6.63],[-73.22,-6.089],[-72.965,-5.741],[-72.892,-5.275],[-71.748,-4.594],[-70.929,-4.402],[-70.795,-4.251],[-69.894,-4.298],[-69.444,-1.556],[-69.42,-1.123],[-69.577,-0.55],[-70.021,-0.185],[-70.016,0.541],[-69.452,0.706],[-69.252,0.603],[-69.219,0.986],[-69.805,1.089],[-69.817,1.715],[-67.869,1.692],[-67.538,2.037],[-67.26,1.72],[-67.065,1.13],[-66.876,1.253],[-66.326,0.724],[-65.548,0.789],[-65.355,1.095],[-64.611,1.329],[-64.199,1.493],[-64.083,1.916],[-63.369,2.201],[-63.423,2.411],[-64.27,2.497],[-64.409,3.127],[-64.368,3.797],[-64.816,4.056],[-64.629,4.148],[-63.888,4.021],[-63.093,3.771],[-62.805,4.007],[-62.085,4.162],[-60.967,4.536],[-60.601,4.918],[-60.734,5.2],[-60.214,5.244],[-59.981,5.014],[-60.111,4.575],[-59.767,4.424],[-59.538,3.959],[-59.815,3.606],[-59.975,2.755],[-59.719,2.25],[-59.646,1.787],[-59.031,1.318],[-58.54,1.268],[-58.429,1.464],[-58.113,1.507],[-57.661,1.683],[-57.336,1.949],[-56.783,1.864],[-56.539,1.9],[-55.996,1.818],[-55.906,2.022],[-56.073,2.221],[-55.973,2.51],[-55.57,2.422],[-55.098,2.524],[-54.525,2.312],[-54.088,2.106],[-53.779,2.377],[-53.555,2.335],[-53.418,2.053],[-52.94,2.125],[-52.556,2.505],[-52.249,3.241],[-51.658,4.156],[-51.317,4.203],[-51.07,3.65],[-50.509,1.902],[-49.974,1.736],[-49.947,1.046],[-50.699,0.223],[-50.388,-0.078],[-48.621,-0.235],[-48.584,-1.238],[-47.825,-0.582],[-46.567,-0.941],[-44.906,-1.552],[-44.418,-2.138],[-44.582,-2.691],[-43.419,-2.383],[-41.473,-2.912],[-39.979,-2.873],[-38.5,-3.701],[-37.223,-4.821],[-36.453,-5.109],[-35.598,-5.15],[-35.235,-5.465],[-34.896,-6.738],[-34.73,-7.343],[-35.128,-8.996],[-35.637,-9.649],[-37.047,-11.041],[-37.684,-12.171],[-38.424,-13.038],[-38.674,-13.058],[-38.953,-13.793],[-38.882,-15.667],[-39.161,-17.208],[-39.267,-17.868],[-39.584,-18.262],[-39.761,-19.599],[-40.775,-20.905],[-40.945,-21.937],[-41.754,-22.371],[-41.988,-22.97],[-43.075,-22.968],[-44.648,-23.352],[-45.352,-23.797],[-46.472,-24.089],[-47.649,-24.885],[-48.495,-25.877],[-48.641,-26.624],[-48.475,-27.176],[-48.662,-28.186],[-48.888,-28.674],[-49.587,-29.224],[-50.697,-30.984],[-51.576,-31.778],[-52.256,-32.245],[-52.712,-33.197],[-53.374,-33.768],[-53.651,-33.202],[-53.21,-32.728],[-53.788,-32.047],[-54.572,-31.495],[-55.602,-30.854],[-55.973,-30.883],[-56.976,-30.11],[-57.625,-30.216]]]}},{"type":"Feature","properties":{"ISO_A3":"BRN","NAME":"Brunei"},"geometry":{"type":"Polygon","coordinates":[[[114.204,4.526],[114.6,4.9],[115.451,5.448],[115.406,4.955],[115.347,4.317],[114.87,4.348],[114.66,4.008],[114.204,4.526]]]}},{"type":"Feature","properties":{"ISO_A3":"BTN","NAME":"Bhutan"},"geometry":{"type":"MultiPolygon","coordinates":[[[[92.037,26.871],[91.99,26.879],[91.904,26.937],[91.902,26.938],[91.9,26.939],[91.898,26.94],[91.896,26.94],[91.894,26.941],[91.892,26.941],[91.89,26.94],[91.888,26.94],[91.855,26.933],[91.853,26.933],[91.852,26.932],[91.85,26.931],[91.848,26.93],[91.847,26.929],[91.845,26.928],[91.844,26.927],[91.843,26.925],[91.811,26.881],[91.688,26.828],[91.63,26.841],[91.628,26.841],[91.626,26.841],[91.624,26.841],[91.623,26.841],[91.621,26.841],[91.53,26.82],[91.488,26.819],[91.417,26.858],[91.415,26.858],[91.414,26.859],[91.412,26.86],[91.41,26.86],[91.408,26.86],[91.406,26.86],[91.404,26.86],[91.402,26.86],[91.4,26.859],[91.399,26.858],[91.397,26.857],[91.395,26.856],[91.394,26.855],[91.393,26.853],[91.391,26.852],[91.364,26.814],[91.304,26.812],[91.242,26.831],[91.239,26.832],[91.237,26.832],[91.098,26.842],[91.096,26.842],[91.094,26.842],[91.092,26.841],[91.09,26.841],[91.088,26.84],[91.087,26.839],[91.085,26.838],[91.084,26.837],[91.065,26.821],[90.512,26.865],[90.429,26.921],[90.427,26.922],[90.425,26.923],[90.424,26.924],[90.422,26.924],[90.42,26.925],[90.418,26.925],[90.416,26.925],[90.354,26.921],[90.352,26.921],[90.35,26.92],[90.349,26.92],[90.347,26.919],[90.345,26.918],[90.344,26.917],[90.342,26.916],[90.341,26.914],[90.339,26.913],[90.338,26.911],[90.337,26.909],[90.337,26.908],[90.33,26.888],[90.296,26.869],[90.234,26.879],[90.232,26.879],[90.23,26.879],[90.228,26.879],[90.226,26.878],[90.224,26.878],[90.222,26.877],[90.221,26.877],[90.219,26.875],[90.218,26.874],[90.216,26.873],[90.215,26.872],[90.178,26.827],[89.893,26.756],[89.863,26.758],[89.861,26.758],[89.859,26.757],[89.857,26.757],[89.855,26.756],[89.853,26.756],[89.851,26.755],[89.85,26.753],[89.848,26.752],[89.847,26.751],[89.845,26.749],[89.844,26.748],[89.844,26.746],[89.843,26.744],[89.843,26.744],[89.782,26.729],[89.772,26.744],[89.771,26.746],[89.77,26.747],[89.768,26.749],[89.767,26.75],[89.765,26.751],[89.763,26.752],[89.762,26.753],[89.76,26.753],[89.758,26.754],[89.756,26.754],[89.754,26.754],[89.752,26.754],[89.75,26.753],[89.749,26.753],[89.724,26.744],[89.676,26.759],[89.674,26.759],[89.673,26.759],[89.671,26.76],[89.669,26.759],[89.667,26.759],[89.665,26.759],[89.663,26.758],[89.668,26.769],[89.669,26.771],[89.669,26.773],[89.67,26.775],[89.67,26.777],[89.67,26.779],[89.669,26.781],[89.669,26.783],[89.668,26.785],[89.667,26.786],[89.666,26.788],[89.665,26.79],[89.664,26.791],[89.662,26.793],[89.661,26.794],[89.659,26.795],[89.657,26.796],[89.565,26.832],[89.563,26.833],[89.561,26.833],[89.559,26.833],[89.557,26.833],[89.555,26.833],[89.491,26.825],[89.47,26.834],[89.455,26.853],[89.454,26.855],[89.452,26.856],[89.451,26.857],[89.449,26.858],[89.447,26.859],[89.446,26.86],[89.444,26.86],[89.442,26.86],[89.44,26.86],[89.404,26.861],[89.401,26.863],[89.397,26.872],[89.396,26.873],[89.394,26.875],[89.393,26.876],[89.392,26.878],[89.39,26.879],[89.388,26.88],[89.387,26.881],[89.385,26.881],[89.383,26.882],[89.381,26.882],[89.379,26.882],[89.377,26.882],[89.375,26.882],[89.361,26.88],[88.892,27.075],[88.892,27.109],[88.891,27.111],[88.891,27.113],[88.891,27.115],[88.89,27.117],[88.889,27.119],[88.888,27.12],[88.887,27.122],[88.885,27.123],[88.884,27.125],[88.882,27.126],[88.88,27.127],[88.879,27.128],[88.877,27.128],[88.831,27.14],[88.822,27.232],[88.882,27.241],[88.884,27.241],[88.886,27.242],[88.888,27.243],[88.889,27.244],[88.891,27.244],[88.892,27.246],[88.928,27.276],[88.929,27.277],[88.93,27.278],[88.931,27.28],[88.933,27.282],[88.933,27.283],[88.934,27.285],[88.934,27.287],[88.941,27.324],[88.941,27.326],[88.941,27.328],[88.941,27.329],[88.941,27.331],[88.941,27.333],[88.94,27.335],[88.939,27.337],[88.938,27.338],[88.937,27.34],[88.936,27.341],[88.934,27.343],[88.933,27.344],[88.931,27.345],[88.929,27.346],[88.927,27.346],[88.926,27.347],[88.908,27.351],[88.888,27.382],[89.476,28.043],[90.016,28.296],[90.731,28.065],[91.259,28.041],[91.681,27.781],[91.643,27.781],[91.641,27.781],[91.639,27.781],[91.637,27.78],[91.635,27.78],[91.634,27.779],[91.632,27.778],[91.63,27.777],[91.629,27.775],[91.628,27.774],[91.627,27.773],[91.626,27.771],[91.625,27.769],[91.624,27.767],[91.624,27.765],[91.612,27.712],[91.561,27.677],[91.56,27.676],[91.558,27.675],[91.557,27.673],[91.556,27.671],[91.555,27.669],[91.554,27.668],[91.543,27.638],[91.543,27.636],[91.543,27.634],[91.542,27.632],[91.542,27.63],[91.543,27.628],[91.543,27.626],[91.544,27.624],[91.544,27.622],[91.545,27.621],[91.547,27.619],[91.548,27.618],[91.558,27.607],[91.55,27.596],[91.549,27.594],[91.548,27.592],[91.547,27.591],[91.546,27.589],[91.546,27.587],[91.546,27.585],[91.546,27.583],[91.546,27.581],[91.546,27.579],[91.547,27.577],[91.547,27.576],[91.548,27.574],[91.549,27.572],[91.551,27.571],[91.637,27.47],[91.638,27.469],[91.64,27.468],[91.641,27.466],[91.643,27.465],[91.645,27.465],[91.646,27.464],[91.648,27.464],[91.65,27.463],[91.652,27.463],[91.654,27.463],[91.656,27.464],[91.658,27.464],[91.659,27.465],[91.661,27.466],[91.689,27.48],[91.689,27.478],[91.689,27.476],[91.689,27.474],[91.689,27.473],[91.69,27.471],[91.691,27.469],[91.691,27.467],[91.692,27.465],[91.694,27.464],[91.695,27.462],[91.696,27.461],[91.698,27.46],[91.7,27.459],[91.701,27.458],[91.703,27.457],[91.705,27.457],[91.763,27.445],[91.765,27.445],[91.767,27.445],[91.769,27.445],[91.829,27.448],[91.831,27.448],[91.833,27.449],[91.835,27.449],[91.837,27.45],[91.838,27.451],[91.84,27.452],[91.841,27.453],[91.854,27.465],[91.956,27.441],[91.958,27.44],[91.96,27.44],[91.962,27.44],[91.964,27.44],[91.966,27.441],[91.968,27.441],[92.007,27.456],[92.035,27.398],[92.028,27.367],[92.028,27.365],[92.028,27.363],[92.028,27.361],[92.028,27.359],[92.028,27.357],[92.029,27.355],[92.03,27.353],[92.047,27.319],[92.048,27.317],[92.049,27.315],[92.05,27.314],[92.052,27.312],[92.053,27.311],[92.072,27.298],[92.07,27.298],[92.068,27.298],[92.066,27.297],[92.064,27.296],[92.028,27.276],[92.026,27.275],[92.025,27.274],[92.023,27.273],[92.022,27.271],[92.021,27.27],[92.02,27.268],[92.019,27.266],[92.019,27.264],[92.018,27.262],[92.018,27.261],[92.018,27.259],[92.018,27.257],[92.018,27.255],[92.019,27.253],[92.019,27.251],[92.02,27.249],[92.021,27.248],[92.022,27.246],[92.023,27.245],[92.025,27.243],[92.026,27.242],[92.048,27.227],[92.04,27.201],[92.016,27.185],[92.014,27.184],[92.013,27.183],[92.012,27.182],[92.011,27.18],[92.01,27.178],[92.009,27.177],[92.008,27.175],[92.007,27.173],[92.007,27.171],[92.007,27.169],[92.007,27.168],[92.011,27.079],[92.011,27.077],[92.012,27.075],[92.012,27.073],[92.013,27.071],[92.027,27.043],[92.028,27.041],[92.029,27.04],[92.03,27.038],[92.032,27.037],[92.033,27.036],[92.035,27.035],[92.037,27.034],[92.039,27.033],[92.055,27.028],[92.037,26.871]]]]}},{"type":"Feature","properties":{"ISO_A3":"BWA","NAME":"Botswana"},"geometry":{"type":"Polygon","coordinates":[[[29.432,-22.091],[28.017,-22.828],[27.119,-23.574],[26.786,-24.241],[26.486,-24.616],[25.942,-24.696],[25.766,-25.175],[25.665,-25.487],[25.025,-25.72],[24.211,-25.67],[23.734,-25.39],[23.312,-25.269],[22.824,-25.5],[22.58,-25.979],[22.106,-26.28],[21.606,-26.727],[20.89,-26.829],[20.666,-26.477],[20.759,-25.868],[20.166,-24.918],[19.896,-24.768],[19.895,-21.849],[20.881,-21.814],[20.911,-18.252],[21.655,-18.219],[23.197,-17.869],[23.579,-18.281],[24.217,-17.889],[24.521,-17.887],[25.084,-17.662],[25.264,-17.737],[25.649,-18.536],[25.85,-18.714],[26.165,-19.293],[27.297,-20.392],[27.725,-20.499],[27.727,-20.852],[28.021,-21.486],[28.795,-21.639],[29.432,-22.091]]]}},{"type":"Feature","properties":{"ISO_A3":"CAF","NAME":"Central African Rep."},"geometry":{"type":"Polygon","coordinates":[[[15.279,7.422],[16.106,7.497],[16.291,7.754],[16.456,7.735],[16.706,7.508],[17.965,7.891],[18.39,8.281],[18.911,8.631],[18.812,8.983],[19.094,9.075],[20.06,9.013],[21.001,9.476],[21.724,10.567],[22.231,10.972],[22.864,11.142],[22.978,10.714],[23.554,10.089],[23.557,9.681],[23.395,9.265],[23.459,8.954],[23.806,8.666],[24.567,8.229],[25.115,7.825],[25.124,7.5],[25.797,6.979],[26.213,6.547],[26.466,5.947],[27.213,5.551],[27.374,5.234],[27.044,5.128],[26.403,5.151],[25.65,5.256],[25.279,5.17],[25.129,4.927],[24.805,4.897],[24.411,5.109],[23.297,4.61],[22.841,4.71],[22.704,4.633],[22.405,4.029],[21.659,4.224],[20.928,4.323],[20.291,4.692],[19.468,5.032],[18.932,4.71],[18.543,4.202],[18.453,3.504],[17.81,3.56],[17.133,3.728],[16.537,3.198],[16.013,2.268],[15.907,2.557],[15.863,3.014],[15.405,3.335],[15.036,3.851],[14.951,4.21],[14.478,4.733],[14.559,5.031],[14.459,5.452],[14.537,6.227],[14.777,6.408],[15.279,7.422]]]}},{"type":"Feature","properties":{"ISO_A3":"CAN","NAME":"Canada"},"geometry":{"type":"MultiPolygon","coordinates":[[[[-63.664,46.55],[-62.939,46.416],[-62.012,46.443],[-62.504,46.033],[-62.874,45.968],[-64.143,46.393],[-64.393,46.727],[-64.015,47.036],[-63.664,46.55]]],[[[-61.806,49.105],[-62.293,49.087],[-63.589,49.401],[-64.519,49.873],[-64.173,49.957],[-62.858,49.706],[-61.836,49.289],[-61.806,49.105]]],[[[-123.51,48.51],[-124.013,48.371],[-125.655,48.825],[-125.955,49.18],[-126.85,49.53],[-127.03,49.815],[-128.059,49.995],[-128.445,50.539],[-128.358,50.771],[-127.309,50.553],[-126.695,50.401],[-125.755,50.295],[-125.415,49.95],[-124.921,49.475],[-123.923,49.062],[-123.51,48.51]]],[[[-56.134,50.687],[-56.796,49.812],[-56.143,50.15],[-55.471,49.936],[-55.822,49.587],[-54.935,49.313],[-54.474,49.557],[-53.477,49.249],[-53.786,48.517],[-53.086,48.688],[-52.959,48.157],[-52.648,47.536],[-53.069,46.655],[-53.521,46.618],[-54.179,46.807],[-53.962,47.625],[-54.24,47.752],[-55.401,46.885],[-55.997,46.92],[-55.291,47.39],[-56.251,47.633],[-57.325,47.573],[-59.266,47.603],[-59.419,47.899],[-58.797,48.252],[-59.232,48.523],[-58.392,49.126],[-57.359,50.718],[-56.739,51.287],[-55.871,51.632],[-55.407,51.588],[-55.6,51.317],[-56.134,50.687]]],[[[-133.18,54.17],[-132.71,54.04],[-131.75,54.12],[-132.049,52.985],[-131.179,52.18],[-131.578,52.182],[-132.18,52.64],[-132.55,53.1],[-133.055,53.411],[-133.24,53.851],[-133.18,54.17]]],[[[-79.266,62.159],[-79.658,61.633],[-80.1,61.718],[-80.362,62.016],[-80.315,62.086],[-79.929,62.386],[-79.52,62.364],[-79.266,62.159]]],[[[-81.898,62.711],[-83.069,62.159],[-83.775,62.182],[-83.994,62.453],[-83.25,62.914],[-81.877,62.905],[-81.898,62.711]]],[[[-85.161,65.657],[-84.976,65.218],[-84.464,65.372],[-83.883,65.11],[-82.788,64.767],[-81.642,64.455],[-81.553,63.98],[-80.817,64.057],[-80.103,63.726],[-80.991,63.411],[-82.547,63.652],[-83.109,64.102],[-84.1,63.57],[-85.523,63.052],[-85.867,63.637],[-87.222,63.541],[-86.353,64.036],[-86.225,64.823],[-85.884,65.739],[-85.161,65.657]]],[[[-75.866,67.149],[-76.987,67.099],[-77.236,67.588],[-76.812,68.149],[-75.895,68.287],[-75.115,68.01],[-75.103,67.582],[-75.216,67.444],[-75.866,67.149]]],[[[-95.648,69.108],[-96.27,68.757],[-97.617,69.06],[-98.432,68.951],[-99.797,69.4],[-98.917,69.71],[-98.218,70.144],[-97.157,69.86],[-96.557,69.68],[-96.257,69.49],[-95.648,69.108]]],[[[-68.234,47.355],[-68.905,47.185],[-69.237,47.448],[-70.0,46.693],[-70.305,45.915],[-70.66,45.46],[-71.085,45.305],[-71.405,45.255],[-71.505,45.008],[-73.348,45.007],[-74.867,45.0],[-75.318,44.816],[-76.375,44.096],[-76.5,44.018],[-76.82,43.629],[-77.738,43.629],[-78.72,43.625],[-79.172,43.466],[-79.01,43.27],[-78.92,42.965],[-78.939,42.864],[-80.247,42.366],[-81.278,42.209],[-82.439,41.675],[-82.69,41.675],[-83.03,41.833],[-83.142,41.976],[-83.12,42.08],[-82.9,42.43],[-82.43,42.98],[-82.138,43.571],[-82.338,44.44],[-82.551,45.348],[-83.593,45.817],[-83.47,45.995],[-83.616,46.117],[-83.891,46.117],[-84.092,46.275],[-84.142,46.512],[-84.337,46.409],[-84.605,46.44],[-84.544,46.539],[-84.779,46.637],[-84.876,46.9],[-85.652,47.22],[-86.462,47.553],[-87.44,47.94],[-88.378,48.303],[-89.273,48.02],[-89.6,48.01],[-90.83,48.27],[-91.64,48.14],[-92.61,48.45],[-93.631,48.609],[-94.329,48.671],[-94.64,48.84],[-94.818,49.389],[-95.156,49.384],[-95.159,49],[-97.229,49.001],[-100.65,49],[-104.048,49.0],[-107.05,49],[-110.05,49],[-113,49],[-116.048,49],[-117.031,49],[-120,49],[-122.84,49],[-122.974,49.003],[-124.91,49.985],[-125.625,50.417],[-127.436,50.831],[-127.993,51.716],[-127.85,52.33],[-129.13,52.755],[-129.305,53.562],[-130.515,54.288],[-130.536,54.803],[-130.536,54.803],[-129.98,55.285],[-130.008,55.916],[-131.708,56.552],[-132.73,57.693],[-133.356,58.41],[-134.271,58.861],[-134.945,59.271],[-135.476,59.788],[-136.48,59.464],[-137.452,58.905],[-138.341,59.562],[-139.039,60],[-140.013,60.277],[-140.998,60.306],[-140.993,66.0],[-140.986,69.712],[-140.986,69.712],[-139.121,69.471],[-137.546,68.99],[-136.504,68.898],[-135.626,69.315],[-134.415,69.627],[-132.929,69.505],[-131.431,69.945],[-129.795,70.194],[-129.108,69.779],[-128.362,70.013],[-128.138,70.484],[-127.447,70.377],[-125.756,69.481],[-124.425,70.158],[-124.29,69.4],[-123.061,69.564],[-122.683,69.856],[-121.472,69.798],[-119.943,69.378],[-117.603,69.011],[-116.226,68.842],[-115.247,68.906],[-113.898,68.399],[-115.305,67.903],[-113.497,67.688],[-110.798,67.806],[-109.946,67.981],[-108.88,67.381],[-107.792,67.887],[-108.813,68.312],[-108.167,68.654],[-106.95,68.7],[-106.15,68.8],[-105.343,68.561],[-104.338,68.018],[-103.221,68.098],[-101.454,67.647],[-99.902,67.806],[-98.443,67.782],[-98.559,68.404],[-97.669,68.579],[-96.12,68.239],[-96.126,67.293],[-95.489,68.091],[-94.685,68.064],[-94.233,69.069],[-95.304,69.686],[-96.471,70.09],[-96.391,71.195],[-95.209,71.921],[-93.89,71.76],[-92.878,71.319],[-91.52,70.191],[-92.407,69.7],[-90.547,69.498],[-90.552,68.475],[-89.215,69.259],[-88.02,68.615],[-88.317,67.873],[-87.35,67.199],[-86.306,67.921],[-85.577,68.785],[-85.522,69.882],[-84.101,69.805],[-82.623,69.658],[-81.28,69.162],[-81.22,68.666],[-81.964,68.133],[-81.259,67.597],[-81.387,67.111],[-83.345,66.412],[-84.735,66.257],[-85.769,66.558],[-86.068,66.056],[-87.031,65.213],[-87.323,64.776],[-88.483,64.099],[-89.914,64.033],[-90.704,63.61],[-90.77,62.96],[-91.933,62.835],[-93.157,62.025],[-94.242,60.899],[-94.629,60.11],[-94.685,58.949],[-93.215,58.782],[-92.765,57.846],[-92.297,57.087],[-90.898,57.285],[-89.04,56.852],[-88.04,56.472],[-87.324,55.999],[-86.071,55.724],[-85.012,55.303],[-83.361,55.245],[-82.273,55.148],[-82.436,54.282],[-82.125,53.277],[-81.401,52.158],[-79.913,51.208],[-79.143,51.534],[-78.602,52.562],[-79.124,54.141],[-79.83,54.668],[-78.229,55.136],[-77.096,55.837],[-76.541,56.534],[-76.623,57.203],[-77.302,58.052],[-78.517,58.805],[-77.337,59.853],[-77.773,60.758],[-78.107,62.32],[-77.411,62.551],[-75.696,62.278],[-74.668,62.181],[-73.84,62.444],[-72.909,62.105],[-71.677,61.525],[-71.374,61.137],[-69.59,61.061],[-69.62,60.221],[-69.288,58.957],[-68.375,58.801],[-67.65,58.212],[-66.202,58.767],[-65.245,59.871],[-64.584,60.336],[-63.805,59.443],[-62.502,58.167],[-61.397,56.967],[-61.799,56.339],[-60.469,55.775],[-59.57,55.204],[-57.975,54.945],[-57.333,54.627],[-56.937,53.78],[-56.158,53.647],[-55.756,53.27],[-55.683,52.147],[-56.409,51.771],[-57.127,51.42],[-58.775,51.064],[-60.033,50.243],[-61.724,50.08],[-63.863,50.291],[-65.363,50.298],[-66.399,50.229],[-67.236,49.512],[-68.511,49.068],[-69.954,47.745],[-71.105,46.822],[-70.255,46.986],[-68.65,48.3],[-66.552,49.133],[-65.056,49.233],[-64.171,48.742],[-65.115,48.071],[-64.799,46.993],[-64.472,46.238],[-63.173,45.739],[-61.521,45.884],[-60.518,47.008],[-60.449,46.283],[-59.803,45.92],[-61.04,45.265],[-63.255,44.67],[-64.247,44.266],[-65.364,43.545],[-66.123,43.619],[-66.162,44.465],[-64.425,45.292],[-66.026,45.259],[-67.137,45.138],[-67.791,45.703],[-67.79,47.066],[-68.234,47.355]]],[[[-114.167,73.121],[-114.666,72.653],[-112.441,72.955],[-111.05,72.45],[-109.92,72.961],[-109.007,72.633],[-108.188,71.651],[-107.686,72.065],[-108.396,73.09],[-107.516,73.236],[-106.523,73.076],[-105.402,72.673],[-104.775,71.698],[-104.465,70.993],[-102.785,70.498],[-100.981,70.024],[-101.089,69.584],[-102.731,69.504],[-102.093,69.12],[-102.43,68.753],[-104.24,68.91],[-105.96,69.18],[-107.123,69.119],[-109,68.78],[-111.534,68.63],[-113.313,68.536],[-113.855,69.007],[-115.22,69.28],[-116.108,69.168],[-117.34,69.96],[-116.675,70.067],[-115.131,70.237],[-113.721,70.192],[-112.416,70.366],[-114.35,70.6],[-116.487,70.52],[-117.905,70.541],[-118.432,70.909],[-116.113,71.309],[-117.656,71.295],[-119.402,71.559],[-118.563,72.308],[-117.866,72.706],[-115.189,73.315],[-114.167,73.121]]],[[[-104.5,73.42],[-105.38,72.76],[-106.94,73.46],[-106.6,73.6],[-105.26,73.64],[-104.5,73.42]]],[[[-76.34,73.103],[-76.251,72.826],[-77.314,72.856],[-78.392,72.877],[-79.486,72.742],[-79.776,72.803],[-80.876,73.333],[-80.834,73.693],[-80.353,73.76],[-78.064,73.652],[-76.34,73.103]]],[[[-86.562,73.157],[-85.774,72.534],[-84.85,73.34],[-82.316,73.751],[-80.6,72.717],[-80.749,72.062],[-78.771,72.352],[-77.825,72.75],[-75.606,72.244],[-74.229,71.767],[-74.099,71.331],[-72.242,71.557],[-71.2,70.92],[-68.786,70.525],[-67.915,70.122],[-66.969,69.186],[-68.805,68.72],[-66.45,68.067],[-64.862,67.848],[-63.425,66.928],[-61.852,66.862],[-62.163,66.16],[-63.918,64.999],[-65.149,65.426],[-66.721,66.388],[-68.015,66.263],[-68.141,65.69],[-67.09,65.108],[-65.732,64.648],[-65.32,64.383],[-64.669,63.393],[-65.014,62.674],[-66.275,62.945],[-68.783,63.746],[-67.37,62.884],[-66.328,62.28],[-66.166,61.931],[-68.877,62.33],[-71.023,62.911],[-72.235,63.398],[-71.886,63.68],[-73.378,64.194],[-74.834,64.679],[-74.819,64.389],[-77.71,64.23],[-78.556,64.573],[-77.897,65.309],[-76.018,65.327],[-73.96,65.455],[-74.294,65.812],[-73.945,66.311],[-72.651,67.285],[-72.926,67.727],[-73.312,68.069],[-74.843,68.555],[-76.869,68.895],[-76.229,69.148],[-77.287,69.77],[-78.169,69.826],[-78.957,70.167],[-79.492,69.872],[-81.305,69.743],[-84.945,69.967],[-87.06,70.26],[-88.682,70.411],[-89.513,70.762],[-88.468,71.218],[-89.888,71.223],[-90.205,72.235],[-89.437,73.129],[-88.408,73.538],[-85.826,73.804],[-86.562,73.157]]],[[[-100.356,73.844],[-99.164,73.633],[-97.38,73.76],[-97.12,73.47],[-98.054,72.991],[-96.54,72.56],[-96.72,71.66],[-98.36,71.273],[-99.323,71.356],[-100.015,71.738],[-102.5,72.51],[-102.48,72.83],[-100.438,72.706],[-101.54,73.36],[-100.356,73.844]]],[[[-93.196,72.772],[-94.269,72.025],[-95.41,72.062],[-96.034,72.94],[-96.018,73.437],[-95.496,73.862],[-94.504,74.135],[-92.42,74.1],[-90.51,73.857],[-92.004,72.966],[-93.196,72.772]]],[[[-120.46,71.384],[-123.092,70.902],[-123.62,71.34],[-125.929,71.869],[-125.5,72.292],[-124.807,73.023],[-123.94,73.68],[-124.918,74.293],[-121.538,74.449],[-120.11,74.241],[-117.556,74.186],[-116.584,73.896],[-115.511,73.475],[-116.768,73.223],[-119.22,72.52],[-120.46,71.82],[-120.46,71.384]]],[[[-93.613,74.98],[-94.157,74.592],[-95.609,74.667],[-96.821,74.928],[-96.289,75.378],[-94.851,75.647],[-93.978,75.296],[-93.613,74.98]]],[[[-98.5,76.72],[-97.736,76.257],[-97.704,75.743],[-98.16,75],[-99.809,74.897],[-100.884,75.057],[-100.863,75.641],[-102.502,75.564],[-102.566,76.337],[-101.49,76.305],[-99.983,76.646],[-98.577,76.589],[-98.5,76.72]]],[[[-108.211,76.202],[-107.819,75.846],[-106.929,76.013],[-105.881,75.969],[-105.705,75.48],[-106.313,75.005],[-109.7,74.85],[-112.223,74.417],[-113.744,74.394],[-113.871,74.72],[-111.794,75.162],[-116.312,75.043],[-117.71,75.222],[-116.346,76.199],[-115.405,76.479],[-112.591,76.141],[-110.814,75.549],[-109.067,75.473],[-110.497,76.43],[-109.581,76.794],[-108.549,76.678],[-108.211,76.202]]],[[[-94.684,77.098],[-93.574,76.776],[-91.605,76.779],[-90.742,76.45],[-90.97,76.074],[-89.822,75.848],[-89.187,75.61],[-87.838,75.566],[-86.379,75.482],[-84.79,75.699],[-82.753,75.784],[-81.129,75.714],[-80.058,75.337],[-79.834,74.923],[-80.458,74.657],[-81.949,74.442],[-83.229,74.564],[-86.097,74.41],[-88.15,74.392],[-89.765,74.516],[-92.422,74.838],[-92.768,75.387],[-92.89,75.883],[-93.894,76.319],[-95.962,76.441],[-97.121,76.751],[-96.745,77.161],[-94.684,77.098]]],[[[-116.199,77.645],[-116.336,76.877],[-117.106,76.53],[-118.04,76.481],[-119.899,76.053],[-121.5,75.9],[-122.855,76.117],[-122.855,76.117],[-121.158,76.865],[-119.104,77.512],[-117.57,77.498],[-116.199,77.645]]],[[[-93.84,77.52],[-94.296,77.491],[-96.17,77.555],[-96.436,77.835],[-94.423,77.82],[-93.721,77.634],[-93.84,77.52]]],[[[-110.187,77.697],[-112.051,77.409],[-113.534,77.732],[-112.725,78.051],[-111.264,78.153],[-109.854,77.996],[-110.187,77.697]]],[[[-109.663,78.602],[-110.881,78.407],[-112.542,78.408],[-112.526,78.551],[-111.5,78.85],[-110.964,78.804],[-109.663,78.602]]],[[[-95.83,78.057],[-97.31,77.851],[-98.124,78.083],[-98.553,78.458],[-98.632,78.872],[-97.337,78.832],[-96.754,78.766],[-95.559,78.418],[-95.83,78.057]]],[[[-100.06,78.325],[-99.671,77.908],[-101.304,78.019],[-102.95,78.343],[-105.176,78.38],[-104.21,78.677],[-105.42,78.918],[-105.492,79.302],[-103.529,79.165],[-100.825,78.8],[-100.06,78.325]]],[[[-87.02,79.66],[-85.814,79.337],[-87.188,79.039],[-89.035,78.287],[-90.804,78.215],[-92.877,78.343],[-93.951,78.751],[-93.936,79.114],[-93.145,79.38],[-94.974,79.372],[-96.076,79.705],[-96.71,80.158],[-96.016,80.602],[-95.323,80.907],[-94.298,80.977],[-94.735,81.206],[-92.41,81.257],[-91.133,80.723],[-89.45,80.509],[-87.81,80.32],[-87.02,79.66]]],[[[-68.5,83.106],[-65.827,83.028],[-63.68,82.9],[-61.85,82.629],[-61.894,82.362],[-64.334,81.928],[-66.753,81.725],[-67.658,81.501],[-65.48,81.507],[-67.84,80.9],[-69.47,80.617],[-71.18,79.8],[-73.243,79.634],[-73.88,79.43],[-76.908,79.323],[-75.529,79.198],[-76.22,79.019],[-75.393,78.526],[-76.344,78.183],[-77.889,77.9],[-78.363,77.509],[-79.76,77.21],[-79.62,76.983],[-77.911,77.022],[-77.889,76.778],[-80.561,76.178],[-83.174,76.454],[-86.112,76.299],[-87.6,76.42],[-89.491,76.472],[-89.616,76.952],[-87.767,77.178],[-88.26,77.9],[-87.65,77.97],[-84.976,77.539],[-86.34,78.18],[-87.962,78.372],[-87.152,78.759],[-85.379,78.997],[-85.095,79.345],[-86.507,79.736],[-86.932,80.251],[-84.198,80.208],[-83.409,80.1],[-81.848,80.464],[-84.1,80.58],[-87.599,80.516],[-89.367,80.856],[-90.2,81.26],[-91.368,81.553],[-91.587,81.894],[-90.1,82.085],[-88.932,82.118],[-86.97,82.28],[-85.5,82.652],[-84.26,82.6],[-83.18,82.32],[-82.42,82.86],[-81.1,83.02],[-79.307,83.131],[-76.25,83.172],[-75.719,83.064],[-72.832,83.233],[-70.666,83.17],[-68.5,83.106]]]]}},{"type":"Feature","properties":{"ISO_A3":"CHE","NAME":"Switzerland"},"geometry":{"type":"Polygon","coordinates":[[[9.594,47.525],[9.633,47.348],[9.48,47.103],[9.932,46.921],[10.443,46.894],[10.363,46.484],[9.923,46.315],[9.183,46.44],[8.966,46.037],[8.49,46.005],[8.317,46.164],[7.756,45.824],[7.274,45.777],[6.844,45.991],[6.5,46.43],[6.023,46.273],[6.037,46.726],[6.769,47.288],[6.737,47.542],[7.192,47.45],[7.467,47.621],[8.317,47.614],[8.523,47.831],[9.594,47.525]]]}},{"type":"Feature","properties":{"ISO_A3":"CHL","NAME":"Chile"},"geometry":{"type":"MultiPolygon","coordinates":[[[[-68.634,-52.636],[-68.633,-54.87],[-67.562,-54.87],[-66.96,-54.897],[-67.291,-55.301],[-68.149,-55.612],[-68.64,-55.58],[-69.232,-55.499],[-69.958,-55.198],[-71.006,-55.054],[-72.264,-54.495],[-73.285,-53.958],[-74.663,-52.837],[-73.838,-53.047],[-72.434,-53.715],[-71.108,-54.074],[-70.592,-53.616],[-70.267,-52.931],[-69.346,-52.518],[-68.634,-52.636]]],[[[-67.107,-22.736],[-66.985,-22.986],[-67.328,-24.025],[-68.418,-24.519],[-68.386,-26.185],[-68.595,-26.507],[-68.296,-26.899],[-69.001,-27.521],[-69.656,-28.459],[-70.014,-29.368],[-69.919,-30.336],[-70.535,-31.365],[-70.074,-33.091],[-69.815,-33.274],[-69.817,-34.194],[-70.388,-35.17],[-70.365,-36.005],[-71.122,-36.658],[-71.119,-37.577],[-70.815,-38.553],[-71.414,-38.916],[-71.681,-39.808],[-71.916,-40.832],[-71.747,-42.051],[-72.149,-42.255],[-71.915,-43.409],[-71.464,-43.788],[-71.794,-44.207],[-71.33,-44.408],[-71.223,-44.784],[-71.659,-44.974],[-71.552,-45.561],[-71.917,-46.885],[-72.447,-47.739],[-72.331,-48.244],[-72.648,-48.879],[-73.415,-49.318],[-73.328,-50.379],[-72.976,-50.741],[-72.31,-50.677],[-72.329,-51.426],[-71.915,-52.009],[-69.498,-52.143],[-68.572,-52.299],[-69.461,-52.292],[-69.943,-52.538],[-70.845,-52.899],[-71.006,-53.833],[-71.43,-53.856],[-72.558,-53.531],[-73.703,-52.835],[-73.703,-52.835],[-74.947,-52.263],[-75.26,-51.629],[-74.977,-51.043],[-75.48,-50.378],[-75.608,-48.674],[-75.183,-47.712],[-74.127,-46.939],[-75.644,-46.648],[-74.692,-45.764],[-74.352,-44.103],[-73.24,-44.455],[-72.718,-42.383],[-73.389,-42.118],[-73.701,-43.366],[-74.332,-43.225],[-74.018,-41.795],[-73.677,-39.942],[-73.218,-39.259],[-73.506,-38.283],[-73.588,-37.156],[-73.167,-37.124],[-72.553,-35.509],[-71.862,-33.909],[-71.438,-32.419],[-71.669,-30.921],[-71.37,-30.096],[-71.49,-28.861],[-70.905,-27.64],[-70.725,-25.706],[-70.404,-23.629],[-70.091,-21.393],[-70.164,-19.756],[-70.373,-18.348],[-69.858,-18.093],[-69.59,-17.58],[-69.1,-18.26],[-68.967,-18.982],[-68.442,-19.405],[-68.757,-20.373],[-68.22,-21.494],[-67.828,-22.873],[-67.107,-22.736]]]]}},{"type":"Feature","properties":{"ISO_A3":"CHN","NAME":"China"},"geometry":{"type":"MultiPolygon","coordinates":[[[[74.98,37.42],[74.83,37.99],[74.865,38.379],[74.257,38.606],[73.929,38.506],[73.675,39.431],[73.96,39.66],[73.822,39.894],[74.777,40.366],[75.468,40.562],[76.526,40.428],[76.904,41.066],[78.187,41.185],[78.544,41.582],[80.119,42.124],[80.26,42.35],[80.18,42.92],[80.866,43.18],[79.966,44.917],[81.947,45.317],[82.459,45.54],[83.18,47.33],[85.164,47.001],[85.721,47.453],[85.768,48.456],[86.599,48.549],[87.36,49.215],[87.751,49.297],[88.014,48.599],[88.854,48.069],[90.281,47.694],[90.971,46.888],[90.586,45.72],[90.945,45.286],[92.134,45.115],[93.481,44.975],[94.689,44.352],[95.307,44.241],[95.763,43.319],[96.349,42.726],[97.452,42.749],[99.516,42.525],[100.846,42.664],[101.833,42.515],[103.312,41.907],[104.522,41.908],[104.965,41.597],[106.129,42.134],[107.745,42.481],[109.244,42.519],[110.412,42.871],[111.13,43.407],[111.83,43.743],[111.668,44.073],[111.348,44.457],[111.873,45.102],[112.436,45.012],[113.464,44.809],[114.46,45.34],[115.985,45.727],[116.718,46.388],[117.422,46.673],[118.874,46.805],[119.663,46.693],[119.773,47.048],[118.867,47.747],[118.064,48.067],[117.296,47.698],[116.309,47.853],[115.743,47.727],[115.485,48.135],[116.192,49.135],[116.679,49.889],[117.879,49.511],[119.288,50.143],[119.279,50.583],[120.182,51.644],[120.738,51.964],[120.726,52.516],[120.177,52.754],[121.003,53.251],[122.246,53.432],[123.572,53.459],[125.068,53.161],[125.946,52.793],[126.564,51.784],[126.939,51.354],[127.287,50.74],[127.657,49.76],[129.398,49.441],[130.582,48.73],[130.987,47.79],[132.507,47.789],[133.374,48.183],[135.026,48.478],[134.501,47.578],[134.112,47.212],[133.77,46.117],[133.097,45.144],[131.883,45.321],[131.025,44.968],[131.289,44.111],[131.145,42.93],[130.634,42.903],[130.64,42.395],[129.994,42.985],[129.597,42.425],[128.052,41.994],[128.208,41.467],[127.344,41.503],[126.869,41.817],[126.182,41.107],[125.08,40.57],[124.266,39.928],[122.868,39.638],[122.131,39.17],[121.055,38.898],[121.586,39.361],[121.377,39.75],[122.169,40.422],[121.64,40.946],[120.769,40.593],[119.64,39.898],[119.023,39.252],[118.043,39.204],[117.533,38.738],[118.06,38.062],[118.878,37.897],[118.912,37.449],[119.703,37.156],[120.823,37.87],[121.711,37.481],[122.358,37.455],[122.52,36.931],[121.104,36.651],[120.637,36.111],[119.665,35.61],[119.151,34.91],[120.228,34.36],[120.62,33.377],[121.229,32.46],[121.908,31.692],[121.892,30.949],[121.264,30.676],[121.504,30.143],[122.092,29.832],[121.938,29.018],[121.684,28.226],[121.126,28.136],[120.395,27.053],[119.585,25.741],[118.657,24.547],[117.282,23.625],[115.891,22.783],[114.764,22.668],[114.153,22.224],[113.807,22.548],[113.241,22.051],[111.844,21.55],[110.785,21.397],[110.444,20.341],[109.89,20.282],[109.628,21.008],[109.865,21.395],[108.523,21.715],[108.05,21.552],[107.043,21.812],[106.567,22.218],[106.725,22.794],[105.811,22.977],[105.329,23.352],[104.477,22.819],[103.504,22.704],[102.707,22.709],[102.17,22.465],[101.652,22.318],[101.803,21.174],[101.27,21.202],[101.18,21.437],[101.15,21.85],[100.416,21.559],[99.984,21.743],[99.241,22.118],[99.532,22.949],[98.899,23.143],[98.66,24.063],[97.605,23.897],[97.725,25.084],[98.672,25.919],[98.712,26.744],[98.683,27.509],[98.246,27.747],[97.912,28.336],[97.327,28.262],[97.286,28.267],[97.282,28.275],[97.281,28.277],[97.279,28.279],[97.278,28.28],[97.276,28.281],[97.275,28.282],[97.273,28.283],[97.271,28.284],[97.269,28.285],[97.267,28.285],[97.265,28.285],[97.259,28.285],[97.257,28.298],[97.256,28.3],[97.256,28.302],[97.255,28.303],[97.254,28.305],[97.253,28.306],[97.252,28.308],[97.251,28.309],[97.249,28.31],[97.248,28.311],[97.137,28.379],[97.135,28.38],[97.134,28.381],[97.132,28.381],[97.13,28.382],[97.081,28.39],[97.079,28.391],[97.077,28.391],[97.075,28.391],[97.073,28.39],[97.071,28.39],[97.069,28.389],[97.068,28.388],[96.999,28.347],[96.936,28.37],[96.909,28.395],[96.913,28.415],[96.913,28.416],[96.913,28.419],[96.913,28.421],[96.913,28.423],[96.912,28.424],[96.912,28.426],[96.911,28.428],[96.91,28.43],[96.908,28.431],[96.882,28.461],[96.881,28.484],[96.88,28.486],[96.88,28.488],[96.879,28.49],[96.879,28.491],[96.878,28.493],[96.877,28.495],[96.876,28.496],[96.874,28.498],[96.873,28.499],[96.871,28.5],[96.869,28.501],[96.867,28.502],[96.781,28.533],[96.782,28.552],[96.782,28.554],[96.782,28.556],[96.781,28.558],[96.781,28.559],[96.78,28.561],[96.779,28.563],[96.778,28.565],[96.777,28.566],[96.776,28.568],[96.774,28.569],[96.773,28.57],[96.739,28.592],[96.731,28.618],[96.73,28.619],[96.729,28.621],[96.728,28.623],[96.727,28.624],[96.726,28.626],[96.724,28.627],[96.723,28.628],[96.721,28.629],[96.719,28.63],[96.717,28.631],[96.715,28.631],[96.713,28.631],[96.711,28.631],[96.709,28.631],[96.707,28.631],[96.706,28.63],[96.704,28.63],[96.702,28.629],[96.7,28.628],[96.699,28.627],[96.683,28.613],[96.622,28.639],[96.62,28.64],[96.618,28.64],[96.616,28.64],[96.614,28.64],[96.612,28.64],[96.611,28.64],[96.609,28.64],[96.607,28.639],[96.605,28.638],[96.603,28.637],[96.602,28.636],[96.6,28.635],[96.541,28.579],[96.533,28.577],[96.559,28.666],[96.64,28.66],[96.641,28.66],[96.643,28.66],[96.645,28.66],[96.647,28.661],[96.649,28.662],[96.651,28.662],[96.652,28.663],[96.654,28.665],[96.655,28.666],[96.656,28.667],[96.658,28.669],[96.659,28.67],[96.659,28.672],[96.66,28.674],[96.661,28.676],[96.661,28.678],[96.661,28.68],[96.661,28.681],[96.661,28.683],[96.651,28.737],[96.651,28.739],[96.65,28.741],[96.65,28.742],[96.649,28.744],[96.62,28.791],[96.619,28.793],[96.617,28.795],[96.616,28.796],[96.614,28.797],[96.612,28.798],[96.611,28.799],[96.609,28.8],[96.607,28.8],[96.605,28.801],[96.603,28.801],[96.607,28.811],[96.608,28.813],[96.609,28.815],[96.609,28.817],[96.609,28.819],[96.609,28.821],[96.609,28.823],[96.608,28.825],[96.607,28.827],[96.606,28.829],[96.605,28.831],[96.604,28.832],[96.603,28.834],[96.601,28.835],[96.6,28.836],[96.566,28.858],[96.542,28.89],[96.542,28.939],[96.542,28.941],[96.541,28.943],[96.541,28.945],[96.54,28.947],[96.539,28.948],[96.538,28.95],[96.537,28.952],[96.536,28.953],[96.534,28.954],[96.533,28.956],[96.531,28.956],[96.529,28.957],[96.528,28.958],[96.526,28.959],[96.524,28.959],[96.522,28.959],[96.49,28.959],[96.464,28.993],[96.464,28.997],[96.464,28.999],[96.463,29.0],[96.463,29.002],[96.462,29.004],[96.461,29.006],[96.46,29.007],[96.459,29.009],[96.457,29.01],[96.456,29.011],[96.454,29.012],[96.446,29.017],[96.321,29.183],[96.322,29.187],[96.323,29.189],[96.323,29.191],[96.323,29.193],[96.323,29.195],[96.322,29.197],[96.322,29.199],[96.321,29.201],[96.32,29.203],[96.319,29.204],[96.317,29.206],[96.316,29.207],[96.315,29.208],[96.313,29.209],[96.292,29.222],[96.283,29.234],[96.284,29.243],[96.284,29.245],[96.284,29.247],[96.284,29.249],[96.284,29.251],[96.283,29.253],[96.282,29.255],[96.281,29.256],[96.28,29.258],[96.279,29.26],[96.278,29.261],[96.276,29.262],[96.274,29.263],[96.273,29.264],[96.253,29.273],[96.118,29.453],[96.005,29.386],[95.971,29.395],[95.969,29.395],[95.967,29.396],[95.965,29.396],[95.963,29.396],[95.961,29.395],[95.959,29.395],[95.958,29.394],[95.956,29.393],[95.954,29.392],[95.873,29.336],[95.86,29.338],[95.859,29.355],[95.859,29.357],[95.858,29.358],[95.858,29.36],[95.857,29.362],[95.856,29.364],[95.855,29.366],[95.853,29.367],[95.852,29.368],[95.85,29.37],[95.848,29.371],[95.847,29.372],[95.845,29.372],[95.843,29.373],[95.841,29.373],[95.839,29.373],[95.837,29.373],[95.835,29.373],[95.808,29.367],[95.806,29.367],[95.805,29.366],[95.803,29.365],[95.801,29.364],[95.726,29.315],[95.725,29.314],[95.723,29.312],[95.722,29.311],[95.721,29.309],[95.719,29.307],[95.719,29.305],[95.718,29.304],[95.718,29.302],[95.717,29.3],[95.717,29.298],[95.717,29.296],[95.718,29.294],[95.718,29.292],[95.719,29.29],[95.72,29.288],[95.721,29.287],[95.729,29.275],[95.713,29.25],[95.712,29.248],[95.712,29.247],[95.711,29.245],[95.71,29.243],[95.71,29.241],[95.71,29.241],[95.708,29.242],[95.706,29.243],[95.704,29.244],[95.703,29.244],[95.701,29.245],[95.699,29.245],[95.697,29.245],[95.695,29.244],[95.693,29.244],[95.651,29.232],[95.616,29.253],[95.614,29.254],[95.612,29.255],[95.61,29.255],[95.608,29.256],[95.606,29.256],[95.604,29.256],[95.602,29.256],[95.6,29.255],[95.599,29.255],[95.597,29.254],[95.595,29.253],[95.593,29.252],[95.592,29.25],[95.59,29.249],[95.589,29.247],[95.588,29.246],[95.587,29.244],[95.587,29.242],[95.586,29.24],[95.58,29.209],[95.503,29.212],[95.501,29.212],[95.499,29.212],[95.497,29.212],[95.495,29.211],[95.493,29.21],[95.492,29.209],[95.49,29.208],[95.489,29.207],[95.487,29.205],[95.486,29.204],[95.485,29.202],[95.484,29.201],[95.483,29.199],[95.483,29.197],[95.482,29.195],[95.482,29.193],[95.482,29.191],[95.482,29.189],[95.483,29.187],[95.493,29.149],[95.472,29.154],[95.452,29.201],[95.451,29.202],[95.451,29.204],[95.449,29.206],[95.448,29.207],[95.447,29.208],[95.445,29.209],[95.443,29.21],[95.442,29.211],[95.44,29.212],[95.438,29.212],[95.436,29.213],[95.434,29.213],[95.432,29.213],[95.43,29.212],[95.428,29.212],[95.426,29.211],[95.425,29.21],[95.423,29.209],[95.421,29.208],[95.42,29.207],[95.419,29.206],[95.417,29.204],[95.416,29.202],[95.416,29.201],[95.415,29.199],[95.398,29.147],[95.301,29.156],[95.299,29.157],[95.297,29.156],[95.295,29.156],[95.293,29.156],[95.292,29.155],[95.29,29.154],[95.288,29.153],[95.287,29.152],[95.285,29.151],[95.284,29.149],[95.283,29.148],[95.282,29.146],[95.256,29.099],[95.224,29.123],[95.222,29.125],[95.221,29.125],[95.219,29.126],[95.217,29.127],[95.215,29.127],[95.213,29.128],[95.211,29.128],[95.209,29.127],[95.138,29.12],[95.137,29.121],[95.136,29.123],[95.135,29.124],[95.113,29.154],[95.112,29.156],[95.11,29.157],[95.109,29.158],[95.107,29.16],[95.105,29.16],[95.103,29.161],[95.001,29.193],[94.999,29.193],[94.997,29.194],[94.995,29.194],[94.993,29.194],[94.991,29.193],[94.989,29.193],[94.987,29.192],[94.985,29.191],[94.983,29.19],[94.982,29.189],[94.98,29.188],[94.979,29.186],[94.978,29.184],[94.977,29.183],[94.976,29.181],[94.975,29.179],[94.975,29.177],[94.975,29.175],[94.975,29.173],[94.975,29.171],[94.975,29.169],[94.976,29.167],[94.976,29.166],[94.891,29.198],[94.889,29.198],[94.888,29.199],[94.886,29.199],[94.884,29.199],[94.882,29.199],[94.881,29.199],[94.852,29.194],[94.824,29.202],[94.824,29.21],[94.823,29.212],[94.823,29.214],[94.822,29.216],[94.821,29.218],[94.82,29.219],[94.819,29.221],[94.818,29.223],[94.816,29.224],[94.815,29.225],[94.813,29.226],[94.811,29.227],[94.768,29.244],[94.754,29.293],[94.754,29.294],[94.753,29.296],[94.752,29.298],[94.751,29.299],[94.75,29.3],[94.748,29.302],[94.747,29.303],[94.709,29.331],[94.707,29.332],[94.706,29.334],[94.704,29.334],[94.702,29.335],[94.7,29.335],[94.698,29.335],[94.696,29.335],[94.694,29.335],[94.692,29.335],[94.621,29.315],[94.619,29.314],[94.618,29.314],[94.616,29.313],[94.615,29.312],[94.613,29.311],[94.573,29.275],[94.566,29.277],[94.517,29.25],[94.516,29.25],[94.514,29.251],[94.512,29.251],[94.51,29.251],[94.508,29.251],[94.506,29.251],[94.504,29.25],[94.503,29.25],[94.501,29.249],[94.499,29.248],[94.498,29.246],[94.496,29.245],[94.495,29.244],[94.487,29.234],[94.48,29.23],[94.46,29.233],[94.458,29.233],[94.456,29.233],[94.454,29.233],[94.452,29.233],[94.45,29.232],[94.449,29.231],[94.447,29.23],[94.445,29.23],[94.444,29.228],[94.442,29.227],[94.441,29.226],[94.44,29.224],[94.439,29.222],[94.438,29.221],[94.438,29.219],[94.433,29.204],[94.432,29.204],[94.391,29.204],[94.389,29.204],[94.387,29.204],[94.385,29.203],[94.383,29.203],[94.381,29.202],[94.379,29.201],[94.378,29.2],[94.376,29.198],[94.375,29.197],[94.374,29.195],[94.373,29.193],[94.372,29.191],[94.365,29.174],[94.293,29.172],[94.291,29.172],[94.289,29.172],[94.287,29.171],[94.285,29.171],[94.283,29.17],[94.282,29.169],[94.28,29.168],[94.279,29.166],[94.278,29.165],[94.276,29.163],[94.275,29.161],[94.275,29.16],[94.274,29.158],[94.26,29.108],[93.506,28.692],[93.423,28.682],[93.421,28.681],[93.419,28.681],[93.417,28.68],[93.415,28.679],[93.414,28.678],[93.412,28.677],[93.411,28.675],[93.358,28.616],[93.243,28.564],[93.241,28.563],[93.239,28.562],[93.238,28.56],[93.179,28.509],[93.178,28.508],[93.176,28.506],[93.175,28.504],[93.174,28.502],[93.174,28.5],[93.147,28.423],[93.001,28.303],[92.94,28.28],[92.938,28.279],[92.936,28.279],[92.934,28.277],[92.933,28.276],[92.932,28.274],[92.93,28.273],[92.929,28.271],[92.928,28.269],[92.913,28.232],[92.889,28.212],[92.832,28.196],[92.789,28.206],[92.787,28.206],[92.785,28.207],[92.783,28.207],[92.781,28.206],[92.779,28.206],[92.777,28.205],[92.775,28.204],[92.773,28.203],[92.772,28.202],[92.77,28.201],[92.769,28.199],[92.755,28.182],[92.72,28.187],[92.719,28.188],[92.717,28.188],[92.715,28.188],[92.713,28.187],[92.711,28.187],[92.71,28.186],[92.67,28.169],[92.668,28.169],[92.666,28.168],[92.665,28.166],[92.663,28.165],[92.662,28.164],[92.661,28.162],[92.66,28.16],[92.659,28.159],[92.658,28.157],[92.637,28.086],[92.637,28.084],[92.636,28.082],[92.636,28.08],[92.636,28.078],[92.637,28.076],[92.637,28.074],[92.638,28.073],[92.639,28.071],[92.64,28.069],[92.641,28.068],[92.642,28.066],[92.643,28.065],[92.645,28.064],[92.647,28.063],[92.648,28.062],[92.65,28.061],[92.688,28.048],[92.503,27.897],[92.316,27.868],[92.312,27.879],[92.312,27.881],[92.311,27.882],[92.31,27.884],[92.309,27.885],[92.307,27.887],[92.306,27.888],[92.304,27.889],[92.303,27.89],[92.301,27.891],[92.299,27.892],[92.25,27.907],[92.248,27.908],[92.246,27.908],[92.243,27.908],[92.242,27.908],[92.239,27.908],[92.237,27.907],[92.236,27.906],[92.234,27.905],[92.115,27.837],[91.757,27.781],[91.681,27.781],[91.259,28.041],[90.731,28.065],[90.016,28.296],[89.476,28.043],[88.888,27.382],[88.878,27.397],[88.877,27.399],[88.876,27.4],[88.874,27.401],[88.873,27.403],[88.871,27.404],[88.869,27.405],[88.867,27.405],[88.865,27.406],[88.863,27.406],[88.861,27.406],[88.859,27.406],[88.858,27.406],[88.856,27.405],[88.843,27.402],[88.822,27.419],[88.798,27.471],[88.813,27.521],[88.813,27.523],[88.814,27.525],[88.814,27.527],[88.814,27.529],[88.813,27.531],[88.813,27.532],[88.812,27.534],[88.811,27.536],[88.811,27.538],[88.809,27.539],[88.797,27.555],[88.799,27.556],[88.801,27.556],[88.802,27.557],[88.804,27.558],[88.806,27.56],[88.807,27.561],[88.808,27.563],[88.809,27.564],[88.81,27.566],[88.811,27.568],[88.832,27.634],[88.859,27.651],[88.861,27.652],[88.862,27.654],[88.863,27.655],[88.865,27.657],[88.866,27.658],[88.867,27.66],[88.867,27.662],[88.868,27.664],[88.868,27.666],[88.868,27.668],[88.868,27.669],[88.868,27.671],[88.868,27.673],[88.86,27.701],[88.883,27.731],[88.884,27.732],[88.885,27.734],[88.886,27.736],[88.886,27.738],[88.887,27.739],[88.887,27.741],[88.887,27.743],[88.887,27.745],[88.878,27.81],[88.904,27.844],[88.905,27.846],[88.906,27.848],[88.907,27.849],[88.907,27.851],[88.908,27.853],[88.908,27.855],[88.908,27.857],[88.908,27.859],[88.908,27.861],[88.907,27.863],[88.887,27.926],[88.886,27.928],[88.885,27.93],[88.884,27.931],[88.883,27.933],[88.881,27.934],[88.88,27.936],[88.878,27.937],[88.876,27.938],[88.875,27.939],[88.873,27.939],[88.856,27.943],[88.856,28.015],[88.856,28.017],[88.856,28.019],[88.855,28.021],[88.855,28.023],[88.854,28.025],[88.853,28.027],[88.851,28.028],[88.85,28.03],[88.849,28.031],[88.767,28.096],[88.766,28.097],[88.764,28.098],[88.762,28.099],[88.761,28.099],[88.759,28.1],[88.757,28.1],[88.755,28.1],[88.753,28.1],[88.68,28.095],[88.653,28.13],[88.652,28.132],[88.65,28.133],[88.649,28.134],[88.647,28.136],[88.645,28.137],[88.644,28.137],[88.642,28.138],[88.64,28.138],[88.638,28.138],[88.636,28.138],[88.634,28.138],[88.632,28.137],[88.63,28.137],[88.628,28.136],[88.626,28.135],[88.625,28.134],[88.594,28.109],[88.551,28.102],[88.549,28.102],[88.548,28.101],[88.546,28.1],[88.544,28.099],[88.543,28.098],[88.541,28.097],[88.54,28.096],[88.539,28.094],[88.537,28.093],[88.537,28.091],[88.536,28.089],[88.535,28.088],[88.535,28.086],[88.531,28.062],[88.503,28.074],[88.501,28.074],[88.499,28.075],[88.497,28.075],[88.495,28.075],[88.493,28.075],[88.492,28.075],[88.49,28.074],[88.488,28.074],[88.486,28.073],[88.484,28.072],[88.483,28.071],[88.481,28.07],[88.406,28.002],[88.342,28.006],[88.34,28.006],[88.338,28.006],[88.335,28.005],[88.333,28.005],[88.332,28.004],[88.26,27.968],[88.256,27.978],[88.255,27.98],[88.254,27.982],[88.252,27.983],[88.251,27.985],[88.249,27.986],[88.248,27.987],[88.246,27.988],[88.244,27.988],[88.242,27.989],[88.24,27.989],[88.239,27.989],[88.237,27.989],[88.235,27.989],[88.233,27.989],[88.204,27.982],[88.202,27.981],[88.2,27.98],[88.199,27.98],[88.197,27.979],[88.196,27.977],[88.194,27.976],[88.193,27.975],[88.192,27.973],[88.191,27.971],[88.19,27.97],[88.19,27.969],[88.15,27.984],[88.148,27.985],[88.146,27.985],[88.144,27.985],[88.142,27.985],[88.14,27.985],[88.138,27.985],[88.136,27.984],[88.134,27.984],[88.133,27.983],[88.131,27.982],[88.129,27.98],[88.128,27.979],[88.127,27.978],[88.126,27.976],[88.125,27.974],[88.1,27.927],[88.099,27.925],[88.099,27.924],[88.098,27.922],[88.098,27.92],[88.098,27.918],[88.098,27.916],[88.098,27.914],[88.099,27.912],[88.1,27.91],[88.1,27.909],[88.118,27.877],[86.954,27.974],[85.823,28.204],[85.012,28.643],[84.235,28.84],[83.899,29.32],[83.337,29.464],[82.328,30.115],[81.526,30.423],[81.111,30.183],[81.065,30.207],[81.064,30.208],[81.064,30.21],[81.064,30.212],[81.05,30.253],[81.049,30.255],[81.048,30.257],[81.047,30.259],[81.046,30.26],[81.045,30.262],[81.043,30.263],[81.041,30.264],[81.04,30.265],[80.991,30.289],[80.99,30.29],[80.988,30.29],[80.986,30.291],[80.984,30.291],[80.982,30.291],[80.981,30.291],[80.94,30.287],[80.924,30.314],[80.923,30.315],[80.922,30.317],[80.921,30.318],[80.919,30.32],[80.918,30.321],[80.916,30.322],[80.914,30.322],[80.912,30.323],[80.911,30.323],[80.812,30.341],[80.749,30.414],[80.748,30.415],[80.747,30.416],[80.745,30.417],[80.744,30.418],[80.616,30.489],[80.615,30.49],[80.613,30.491],[80.611,30.491],[80.609,30.491],[80.608,30.491],[80.606,30.491],[80.604,30.491],[80.602,30.491],[80.6,30.49],[80.543,30.471],[80.429,30.541],[80.427,30.542],[80.425,30.542],[80.423,30.543],[80.421,30.543],[80.419,30.544],[80.417,30.544],[80.397,30.543],[80.332,30.575],[80.332,30.576],[80.331,30.577],[80.329,30.579],[80.328,30.58],[80.326,30.581],[80.324,30.582],[80.323,30.583],[80.321,30.584],[80.319,30.584],[80.313,30.585],[80.239,30.622],[80.239,30.642],[80.239,30.644],[80.239,30.646],[80.239,30.648],[80.238,30.65],[80.237,30.652],[80.236,30.654],[80.235,30.655],[80.234,30.657],[80.233,30.658],[80.222,30.667],[80.263,30.706],[80.264,30.707],[80.265,30.709],[80.266,30.71],[80.267,30.712],[80.268,30.714],[80.268,30.716],[80.269,30.718],[80.269,30.72],[80.269,30.721],[80.269,30.723],[80.268,30.725],[80.258,30.767],[80.257,30.769],[80.257,30.771],[80.256,30.773],[80.255,30.774],[80.254,30.776],[80.252,30.777],[80.251,30.778],[80.249,30.779],[80.247,30.78],[80.245,30.781],[80.243,30.782],[80.242,30.782],[80.24,30.782],[80.237,30.782],[80.236,30.782],[80.234,30.782],[80.232,30.781],[80.22,30.777],[80.189,30.82],[80.188,30.822],[80.186,30.824],[80.185,30.825],[80.183,30.826],[80.181,30.827],[80.18,30.828],[80.178,30.828],[80.176,30.829],[80.174,30.829],[80.172,30.829],[80.17,30.829],[80.168,30.828],[80.166,30.828],[80.164,30.827],[80.115,30.803],[80.021,30.882],[80.02,30.883],[80.018,30.884],[80.017,30.884],[79.97,30.907],[79.968,30.907],[79.966,30.908],[79.964,30.908],[79.962,30.909],[79.96,30.909],[79.958,30.908],[79.956,30.908],[79.936,30.903],[79.905,30.93],[79.885,30.98],[79.884,30.981],[79.883,30.983],[79.881,30.985],[79.88,30.986],[79.879,30.987],[79.877,30.988],[79.875,30.989],[79.874,30.99],[79.872,30.991],[79.87,30.991],[79.868,30.992],[79.866,30.992],[79.822,30.992],[79.762,31.023],[79.76,31.024],[79.758,31.025],[79.756,31.025],[79.754,31.026],[79.752,31.026],[79.75,31.026],[79.748,31.025],[79.746,31.025],[79.745,31.024],[79.743,31.023],[79.741,31.022],[79.74,31.021],[79.738,31.02],[79.737,31.018],[79.736,31.017],[79.725,31.0],[79.666,31.003],[79.665,31.003],[79.663,31.003],[79.661,31.002],[79.659,31.002],[79.657,31.001],[79.655,31.0],[79.653,30.999],[79.652,30.998],[79.651,30.996],[79.649,30.995],[79.648,30.993],[79.647,30.991],[79.647,30.989],[79.646,30.987],[79.646,30.985],[79.645,30.979],[79.603,30.961],[79.596,30.963],[79.557,30.988],[79.524,31.043],[79.523,31.044],[79.522,31.046],[79.52,31.047],[79.519,31.048],[79.517,31.049],[79.516,31.05],[79.514,31.051],[79.512,31.052],[79.51,31.052],[79.508,31.052],[79.506,31.052],[79.504,31.052],[79.466,31.048],[79.441,31.064],[79.433,31.111],[79.432,31.113],[79.431,31.115],[79.43,31.117],[79.43,31.119],[79.428,31.121],[79.427,31.122],[79.425,31.123],[79.424,31.125],[79.422,31.126],[79.42,31.127],[79.33,31.163],[79.321,31.222],[79.32,31.224],[79.32,31.226],[79.319,31.228],[79.318,31.23],[79.317,31.231],[79.315,31.233],[79.314,31.234],[79.312,31.235],[79.311,31.236],[79.259,31.265],[79.264,31.271],[79.265,31.272],[79.266,31.274],[79.267,31.276],[79.268,31.278],[79.269,31.279],[79.269,31.282],[79.269,31.284],[79.269,31.285],[79.269,31.287],[79.269,31.289],[79.268,31.291],[79.267,31.293],[79.266,31.295],[79.265,31.297],[79.264,31.298],[79.247,31.317],[79.251,31.322],[79.253,31.323],[79.254,31.325],[79.255,31.327],[79.255,31.329],[79.256,31.331],[79.256,31.332],[79.257,31.334],[79.256,31.337],[79.256,31.338],[79.256,31.34],[79.255,31.342],[79.254,31.344],[79.253,31.346],[79.252,31.347],[79.251,31.349],[79.249,31.35],[79.248,31.352],[79.246,31.352],[79.244,31.353],[79.191,31.376],[79.191,31.399],[79.191,31.401],[79.191,31.403],[79.19,31.405],[79.189,31.407],[79.188,31.409],[79.187,31.41],[79.186,31.412],[79.185,31.413],[79.183,31.415],[79.111,31.471],[79.11,31.472],[79.108,31.473],[79.106,31.473],[79.104,31.474],[79.102,31.474],[79.1,31.475],[79.098,31.475],[79.096,31.474],[79.094,31.474],[79.093,31.474],[79.012,31.446],[79.011,31.445],[79.009,31.444],[79.007,31.443],[79.006,31.442],[79.004,31.441],[79.003,31.439],[79.002,31.438],[79.001,31.436],[79.0,31.434],[79.0,31.432],[78.999,31.43],[78.999,31.429],[78.999,31.427],[78.999,31.374],[78.948,31.385],[78.946,31.386],[78.944,31.386],[78.942,31.386],[78.941,31.386],[78.778,31.491],[78.772,31.497],[78.77,31.498],[78.769,31.5],[78.767,31.5],[78.765,31.501],[78.764,31.502],[78.762,31.502],[78.76,31.503],[78.759,31.503],[78.745,31.512],[78.748,31.518],[78.779,31.524],[78.781,31.524],[78.782,31.525],[78.784,31.526],[78.786,31.527],[78.787,31.528],[78.789,31.529],[78.86,31.594],[78.862,31.596],[78.863,31.597],[78.864,31.599],[78.865,31.601],[78.866,31.603],[78.866,31.605],[78.867,31.607],[78.867,31.608],[78.867,31.61],[78.866,31.613],[78.866,31.614],[78.865,31.616],[78.865,31.618],[78.864,31.62],[78.862,31.622],[78.861,31.623],[78.86,31.624],[78.821,31.657],[78.819,31.683],[78.818,31.685],[78.818,31.687],[78.817,31.689],[78.816,31.691],[78.815,31.693],[78.814,31.694],[78.813,31.696],[78.811,31.697],[78.81,31.698],[78.808,31.699],[78.806,31.7],[78.804,31.701],[78.802,31.701],[78.8,31.701],[78.798,31.701],[78.765,31.701],[78.726,31.801],[78.753,31.827],[78.755,31.829],[78.756,31.83],[78.757,31.832],[78.758,31.833],[78.759,31.835],[78.759,31.837],[78.76,31.839],[78.76,31.841],[78.762,31.893],[78.784,31.917],[78.785,31.919],[78.786,31.92],[78.787,31.922],[78.788,31.924],[78.788,31.926],[78.789,31.927],[78.799,31.99],[78.8,31.992],[78.8,31.994],[78.799,31.996],[78.799,31.998],[78.799,32.0],[78.798,32.002],[78.797,32.004],[78.796,32.005],[78.795,32.007],[78.793,32.008],[78.792,32.01],[78.79,32.011],[78.788,32.012],[78.786,32.012],[78.784,32.013],[78.747,32.023],[78.703,32.086],[78.703,32.115],[78.702,32.117],[78.702,32.119],[78.702,32.12],[78.701,32.122],[78.7,32.124],[78.699,32.126],[78.698,32.127],[78.697,32.129],[78.695,32.13],[78.694,32.131],[78.692,32.132],[78.69,32.133],[78.689,32.134],[78.687,32.134],[78.641,32.144],[78.613,32.174],[78.616,32.195],[78.616,32.197],[78.616,32.199],[78.615,32.201],[78.615,32.203],[78.615,32.205],[78.614,32.207],[78.613,32.209],[78.612,32.21],[78.61,32.212],[78.609,32.213],[78.607,32.214],[78.606,32.215],[78.604,32.216],[78.602,32.217],[78.6,32.218],[78.598,32.218],[78.572,32.221],[78.552,32.25],[78.474,32.558],[78.505,32.564],[78.507,32.564],[78.509,32.565],[78.51,32.566],[78.512,32.567],[78.514,32.568],[78.515,32.57],[78.517,32.571],[78.518,32.573],[78.519,32.575],[78.528,32.593],[78.632,32.586],[78.633,32.585],[78.737,32.566],[78.738,32.564],[78.738,32.562],[78.76,32.474],[78.76,32.472],[78.761,32.471],[78.762,32.469],[78.763,32.467],[78.764,32.466],[78.824,32.399],[78.825,32.398],[78.827,32.397],[78.828,32.395],[78.83,32.395],[78.832,32.394],[78.834,32.393],[78.883,32.382],[78.955,32.321],[78.957,32.319],[78.959,32.318],[78.96,32.317],[78.962,32.317],[78.964,32.316],[78.966,32.316],[78.968,32.316],[78.97,32.316],[78.972,32.316],[78.974,32.317],[78.976,32.317],[78.978,32.318],[78.979,32.319],[78.981,32.32],[78.983,32.322],[79.021,32.36],[79.098,32.351],[79.1,32.351],[79.102,32.351],[79.104,32.351],[79.106,32.351],[79.108,32.352],[79.109,32.353],[79.111,32.354],[79.113,32.355],[79.114,32.356],[79.116,32.358],[79.117,32.36],[79.118,32.361],[79.119,32.363],[79.119,32.365],[79.148,32.465],[79.19,32.479],[79.192,32.48],[79.194,32.48],[79.196,32.481],[79.197,32.483],[79.199,32.484],[79.2,32.486],[79.201,32.487],[79.202,32.489],[79.203,32.491],[79.203,32.493],[79.204,32.496],[79.248,32.497],[79.25,32.497],[79.252,32.497],[79.254,32.498],[79.256,32.498],[79.257,32.499],[79.259,32.5],[79.261,32.501],[79.262,32.502],[79.263,32.504],[79.264,32.505],[79.279,32.526],[79.28,32.525],[79.281,32.524],[79.283,32.523],[79.284,32.522],[79.286,32.521],[79.288,32.52],[79.29,32.52],[79.292,32.52],[79.294,32.52],[79.296,32.52],[79.298,32.52],[79.3,32.52],[79.301,32.521],[79.303,32.522],[79.305,32.523],[79.324,32.536],[79.333,32.519],[79.334,32.517],[79.335,32.516],[79.337,32.514],[79.338,32.513],[79.34,32.512],[79.341,32.511],[79.343,32.51],[79.345,32.51],[79.346,32.509],[79.348,32.509],[79.411,32.5],[79.413,32.5],[79.415,32.5],[79.416,32.5],[79.418,32.501],[79.42,32.501],[79.422,32.502],[79.424,32.503],[79.425,32.504],[79.427,32.505],[79.428,32.507],[79.43,32.508],[79.43,32.51],[79.431,32.512],[79.469,32.591],[79.561,32.661],[79.562,32.662],[79.563,32.663],[79.565,32.665],[79.566,32.667],[79.567,32.669],[79.567,32.67],[79.568,32.672],[79.568,32.674],[79.577,32.757],[79.577,32.759],[79.577,32.761],[79.577,32.763],[79.576,32.765],[79.576,32.767],[79.575,32.769],[79.574,32.77],[79.573,32.772],[79.572,32.773],[79.57,32.775],[79.569,32.776],[79.567,32.777],[79.495,32.816],[79.482,32.837],[79.491,32.874],[79.491,32.876],[79.491,32.878],[79.491,32.88],[79.491,32.882],[79.491,32.884],[79.49,32.886],[79.489,32.888],[79.488,32.889],[79.487,32.891],[79.486,32.892],[79.485,32.894],[79.483,32.895],[79.481,32.896],[79.48,32.897],[79.416,32.927],[79.418,32.935],[79.419,32.937],[79.419,32.938],[79.42,32.94],[79.42,32.942],[79.42,32.944],[79.419,32.946],[79.419,32.948],[79.418,32.95],[79.417,32.951],[79.416,32.953],[79.415,32.955],[79.414,32.956],[79.412,32.957],[79.411,32.958],[79.409,32.959],[79.407,32.96],[79.405,32.961],[79.403,32.961],[79.402,32.962],[79.4,32.962],[79.398,32.962],[79.376,32.959],[79.351,33.007],[79.349,33.026],[79.372,33.046],[79.373,33.047],[79.374,33.049],[79.375,33.05],[79.376,33.052],[79.377,33.054],[79.427,33.182],[79.427,33.183],[79.428,33.185],[79.428,33.187],[79.428,33.189],[79.428,33.191],[79.428,33.193],[79.427,33.195],[79.427,33.197],[79.426,33.198],[79.425,33.2],[79.424,33.202],[79.422,33.203],[79.421,33.204],[79.42,33.205],[79.418,33.206],[79.416,33.207],[79.414,33.208],[79.413,33.208],[79.342,33.224],[79.34,33.224],[79.338,33.224],[79.336,33.224],[79.334,33.224],[79.332,33.224],[79.33,33.223],[79.308,33.214],[79.286,33.235],[79.285,33.237],[79.283,33.238],[79.282,33.239],[79.28,33.24],[79.278,33.24],[79.223,33.257],[79.221,33.258],[79.219,33.258],[79.217,33.258],[79.215,33.258],[79.213,33.258],[79.211,33.257],[79.209,33.256],[79.207,33.255],[79.206,33.254],[79.204,33.253],[79.203,33.252],[79.201,33.25],[79.2,33.249],[79.199,33.247],[79.198,33.245],[79.198,33.243],[79.196,33.237],[79.188,33.239],[79.186,33.24],[79.184,33.24],[79.182,33.24],[79.18,33.24],[79.179,33.24],[79.177,33.239],[79.175,33.238],[79.173,33.237],[79.172,33.236],[79.17,33.235],[79.169,33.234],[79.167,33.233],[79.146,33.206],[79.118,33.217],[79.097,33.234],[79.098,33.236],[79.098,33.237],[79.099,33.239],[79.1,33.241],[79.1,33.243],[79.1,33.245],[79.1,33.247],[79.1,33.249],[79.099,33.251],[79.098,33.253],[79.097,33.255],[79.096,33.256],[79.095,33.258],[79.094,33.26],[79.092,33.261],[79.091,33.262],[79.053,33.285],[79.046,33.324],[79.046,33.326],[79.045,33.328],[79.044,33.33],[79.043,33.331],[79.042,33.333],[79.041,33.334],[79.04,33.336],[79.038,33.337],[79.036,33.338],[79.034,33.339],[79.032,33.34],[78.977,33.356],[78.959,33.387],[78.933,33.558],[78.933,33.559],[78.932,33.561],[78.932,33.563],[78.931,33.565],[78.93,33.566],[78.928,33.568],[78.927,33.569],[78.926,33.57],[78.911,33.582],[78.919,33.599],[79.001,33.588],[79.003,33.587],[79.005,33.587],[79.007,33.588],[79.088,33.6],[79.09,33.6],[79.092,33.601],[79.094,33.601],[79.095,33.602],[79.097,33.603],[79.098,33.604],[79.1,33.606],[79.101,33.607],[79.102,33.609],[79.103,33.61],[79.104,33.612],[79.104,33.614],[79.11,33.632],[79.11,33.633],[79.11,33.636],[79.11,33.638],[79.11,33.639],[79.11,33.642],[79.109,33.643],[79.109,33.645],[79.108,33.647],[79.107,33.649],[79.105,33.65],[79.104,33.652],[79.103,33.653],[79.101,33.654],[79.035,33.695],[79.048,33.749],[79.048,33.751],[79.048,33.753],[79.048,33.755],[79.048,33.757],[79.048,33.759],[79.047,33.761],[79.046,33.763],[79.045,33.764],[79.044,33.766],[79.043,33.767],[78.983,33.831],[78.956,33.919],[78.956,33.92],[78.955,33.922],[78.954,33.924],[78.953,33.925],[78.912,33.974],[78.924,33.993],[78.994,34.015],[79.091,33.972],[79.093,33.971],[79.095,33.971],[79.097,33.97],[79.099,33.97],[79.101,33.97],[79.103,33.97],[79.105,33.971],[79.107,33.971],[79.192,34.005],[79.401,33.982],[79.403,33.982],[79.405,33.982],[79.407,33.983],[79.409,33.983],[79.411,33.984],[79.412,33.984],[79.414,33.985],[79.416,33.986],[79.417,33.988],[79.418,33.989],[79.419,33.991],[79.421,33.992],[79.421,33.994],[79.449,34.053],[79.449,34.055],[79.45,34.057],[79.45,34.059],[79.45,34.061],[79.45,34.062],[79.45,34.065],[79.45,34.066],[79.449,34.068],[79.442,34.088],[79.493,34.107],[79.494,34.108],[79.496,34.108],[79.498,34.109],[79.499,34.111],[79.5,34.112],[79.502,34.114],[79.503,34.115],[79.504,34.117],[79.504,34.118],[79.505,34.12],[79.505,34.122],[79.506,34.124],[79.51,34.177],[79.615,34.22],[79.617,34.221],[79.618,34.221],[79.62,34.223],[79.621,34.224],[79.623,34.225],[79.624,34.227],[79.625,34.228],[79.626,34.23],[79.626,34.232],[79.627,34.234],[79.627,34.236],[79.627,34.238],[79.627,34.24],[79.623,34.308],[79.623,34.31],[79.622,34.312],[79.621,34.314],[79.621,34.316],[79.62,34.317],[79.619,34.319],[79.617,34.32],[79.616,34.322],[79.614,34.323],[79.613,34.324],[79.611,34.325],[79.591,34.334],[79.549,34.449],[79.549,34.451],[79.548,34.453],[79.547,34.454],[79.546,34.455],[79.617,34.431],[79.619,34.43],[79.621,34.43],[79.623,34.43],[79.625,34.43],[79.675,34.435],[79.677,34.435],[79.679,34.435],[79.681,34.436],[79.683,34.437],[79.684,34.438],[79.686,34.439],[79.687,34.44],[79.688,34.441],[79.705,34.459],[79.71,34.456],[79.712,34.455],[79.713,34.454],[79.715,34.453],[79.717,34.452],[79.718,34.452],[79.72,34.452],[79.722,34.452],[79.724,34.452],[79.797,34.46],[79.799,34.461],[79.8,34.461],[79.802,34.462],[79.804,34.462],[79.805,34.464],[79.807,34.465],[79.808,34.466],[79.81,34.467],[79.811,34.469],[79.812,34.471],[79.813,34.472],[79.813,34.474],[79.831,34.528],[79.831,34.53],[79.831,34.532],[79.832,34.534],[79.831,34.536],[79.831,34.538],[79.831,34.539],[79.83,34.541],[79.829,34.543],[79.828,34.545],[79.827,34.546],[79.812,34.566],[79.819,34.58],[79.82,34.582],[79.821,34.583],[79.821,34.585],[79.822,34.587],[79.822,34.589],[79.822,34.591],[79.822,34.593],[79.821,34.595],[79.82,34.597],[79.811,34.619],[79.9,34.674],[79.944,34.655],[79.946,34.655],[79.948,34.654],[79.95,34.654],[79.951,34.654],[79.954,34.654],[79.956,34.654],[79.957,34.655],[79.959,34.655],[79.961,34.656],[79.963,34.657],[79.964,34.658],[79.966,34.66],[79.967,34.661],[79.982,34.68],[80.075,34.686],[80.077,34.686],[80.079,34.686],[80.081,34.687],[80.083,34.688],[80.085,34.689],[80.086,34.69],[80.088,34.691],[80.089,34.692],[80.09,34.694],[80.091,34.695],[80.092,34.697],[80.093,34.699],[80.094,34.701],[80.094,34.703],[80.094,34.705],[80.094,34.706],[80.094,34.708],[80.089,34.749],[80.106,34.756],[80.108,34.757],[80.11,34.758],[80.112,34.759],[80.113,34.76],[80.114,34.762],[80.116,34.764],[80.117,34.765],[80.118,34.767],[80.152,34.853],[80.211,34.872],[80.213,34.873],[80.215,34.874],[80.217,34.875],[80.218,34.876],[80.219,34.877],[80.221,34.879],[80.222,34.881],[80.223,34.882],[80.224,34.884],[80.224,34.886],[80.225,34.888],[80.225,34.89],[80.225,34.892],[80.225,34.894],[80.225,34.896],[80.224,34.898],[80.209,34.941],[80.247,34.975],[80.248,34.976],[80.25,34.978],[80.251,34.979],[80.252,34.981],[80.252,34.983],[80.253,34.985],[80.253,34.986],[80.254,34.988],[80.254,34.99],[80.253,34.992],[80.253,34.994],[80.252,34.996],[80.252,34.998],[80.251,35.0],[80.25,35.001],[80.249,35.003],[80.247,35.004],[80.246,35.005],[80.244,35.007],[80.243,35.008],[80.241,35.008],[80.239,35.009],[80.237,35.009],[80.233,35.01],[80.216,35.11],[80.246,35.132],[80.247,35.133],[80.248,35.135],[80.249,35.136],[80.25,35.138],[80.251,35.14],[80.252,35.141],[80.253,35.143],[80.253,35.145],[80.253,35.147],[80.253,35.149],[80.253,35.151],[80.253,35.153],[80.252,35.154],[80.251,35.156],[80.246,35.167],[80.263,35.185],[80.281,35.184],[80.283,35.184],[80.285,35.184],[80.287,35.184],[80.289,35.185],[80.291,35.186],[80.293,35.187],[80.294,35.188],[80.296,35.189],[80.297,35.19],[80.298,35.192],[80.299,35.193],[80.3,35.195],[80.301,35.197],[80.302,35.198],[80.302,35.2],[80.314,35.264],[80.314,35.266],[80.314,35.268],[80.314,35.27],[80.314,35.272],[80.313,35.274],[80.313,35.276],[80.312,35.277],[80.311,35.279],[80.31,35.281],[80.308,35.282],[80.289,35.302],[80.302,35.341],[80.422,35.409],[80.423,35.41],[80.425,35.411],[80.426,35.412],[80.428,35.414],[80.429,35.415],[80.43,35.417],[80.43,35.419],[80.431,35.42],[80.432,35.422],[80.432,35.424],[80.432,35.426],[80.432,35.477],[80.431,35.479],[80.431,35.481],[80.431,35.483],[80.43,35.485],[80.429,35.487],[80.428,35.488],[80.427,35.49],[80.426,35.491],[80.372,35.543],[80.371,35.545],[80.369,35.546],[80.368,35.547],[80.366,35.548],[80.364,35.548],[80.362,35.549],[80.36,35.549],[80.358,35.549],[80.356,35.549],[80.327,35.545],[80.315,35.566],[80.314,35.568],[80.312,35.569],[80.311,35.571],[80.31,35.572],[80.308,35.573],[80.306,35.574],[80.304,35.575],[80.271,35.587],[80.269,35.588],[80.267,35.588],[80.265,35.588],[80.263,35.588],[80.261,35.588],[80.259,35.588],[80.257,35.587],[80.231,35.578],[80.22,35.589],[80.219,35.59],[80.217,35.591],[80.215,35.593],[80.214,35.593],[80.212,35.594],[80.21,35.595],[80.208,35.595],[80.206,35.595],[80.204,35.595],[80.203,35.595],[80.201,35.595],[80.199,35.594],[80.197,35.593],[80.195,35.593],[80.156,35.57],[80.155,35.569],[80.153,35.568],[80.152,35.566],[80.15,35.565],[80.149,35.563],[80.148,35.561],[80.147,35.56],[80.147,35.558],[80.146,35.556],[80.146,35.554],[80.146,35.552],[80.146,35.55],[80.147,35.548],[80.147,35.546],[80.157,35.52],[80.102,35.497],[80.101,35.496],[80.099,35.495],[80.097,35.494],[80.096,35.493],[80.067,35.465],[80.066,35.463],[80.065,35.462],[80.064,35.46],[80.063,35.458],[80.062,35.457],[80.061,35.455],[80.061,35.453],[80.061,35.451],[80.061,35.45],[79.986,35.56],[79.986,35.566],[80.012,35.587],[80.013,35.588],[80.014,35.59],[80.016,35.591],[80.017,35.593],[80.017,35.595],[80.018,35.597],[80.019,35.599],[80.019,35.6],[80.019,35.602],[80.019,35.604],[80.019,35.606],[80.018,35.608],[80.017,35.61],[80.017,35.612],[80.016,35.614],[80.014,35.615],[80.013,35.617],[80.012,35.618],[80.01,35.619],[80.008,35.62],[80.007,35.621],[80.005,35.621],[79.974,35.631],[79.974,35.634],[79.974,35.636],[79.974,35.638],[79.973,35.64],[79.972,35.642],[79.972,35.644],[79.971,35.645],[79.969,35.647],[79.968,35.648],[79.967,35.65],[79.965,35.651],[79.963,35.652],[79.962,35.653],[79.96,35.653],[79.958,35.654],[79.956,35.654],[79.954,35.654],[79.952,35.654],[79.95,35.654],[79.948,35.653],[79.946,35.652],[79.945,35.651],[79.854,35.602],[79.834,35.637],[79.833,35.638],[79.832,35.64],[79.831,35.641],[79.829,35.642],[79.828,35.644],[79.826,35.645],[79.825,35.645],[79.823,35.646],[79.821,35.647],[79.819,35.647],[79.718,35.658],[79.697,35.708],[79.696,35.71],[79.695,35.712],[79.694,35.713],[79.692,35.715],[79.655,35.749],[79.658,35.775],[79.659,35.777],[79.659,35.779],[79.658,35.781],[79.658,35.783],[79.657,35.785],[79.656,35.787],[79.655,35.789],[79.654,35.79],[79.653,35.792],[79.651,35.793],[79.65,35.794],[79.648,35.795],[79.595,35.823],[79.608,35.872],[79.608,35.874],[79.608,35.876],[79.608,35.878],[79.608,35.88],[79.608,35.881],[79.607,35.883],[79.607,35.885],[79.606,35.887],[79.605,35.888],[79.604,35.89],[79.588,35.909],[79.586,35.911],[79.585,35.912],[79.583,35.913],[79.581,35.914],[79.58,35.915],[79.578,35.916],[79.576,35.916],[79.574,35.916],[79.572,35.916],[79.57,35.916],[79.568,35.916],[79.566,35.916],[79.564,35.915],[79.562,35.914],[79.561,35.913],[79.559,35.912],[79.51,35.87],[79.495,35.87],[79.481,35.879],[79.487,35.893],[79.487,35.895],[79.488,35.896],[79.488,35.898],[79.488,35.9],[79.488,35.902],[79.488,35.904],[79.487,35.906],[79.487,35.908],[79.486,35.91],[79.485,35.912],[79.484,35.913],[79.46,35.941],[79.462,35.967],[79.462,35.969],[79.462,35.971],[79.461,35.973],[79.461,35.975],[79.46,35.976],[79.459,35.978],[79.458,35.98],[79.457,35.981],[79.456,35.983],[79.454,35.984],[79.453,35.985],[79.451,35.986],[79.449,35.987],[79.448,35.987],[79.446,35.988],[79.347,36.008],[79.345,36.008],[79.344,36.008],[79.341,36.008],[79.34,36.008],[79.338,36.007],[79.336,36.006],[79.334,36.005],[79.332,36.005],[79.331,36.003],[79.329,36.002],[79.328,36.001],[79.327,35.999],[79.326,35.997],[79.325,35.996],[79.324,35.994],[79.324,35.992],[79.321,35.977],[79.266,35.948],[79.08,35.967],[79.078,35.967],[79.076,35.967],[79.074,35.967],[79.072,35.966],[79.07,35.965],[79.068,35.965],[79.067,35.964],[79.026,35.936],[78.862,35.993],[78.861,35.994],[78.859,35.994],[78.856,35.994],[78.855,35.994],[78.853,35.994],[78.85,35.993],[78.849,35.993],[78.847,35.992],[78.845,35.991],[78.843,35.99],[78.842,35.989],[78.841,35.987],[78.839,35.985],[78.838,35.984],[78.787,35.888],[78.671,35.872],[78.669,35.871],[78.667,35.871],[78.665,35.87],[78.663,35.869],[78.661,35.868],[78.66,35.867],[78.658,35.865],[78.657,35.864],[78.656,35.862],[78.644,35.84],[78.605,35.835],[78.603,35.835],[78.601,35.834],[78.599,35.833],[78.597,35.833],[78.596,35.831],[78.529,35.784],[78.469,35.784],[78.452,35.797],[78.451,35.798],[78.449,35.799],[78.447,35.8],[78.445,35.8],[78.444,35.8],[78.442,35.801],[78.44,35.801],[78.438,35.8],[78.436,35.8],[78.434,35.8],[78.432,35.799],[78.43,35.798],[78.429,35.797],[78.427,35.796],[78.426,35.794],[78.425,35.793],[78.424,35.791],[78.397,35.75],[78.243,35.745],[78.241,35.745],[78.239,35.745],[78.237,35.744],[78.235,35.743],[78.234,35.743],[78.232,35.742],[78.23,35.74],[78.229,35.739],[78.228,35.737],[78.227,35.736],[78.197,35.688],[78.181,35.687],[78.18,35.687],[78.177,35.687],[78.176,35.686],[78.174,35.686],[78.172,35.685],[78.17,35.684],[78.169,35.683],[78.167,35.681],[78.166,35.68],[78.165,35.678],[78.164,35.676],[78.163,35.675],[78.162,35.673],[78.162,35.671],[78.162,35.669],[78.162,35.667],[78.162,35.665],[78.162,35.663],[78.163,35.661],[78.163,35.659],[78.164,35.657],[78.168,35.651],[78.167,35.65],[78.166,35.648],[78.164,35.647],[78.163,35.645],[78.162,35.643],[78.161,35.642],[78.161,35.64],[78.142,35.572],[78.105,35.576],[78.103,35.576],[78.101,35.576],[78.099,35.576],[78.097,35.575],[78.096,35.575],[78.094,35.574],[78.092,35.573],[78.091,35.572],[78.089,35.57],[78.088,35.569],[78.087,35.567],[78.086,35.567],[78.055,35.6],[78.053,35.602],[78.052,35.603],[78.05,35.604],[78.048,35.605],[78.046,35.606],[78.045,35.606],[78.043,35.607],[78.041,35.607],[78.038,35.607],[78.037,35.606],[78.035,35.606],[78.033,35.605],[78.031,35.604],[78.029,35.603],[78.028,35.602],[78.026,35.601],[78.025,35.599],[78.012,35.584],[77.937,35.579],[77.935,35.579],[77.933,35.579],[77.931,35.578],[77.929,35.577],[77.928,35.577],[77.926,35.575],[77.925,35.574],[77.923,35.573],[77.922,35.572],[77.921,35.57],[77.92,35.568],[77.919,35.566],[77.919,35.565],[77.899,35.493],[77.825,35.539],[77.823,35.54],[77.822,35.541],[77.82,35.541],[77.818,35.542],[77.816,35.542],[77.814,35.542],[77.812,35.542],[77.81,35.542],[77.809,35.541],[77.807,35.541],[77.805,35.54],[77.757,35.514],[77.531,35.569],[77.528,35.583],[77.528,35.585],[77.528,35.587],[77.527,35.588],[77.526,35.59],[77.486,35.662],[77.485,35.663],[77.484,35.665],[77.483,35.666],[77.481,35.668],[77.48,35.669],[77.478,35.67],[77.476,35.671],[77.474,35.671],[77.472,35.672],[77.47,35.672],[77.468,35.672],[77.466,35.672],[77.464,35.671],[77.428,35.662],[77.363,35.733],[77.362,35.735],[77.36,35.736],[77.359,35.737],[77.357,35.738],[77.355,35.739],[77.353,35.739],[77.351,35.74],[77.349,35.74],[77.347,35.74],[77.211,35.73],[77.103,35.757],[77.086,35.789],[77.085,35.791],[77.084,35.793],[77.083,35.794],[77.081,35.795],[77.08,35.797],[77.02,35.836],[77.018,35.837],[77.016,35.838],[77.015,35.839],[77.013,35.839],[76.848,35.878],[76.799,35.92],[76.799,36.04],[76.799,36.042],[76.799,36.044],[76.798,36.045],[76.778,36.116],[76.777,36.117],[76.776,36.119],[76.775,36.121],[76.774,36.123],[76.734,36.172],[76.733,36.174],[76.732,36.175],[76.731,36.176],[76.729,36.177],[76.679,36.208],[76.678,36.208],[76.676,36.209],[76.674,36.21],[76.673,36.21],[76.671,36.21],[76.669,36.21],[76.571,36.21],[76.477,36.239],[76.443,36.255],[76.406,36.32],[76.405,36.321],[76.404,36.323],[76.403,36.324],[76.401,36.325],[76.4,36.327],[76.398,36.328],[76.396,36.328],[76.394,36.329],[76.324,36.349],[76.322,36.35],[76.32,36.35],[76.318,36.35],[76.316,36.35],[76.247,36.341],[76.165,36.438],[76.163,36.439],[76.162,36.44],[76.16,36.441],[76.159,36.442],[76.157,36.443],[76.155,36.444],[76.154,36.444],[76.152,36.444],[76.039,36.458],[75.957,36.58],[75.961,36.603],[75.961,36.605],[75.961,36.607],[75.961,36.609],[75.96,36.611],[75.96,36.613],[75.959,36.615],[75.958,36.617],[75.957,36.618],[75.956,36.62],[75.954,36.621],[75.953,36.623],[75.899,36.661],[75.897,36.667],[75.845,36.7],[75.747,36.769],[75.746,36.77],[75.744,36.771],[75.743,36.772],[75.741,36.772],[75.722,36.778],[75.438,36.957],[75.438,36.958],[75.438,36.96],[75.438,36.962],[75.437,36.964],[75.437,36.965],[75.436,36.967],[75.435,36.969],[75.434,36.971],[75.433,36.972],[75.432,36.974],[75.43,36.975],[75.429,36.976],[75.427,36.977],[75.425,36.978],[75.423,36.978],[75.421,36.979],[75.395,36.983],[75.158,37.133],[74.98,37.42]]],[[[109.475,18.198],[108.655,18.508],[108.626,19.368],[109.119,19.821],[110.212,20.101],[110.787,20.078],[111.01,19.696],[110.571,19.256],[110.339,18.678],[109.475,18.198]]]]}},{"type":"Feature","properties":{"ISO_A3":"CIV","NAME":"C\u00f4te d'Ivoire"},"geometry":{"type":"Polygon","coordinates":[[[-5.404,10.371],[-4.955,10.153],[-4.78,9.822],[-4.33,9.611],[-3.98,9.862],[-3.512,9.9],[-2.827,9.642],[-2.562,8.22],[-2.984,7.38],[-3.244,6.25],[-2.811,5.389],[-2.856,4.994],[-3.311,4.984],[-4.009,5.18],[-4.65,5.168],[-5.834,4.994],[-6.529,4.705],[-7.519,4.338],[-7.712,4.365],[-7.635,5.188],[-7.54,5.313],[-7.57,5.707],[-7.994,6.126],[-8.311,6.193],[-8.603,6.468],[-8.385,6.912],[-8.485,7.395],[-8.439,7.686],[-8.281,7.687],[-8.222,8.123],[-8.299,8.316],[-8.203,8.455],[-7.832,8.576],[-8.079,9.376],[-8.31,9.79],[-8.229,10.129],[-8.03,10.207],[-7.9,10.297],[-7.623,10.147],[-6.851,10.139],[-6.666,10.431],[-6.494,10.411],[-6.205,10.524],[-6.05,10.096],[-5.817,10.223],[-5.404,10.371]]]}},{"type":"Feature","properties":{"ISO_A3":"CMR","NAME":"Cameroon"},"geometry":{"type":"Polygon","coordinates":[[[15.279,7.422],[14.777,6.408],[14.537,6.227],[14.459,5.452],[14.559,5.031],[14.478,4.733],[14.951,4.21],[15.036,3.851],[15.405,3.335],[15.863,3.014],[15.907,2.557],[16.013,2.268],[15.941,1.728],[15.146,1.964],[14.338,2.228],[13.076,2.267],[12.951,2.322],[12.359,2.193],[11.752,2.327],[11.276,2.261],[9.649,2.284],[9.795,3.073],[9.404,3.735],[8.948,3.904],[8.745,4.352],[8.489,4.496],[8.5,4.772],[8.758,5.48],[9.233,6.444],[9.523,6.453],[10.118,7.039],[10.497,7.055],[11.059,6.644],[11.746,6.981],[11.839,7.397],[12.064,7.8],[12.219,8.306],[12.754,8.718],[12.955,9.418],[13.168,9.641],[13.309,10.16],[13.573,10.799],[14.415,11.572],[14.468,11.905],[14.577,12.085],[14.181,12.484],[14.214,12.802],[14.496,12.859],[14.893,12.219],[14.96,11.556],[14.924,10.891],[15.468,9.982],[14.909,9.992],[14.627,9.921],[14.171,10.021],[13.954,9.549],[14.544,8.966],[14.98,8.796],[15.121,8.382],[15.436,7.693],[15.279,7.422]]]}},{"type":"Feature","properties":{"ISO_A3":"COD","NAME":"Dem. Rep. Congo"},"geometry":{"type":"Polygon","coordinates":[[[23.912,-10.927],[23.457,-10.868],[22.837,-11.018],[22.403,-10.993],[22.155,-11.085],[22.209,-9.895],[21.875,-9.524],[21.802,-8.909],[21.949,-8.306],[21.746,-7.92],[21.728,-7.291],[20.515,-7.3],[20.602,-6.939],[20.092,-6.943],[20.038,-7.116],[19.418,-7.155],[19.167,-7.738],[19.017,-7.988],[18.464,-7.847],[18.134,-7.988],[17.473,-8.069],[17.09,-7.546],[16.86,-7.222],[16.573,-6.623],[16.327,-5.877],[13.376,-5.864],[13.025,-5.984],[12.735,-5.966],[12.322,-6.1],[12.182,-5.79],[12.437,-5.684],[12.468,-5.248],[12.632,-4.991],[12.996,-4.781],[13.258,-4.883],[13.6,-4.5],[14.145,-4.51],[14.209,-4.793],[14.583,-4.97],[15.171,-4.344],[15.754,-3.855],[16.006,-3.535],[15.973,-2.712],[16.407,-1.741],[16.865,-1.226],[17.524,-0.744],[17.639,-0.425],[17.664,-0.058],[17.827,0.289],[17.774,0.856],[17.899,1.742],[18.094,2.366],[18.394,2.9],[18.453,3.504],[18.543,4.202],[18.932,4.71],[19.468,5.032],[20.291,4.692],[20.928,4.323],[21.659,4.224],[22.405,4.029],[22.704,4.633],[22.841,4.71],[23.297,4.61],[24.411,5.109],[24.805,4.897],[25.129,4.927],[25.279,5.17],[25.65,5.256],[26.403,5.151],[27.044,5.128],[27.374,5.234],[27.98,4.408],[28.429,4.287],[28.697,4.455],[29.159,4.389],[29.716,4.601],[29.953,4.174],[30.834,3.509],[30.834,3.509],[30.773,2.34],[31.174,2.204],[30.853,1.849],[30.469,1.584],[30.086,1.062],[29.876,0.597],[29.82,-0.205],[29.588,-0.587],[29.579,-1.341],[29.292,-1.62],[29.255,-2.215],[29.117,-2.292],[29.025,-2.839],[29.276,-3.294],[29.34,-4.5],[29.52,-5.42],[29.42,-5.94],[29.62,-6.52],[30.2,-7.08],[30.74,-8.34],[30.74,-8.34],[30.346,-8.238],[29.003,-8.407],[28.735,-8.527],[28.45,-9.165],[28.674,-9.606],[28.496,-10.79],[28.372,-11.794],[28.642,-11.972],[29.342,-12.361],[29.616,-12.179],[29.7,-13.257],[28.934,-13.249],[28.524,-12.699],[28.155,-12.272],[27.389,-12.133],[27.164,-11.609],[26.553,-11.924],[25.752,-11.785],[25.418,-11.331],[24.783,-11.239],[24.315,-11.263],[24.257,-10.952],[23.912,-10.927]]]}},{"type":"Feature","properties":{"ISO_A3":"COG","NAME":"Congo"},"geometry":{"type":"Polygon","coordinates":[[[12.996,-4.781],[12.621,-4.438],[12.319,-4.606],[11.915,-5.038],[11.094,-3.979],[11.855,-3.427],[11.478,-2.766],[11.821,-2.514],[12.496,-2.392],[12.575,-1.949],[13.11,-2.429],[13.992,-2.471],[14.299,-1.998],[14.425,-1.333],[14.316,-0.553],[13.843,0.039],[14.276,1.197],[14.027,1.396],[13.283,1.314],[13.003,1.831],[13.076,2.267],[14.338,2.228],[15.146,1.964],[15.941,1.728],[16.013,2.268],[16.537,3.198],[17.133,3.728],[17.81,3.56],[18.453,3.504],[18.394,2.9],[18.094,2.366],[17.899,1.742],[17.774,0.856],[17.827,0.289],[17.664,-0.058],[17.639,-0.425],[17.524,-0.744],[16.865,-1.226],[16.407,-1.741],[15.973,-2.712],[16.006,-3.535],[15.754,-3.855],[15.171,-4.344],[14.583,-4.97],[14.209,-4.793],[14.145,-4.51],[13.6,-4.5],[13.258,-4.883],[12.996,-4.781]]]}},{"type":"Feature","properties":{"ISO_A3":"COL","NAME":"Colombia"},"geometry":{"type":"Polygon","coordinates":[[[-66.876,1.253],[-67.065,1.13],[-67.26,1.72],[-67.538,2.037],[-67.869,1.692],[-69.817,1.715],[-69.805,1.089],[-69.219,0.986],[-69.252,0.603],[-69.452,0.706],[-70.016,0.541],[-70.021,-0.185],[-69.577,-0.55],[-69.42,-1.123],[-69.444,-1.556],[-69.894,-4.298],[-70.394,-3.767],[-70.693,-3.743],[-70.048,-2.725],[-70.813,-2.257],[-71.414,-2.343],[-71.775,-2.17],[-72.326,-2.434],[-73.07,-2.309],[-73.66,-1.26],[-74.122,-1.003],[-74.442,-0.531],[-75.107,-0.057],[-75.373,-0.152],[-75.801,0.085],[-76.292,0.416],[-76.576,0.257],[-77.425,0.396],[-77.669,0.826],[-77.855,0.81],[-78.855,1.381],[-78.991,1.691],[-78.618,1.766],[-78.662,2.267],[-78.428,2.63],[-77.932,2.697],[-77.51,3.325],[-77.128,3.85],[-77.496,4.088],[-77.308,4.668],[-77.533,5.583],[-77.319,5.845],[-77.477,6.691],[-77.882,7.224],[-77.753,7.71],[-77.431,7.638],[-77.243,7.935],[-77.475,8.524],[-77.353,8.671],[-76.837,8.639],[-76.086,9.337],[-75.675,9.443],[-75.665,9.774],[-75.48,10.619],[-74.907,11.083],[-74.277,11.102],[-74.197,11.31],[-73.415,11.227],[-72.628,11.732],[-72.238,11.956],[-71.754,12.437],[-71.4,12.376],[-71.137,12.113],[-71.332,11.776],[-71.974,11.609],[-72.228,11.109],[-72.615,10.822],[-72.905,10.45],[-73.028,9.737],[-73.305,9.152],[-72.789,9.085],[-72.66,8.625],[-72.44,8.405],[-72.361,8.003],[-72.48,7.633],[-72.444,7.424],[-72.198,7.34],[-71.96,6.992],[-70.674,7.088],[-70.093,6.96],[-69.389,6.1],[-68.985,6.207],[-68.265,6.153],[-67.695,6.267],[-67.341,6.095],[-67.522,5.557],[-67.745,5.221],[-67.823,4.504],[-67.622,3.839],[-67.338,3.542],[-67.303,3.318],[-67.81,2.821],[-67.447,2.6],[-67.181,2.251],[-66.876,1.253]]]}},{"type":"Feature","properties":{"ISO_A3":"CRI","NAME":"Costa Rica"},"geometry":{"type":"Polygon","coordinates":[[[-82.966,8.225],[-83.508,8.447],[-83.711,8.657],[-83.596,8.83],[-83.633,9.051],[-83.91,9.291],[-84.303,9.487],[-84.648,9.616],[-84.713,9.908],[-84.976,10.087],[-84.911,9.796],[-85.111,9.557],[-85.339,9.835],[-85.661,9.933],[-85.797,10.135],[-85.792,10.439],[-85.659,10.754],[-85.942,10.895],[-85.713,11.088],[-85.562,11.217],[-84.903,10.952],[-84.673,11.083],[-84.356,10.999],[-84.19,10.793],[-83.895,10.727],[-83.656,10.939],[-83.402,10.395],[-83.016,9.993],[-82.546,9.566],[-82.933,9.477],[-82.927,9.074],[-82.719,8.926],[-82.869,8.807],[-82.83,8.626],[-82.913,8.424],[-82.966,8.225]]]}},{"type":"Feature","properties":{"ISO_A3":"CUB","NAME":"Cuba"},"geometry":{"type":"Polygon","coordinates":[[[-82.268,23.189],[-81.404,23.117],[-80.619,23.106],[-79.68,22.765],[-79.281,22.399],[-78.347,22.512],[-77.993,22.277],[-77.146,21.658],[-76.524,21.207],[-76.195,21.221],[-75.598,21.017],[-75.671,20.735],[-74.934,20.694],[-74.178,20.285],[-74.297,20.05],[-74.962,19.923],[-75.635,19.874],[-76.324,19.953],[-77.755,19.855],[-77.085,20.413],[-77.493,20.673],[-78.137,20.74],[-78.483,21.029],[-78.72,21.598],[-79.285,21.559],[-80.217,21.827],[-80.518,22.037],[-81.821,22.192],[-82.17,22.387],[-81.795,22.637],[-82.776,22.688],[-83.494,22.169],[-83.909,22.155],[-84.052,21.911],[-84.547,21.801],[-84.975,21.896],[-84.447,22.205],[-84.23,22.566],[-83.778,22.788],[-83.268,22.983],[-82.51,23.079],[-82.268,23.189]]]}},{"type":"Feature","properties":{"ISO_A3":"-99","NAME":"N. Cyprus"},"geometry":{"type":"Polygon","coordinates":[[[32.732,35.14],[32.802,35.146],[32.947,35.387],[33.667,35.373],[34.576,35.672],[33.901,35.246],[33.974,35.059],[33.866,35.094],[33.675,35.018],[33.526,35.039],[33.476,35.0],[33.456,35.101],[33.384,35.163],[33.191,35.173],[32.92,35.088],[32.732,35.14]]]}},{"type":"Feature","properties":{"ISO_A3":"CYP","NAME":"Cyprus"},"geometry":{"type":"Polygon","coordinates":[[[32.732,35.14],[32.92,35.088],[33.191,35.173],[33.384,35.163],[33.456,35.101],[33.476,35.0],[33.526,35.039],[33.675,35.018],[33.866,35.094],[33.974,35.059],[34.005,34.978],[32.98,34.572],[32.49,34.702],[32.257,35.103],[32.732,35.14]]]}},{"type":"Feature","properties":{"ISO_A3":"CZE","NAME":"Czechia"},"geometry":{"type":"Polygon","coordinates":[[[16.96,48.597],[16.499,48.786],[16.03,48.734],[15.253,49.039],[14.901,48.964],[14.339,48.555],[13.596,48.877],[13.031,49.307],[12.521,49.547],[12.415,49.969],[12.24,50.266],[12.967,50.484],[13.338,50.733],[14.056,50.927],[14.307,51.117],[14.571,51.002],[15.017,51.107],[15.491,50.785],[16.239,50.698],[16.176,50.423],[16.719,50.216],[16.869,50.474],[17.555,50.362],[17.649,50.049],[18.393,49.989],[18.853,49.496],[18.555,49.495],[18.4,49.315],[18.17,49.272],[18.105,49.044],[17.914,48.996],[17.886,48.903],[17.545,48.8],[17.102,48.817],[16.96,48.597]]]}},{"type":"Feature","properties":{"ISO_A3":"DEU","NAME":"Germany"},"geometry":{"type":"Polygon","coordinates":[[[13.596,48.877],[13.243,48.416],[12.884,48.289],[13.026,47.638],[12.933,47.468],[12.621,47.672],[12.141,47.703],[11.426,47.524],[10.545,47.566],[10.402,47.302],[9.896,47.58],[9.594,47.525],[8.523,47.831],[8.317,47.614],[7.467,47.621],[7.594,48.333],[8.099,49.018],[6.658,49.202],[6.186,49.464],[6.243,49.902],[6.043,50.128],[6.157,50.804],[5.989,51.852],[6.589,51.852],[6.843,52.228],[7.092,53.144],[6.905,53.482],[7.1,53.694],[7.936,53.748],[8.122,53.528],[8.801,54.021],[8.572,54.396],[8.526,54.963],[9.282,54.831],[9.922,54.983],[9.94,54.597],[10.95,54.364],[10.939,54.009],[11.956,54.196],[12.518,54.47],[13.647,54.076],[14.12,53.757],[14.353,53.248],[14.075,52.981],[14.438,52.625],[14.685,52.09],[14.607,51.745],[15.017,51.107],[14.571,51.002],[14.307,51.117],[14.056,50.927],[13.338,50.733],[12.967,50.484],[12.24,50.266],[12.415,49.969],[12.521,49.547],[13.031,49.307],[13.596,48.877]]]}},{"type":"Feature","properties":{"ISO_A3":"DJI","NAME":"Djibouti"},"geometry":{"type":"Polygon","coordinates":[[[43.081,12.7],[43.318,12.39],[43.286,11.975],[42.716,11.736],[43.145,11.462],[42.777,10.927],[42.555,11.105],[42.314,11.034],[41.756,11.051],[41.74,11.355],[41.662,11.631],[42,12.1],[42.352,12.542],[42.78,12.455],[43.081,12.7]]]}},{"type":"Feature","properties":{"ISO_A3":"DNK","NAME":"Denmark"},"geometry":{"type":"MultiPolygon","coordinates":[[[[9.922,54.983],[9.282,54.831],[8.526,54.963],[8.12,55.518],[8.09,56.54],[8.257,56.81],[8.543,57.11],[9.424,57.172],[9.776,57.448],[10.58,57.73],[10.546,57.216],[10.25,56.89],[10.37,56.61],[10.912,56.459],[10.668,56.081],[10.37,56.19],[9.65,55.47],[9.922,54.983]]],[[[12.69,55.61],[12.09,54.8],[11.044,55.365],[10.904,55.78],[12.371,56.111],[12.69,55.61]]]]}},{"type":"Feature","properties":{"ISO_A3":"DOM","NAME":"Dominican Rep."},"geometry":{"type":"Polygon","coordinates":[[[-71.712,19.714],[-71.587,19.885],[-70.807,19.88],[-70.214,19.623],[-69.951,19.648],[-69.769,19.293],[-69.222,19.313],[-69.254,19.015],[-68.809,18.979],[-68.318,18.612],[-68.689,18.205],[-69.165,18.423],[-69.624,18.381],[-69.953,18.428],[-70.133,18.246],[-70.517,18.184],[-70.669,18.427],[-71.0,18.283],[-71.4,17.599],[-71.658,17.758],[-71.708,18.045],[-71.688,18.317],[-71.945,18.617],[-71.701,18.785],[-71.625,19.17],[-71.712,19.714]]]}},{"type":"Feature","properties":{"ISO_A3":"DZA","NAME":"Algeria"},"geometry":{"type":"Polygon","coordinates":[[[4.267,19.155],[3.158,19.057],[3.147,19.694],[2.684,19.856],[2.061,20.142],[1.823,20.611],[-1.55,22.793],[-4.923,24.975],[-8.684,27.396],[-8.665,27.589],[-8.666,27.656],[-8.674,28.841],[-7.059,29.579],[-6.061,29.732],[-5.242,30.0],[-4.86,30.501],[-3.69,30.897],[-3.647,31.637],[-3.069,31.724],[-2.617,32.094],[-1.308,32.263],[-1.125,32.652],[-1.388,32.864],[-1.733,33.92],[-1.793,34.528],[-2.17,35.168],[-1.209,35.715],[-0.127,35.889],[0.504,36.301],[1.467,36.606],[3.162,36.784],[4.816,36.865],[5.32,36.717],[6.262,37.111],[7.33,37.118],[7.737,36.886],[8.421,36.946],[8.218,36.433],[8.376,35.48],[8.141,34.655],[7.524,34.097],[7.613,33.344],[8.43,32.748],[8.439,32.506],[9.056,32.103],[9.482,30.308],[9.806,29.425],[9.86,28.96],[9.684,28.144],[9.756,27.688],[9.629,27.141],[9.716,26.512],[9.319,26.094],[9.911,25.365],[9.948,24.937],[10.304,24.379],[10.771,24.563],[11.561,24.098],[12.0,23.472],[8.573,21.566],[5.678,19.601],[4.267,19.155]]]}},{"type":"Feature","properties":{"ISO_A3":"ECU","NAME":"Ecuador"},"geometry":{"type":"Polygon","coordinates":[[[-78.855,1.381],[-77.855,0.81],[-77.669,0.826],[-77.425,0.396],[-76.576,0.257],[-76.292,0.416],[-75.801,0.085],[-75.373,-0.152],[-75.234,-0.911],[-75.545,-1.562],[-76.635,-2.609],[-77.838,-3.003],[-78.451,-3.873],[-78.64,-4.548],[-79.205,-4.959],[-79.625,-4.454],[-80.029,-4.346],[-80.442,-4.426],[-80.469,-4.059],[-80.184,-3.821],[-80.303,-3.405],[-79.77,-2.658],[-79.987,-2.221],[-80.369,-2.685],[-80.968,-2.247],[-80.765,-1.965],[-80.934,-1.057],[-80.583,-0.907],[-80.399,-0.284],[-80.021,0.36],[-80.091,0.768],[-79.543,0.983],[-78.855,1.381]]]}},{"type":"Feature","properties":{"ISO_A3":"EGY","NAME":"Egypt"},"geometry":{"type":"Polygon","coordinates":[[[36.866,22],[32.9,22],[29.02,22],[25,22],[25,25.683],[25,29.239],[24.7,30.044],[24.958,30.662],[24.803,31.089],[25.165,31.569],[26.495,31.586],[27.458,31.321],[28.45,31.026],[28.914,30.87],[29.683,31.187],[30.095,31.473],[30.977,31.556],[31.688,31.43],[31.96,30.934],[32.192,31.26],[32.994,31.024],[33.773,30.967],[34.265,31.219],[34.265,31.219],[34.823,29.761],[34.923,29.501],[34.642,29.099],[34.427,28.344],[34.155,27.823],[33.921,27.649],[33.588,27.971],[33.137,28.418],[32.423,29.851],[32.32,29.76],[32.735,28.705],[33.349,27.7],[34.105,26.142],[34.474,25.599],[34.795,25.034],[35.692,23.927],[35.494,23.752],[35.526,23.102],[36.691,22.205],[36.866,22]]]}},{"type":"Feature","properties":{"ISO_A3":"ERI","NAME":"Eritrea"},"geometry":{"type":"Polygon","coordinates":[[[43.081,12.7],[42.78,12.455],[42.352,12.542],[42.01,12.866],[41.599,13.452],[41.155,13.773],[40.897,14.119],[40.026,14.52],[39.341,14.532],[39.099,14.741],[38.513,14.505],[37.906,14.959],[37.594,14.213],[36.43,14.422],[36.323,14.822],[36.754,16.292],[36.853,16.957],[37.167,17.263],[37.904,17.428],[38.41,17.998],[38.991,16.841],[39.266,15.923],[39.814,15.436],[41.179,14.491],[41.735,13.921],[42.277,13.344],[42.59,13.0],[43.081,12.7]]]}},{"type":"Feature","properties":{"ISO_A3":"ESP","NAME":"Spain"},"geometry":{"type":"Polygon","coordinates":[[[-9.035,41.881],[-8.984,42.593],[-9.393,43.027],[-7.978,43.748],[-6.754,43.568],[-5.412,43.574],[-4.348,43.403],[-3.518,43.456],[-1.901,43.423],[-1.503,43.034],[0.338,42.58],[0.702,42.796],[1.827,42.343],[2.986,42.473],[3.039,41.892],[2.092,41.226],[0.811,41.015],[0.721,40.678],[0.107,40.124],[-0.279,39.31],[0.111,38.739],[-0.467,38.292],[-0.683,37.642],[-1.438,37.443],[-2.146,36.674],[-3.416,36.659],[-4.369,36.678],[-4.995,36.325],[-5.377,35.947],[-5.866,36.03],[-6.237,36.368],[-6.52,36.943],[-7.454,37.098],[-7.537,37.429],[-7.167,37.804],[-7.029,38.076],[-7.374,38.373],[-7.098,39.03],[-7.499,39.63],[-7.067,39.712],[-7.026,40.185],[-6.864,40.331],[-6.851,41.111],[-6.389,41.382],[-6.669,41.883],[-7.251,41.918],[-7.423,41.792],[-8.013,41.791],[-8.264,42.28],[-8.672,42.135],[-9.035,41.881]]]}},{"type":"Feature","properties":{"ISO_A3":"EST","NAME":"Estonia"},"geometry":{"type":"Polygon","coordinates":[[[24.313,57.793],[24.429,58.383],[24.061,58.257],[23.427,58.613],[23.34,59.187],[24.604,59.466],[25.864,59.611],[26.949,59.446],[27.981,59.475],[27.981,59.475],[27.981,59.475],[28.132,59.301],[27.42,58.725],[27.717,57.792],[27.288,57.475],[26.464,57.476],[25.603,57.848],[25.165,57.97],[24.313,57.793]]]}},{"type":"Feature","properties":{"ISO_A3":"ETH","NAME":"Ethiopia"},"geometry":{"type":"Polygon","coordinates":[[[42.352,12.542],[42,12.1],[41.662,11.631],[41.74,11.355],[41.756,11.051],[42.314,11.034],[42.555,11.105],[42.777,10.927],[42.559,10.573],[42.928,10.022],[43.297,9.54],[43.679,9.184],[46.948,7.997],[47.789,8.003],[44.964,5.002],[43.661,4.958],[42.77,4.253],[42.129,4.234],[41.855,3.919],[41.172,3.919],[40.768,4.257],[39.855,3.839],[39.559,3.422],[38.893,3.501],[38.671,3.616],[38.437,3.589],[38.121,3.599],[36.855,4.448],[36.159,4.448],[35.817,4.777],[35.817,5.338],[35.298,5.506],[34.707,6.594],[34.25,6.826],[34.075,7.226],[33.568,7.713],[32.954,7.785],[33.295,8.355],[33.825,8.379],[33.975,8.685],[33.962,9.584],[34.257,10.63],[34.731,10.91],[34.832,11.319],[35.26,12.083],[35.864,12.578],[36.27,13.563],[36.43,14.422],[37.594,14.213],[37.906,14.959],[38.513,14.505],[39.099,14.741],[39.341,14.532],[40.026,14.52],[40.897,14.119],[41.155,13.773],[41.599,13.452],[42.01,12.866],[42.352,12.542]]]}},{"type":"Feature","properties":{"ISO_A3":"FIN","NAME":"Finland"},"geometry":{"type":"Polygon","coordinates":[[[23.903,66.007],[23.566,66.396],[23.539,67.936],[21.979,68.617],[20.646,69.106],[21.245,69.37],[22.356,68.842],[23.662,68.891],[24.736,68.65],[25.689,69.092],[26.18,69.825],[27.732,70.164],[29.016,69.766],[28.592,69.065],[28.446,68.365],[29.977,67.698],[29.055,66.944],[30.218,65.806],[29.544,64.949],[30.445,64.204],[30.036,63.553],[31.516,62.868],[31.14,62.358],[30.211,61.78],[28.07,60.504],[28.07,60.504],[28.07,60.504],[26.255,60.424],[24.497,60.057],[22.87,59.846],[22.291,60.392],[21.322,60.72],[21.545,61.705],[21.059,62.607],[21.536,63.19],[22.443,63.818],[24.731,64.902],[25.398,65.111],[25.294,65.534],[23.903,66.007]]]}},{"type":"Feature","properties":{"ISO_A3":"FJI","NAME":"Fiji"},"geometry":{"type":"MultiPolygon","coordinates":[[[[178.374,-17.34],[178.718,-17.628],[178.553,-18.151],[177.933,-18.288],[177.381,-18.164],[177.285,-17.725],[177.671,-17.381],[178.126,-17.505],[178.374,-17.34]]],[[[179.364,-16.801],[178.725,-17.012],[178.597,-16.639],[179.097,-16.434],[179.414,-16.379],[180,-16.067],[180,-16.555],[179.364,-16.801]]],[[[-179.917,-16.502],[-180,-16.555],[-180,-16.067],[-179.793,-16.021],[-179.917,-16.502]]]]}},{"type":"Feature","properties":{"ISO_A3":"FLK","NAME":"Falkland Is."},"geometry":{"type":"Polygon","coordinates":[[[-61.2,-51.85],[-60,-51.25],[-59.15,-51.5],[-58.55,-51.1],[-57.75,-51.55],[-58.05,-51.9],[-59.4,-52.2],[-59.85,-51.85],[-60.7,-52.3],[-61.2,-51.85]]]}},{"type":"Feature","properties":{"ISO_A3":"-99","NAME":"France"},"geometry":{"type":"MultiPolygon","coordinates":[[[[2.514,51.149],[2.658,50.797],[3.123,50.78],[3.588,50.379],[4.286,49.907],[4.799,49.985],[5.674,49.529],[5.898,49.443],[6.186,49.464],[6.658,49.202],[8.099,49.018],[7.594,48.333],[7.467,47.621],[7.192,47.45],[6.737,47.542],[6.769,47.288],[6.037,46.726],[6.023,46.273],[6.5,46.43],[6.844,45.991],[6.802,45.709],[7.097,45.333],[6.75,45.029],[7.008,44.255],[7.55,44.128],[7.435,43.694],[6.529,43.129],[4.557,43.4],[3.1,43.075],[2.986,42.473],[1.827,42.343],[0.702,42.796],[0.338,42.58],[-1.503,43.034],[-1.901,43.423],[-1.384,44.023],[-1.194,46.015],[-2.226,47.064],[-2.963,47.57],[-4.492,47.955],[-4.592,48.684],[-3.296,48.902],[-1.617,48.644],[-1.933,49.776],[-0.989,49.347],[1.339,50.127],[1.639,50.947],[2.514,51.149]]],[[[-51.658,4.156],[-52.249,3.241],[-52.556,2.505],[-52.94,2.125],[-53.418,2.053],[-53.555,2.335],[-53.779,2.377],[-54.088,2.106],[-54.525,2.312],[-54.271,2.739],[-54.184,3.194],[-54.012,3.623],[-54.4,4.213],[-54.479,4.897],[-53.958,5.757],[-53.618,5.647],[-52.882,5.41],[-51.823,4.566],[-51.658,4.156]]],[[[9.56,42.152],[9.23,41.38],[8.776,41.584],[8.544,42.257],[8.746,42.628],[9.39,43.01],[9.56,42.152]]]]}},{"type":"Feature","properties":{"ISO_A3":"GAB","NAME":"Gabon"},"geometry":{"type":"Polygon","coordinates":[[[11.276,2.261],[11.752,2.327],[12.359,2.193],[12.951,2.322],[13.076,2.267],[13.003,1.831],[13.283,1.314],[14.027,1.396],[14.276,1.197],[13.843,0.039],[14.316,-0.553],[14.425,-1.333],[14.299,-1.998],[13.992,-2.471],[13.11,-2.429],[12.575,-1.949],[12.496,-2.392],[11.821,-2.514],[11.478,-2.766],[11.855,-3.427],[11.094,-3.979],[10.066,-2.969],[9.405,-2.144],[8.798,-1.111],[8.83,-0.779],[9.048,-0.459],[9.291,0.269],[9.493,1.01],[9.83,1.068],[11.285,1.058],[11.276,2.261]]]}},{"type":"Feature","properties":{"ISO_A3":"GBR","NAME":"United Kingdom"},"geometry":{"type":"MultiPolygon","coordinates":[[[[-6.198,53.868],[-6.954,54.074],[-7.572,54.06],[-7.366,54.596],[-7.572,55.132],[-6.734,55.173],[-5.662,54.555],[-6.198,53.868]]],[[[-3.005,58.635],[-4.074,57.553],[-3.055,57.69],[-1.959,57.685],[-2.22,56.87],[-3.119,55.974],[-2.085,55.91],[-2.006,55.805],[-1.115,54.625],[-0.43,54.464],[0.185,53.325],[0.47,52.93],[1.682,52.74],[1.56,52.1],[1.051,51.807],[1.45,51.289],[0.55,50.766],[-0.788,50.775],[-2.49,50.5],[-2.956,50.697],[-3.617,50.228],[-4.543,50.342],[-5.245,49.96],[-5.777,50.16],[-4.31,51.21],[-3.415,51.426],[-3.423,51.427],[-4.984,51.593],[-5.267,51.991],[-4.222,52.301],[-4.77,52.84],[-4.58,53.495],[-3.094,53.405],[-3.092,53.404],[-2.945,53.985],[-3.615,54.601],[-3.63,54.615],[-4.844,54.791],[-5.083,55.062],[-4.719,55.508],[-5.048,55.784],[-5.586,55.311],[-5.645,56.275],[-6.15,56.785],[-5.787,57.819],[-5.01,58.63],[-4.211,58.551],[-3.005,58.635]]]]}},{"type":"Feature","properties":{"ISO_A3":"GEO","NAME":"Georgia"},"geometry":{"type":"Polygon","coordinates":[[[44.972,41.248],[43.583,41.092],[42.62,41.583],[41.554,41.536],[41.703,41.963],[41.453,42.645],[40.875,43.014],[40.321,43.129],[39.955,43.435],[40.077,43.553],[40.922,43.382],[42.394,43.22],[43.756,42.741],[43.931,42.555],[44.538,42.712],[45.47,42.503],[45.776,42.092],[46.405,41.861],[46.145,41.723],[46.638,41.182],[46.502,41.064],[45.963,41.124],[45.217,41.411],[44.972,41.248]]]}},{"type":"Feature","properties":{"ISO_A3":"GHA","NAME":"Ghana"},"geometry":{"type":"Polygon","coordinates":[[[-2.827,9.642],[-2.964,10.395],[-2.94,10.963],[-1.203,11.01],[-0.762,10.937],[-0.439,11.098],[0.024,11.019],[-0.05,10.707],[0.368,10.191],[0.366,9.465],[0.461,8.677],[0.712,8.312],[0.491,7.412],[0.57,6.914],[0.837,6.28],[1.06,5.929],[-0.508,5.343],[-1.064,5.001],[-1.965,4.71],[-2.856,4.994],[-2.811,5.389],[-3.244,6.25],[-2.984,7.38],[-2.562,8.22],[-2.827,9.642]]]}},{"type":"Feature","properties":{"ISO_A3":"GIN","NAME":"Guinea"},"geometry":{"type":"Polygon","coordinates":[[[-8.03,10.207],[-8.229,10.129],[-8.31,9.79],[-8.079,9.376],[-7.832,8.576],[-8.203,8.455],[-8.299,8.316],[-8.222,8.123],[-8.281,7.687],[-8.439,7.686],[-8.722,7.712],[-8.926,7.309],[-9.209,7.314],[-9.403,7.527],[-9.337,7.929],[-9.755,8.541],[-10.017,8.429],[-10.23,8.406],[-10.505,8.349],[-10.494,8.716],[-10.655,8.977],[-10.622,9.268],[-10.839,9.688],[-11.117,10.046],[-11.917,10.047],[-12.15,9.859],[-12.426,9.836],[-12.597,9.62],[-12.712,9.343],[-13.247,8.903],[-13.685,9.495],[-14.074,9.886],[-14.33,10.016],[-14.58,10.214],[-14.693,10.656],[-14.84,10.877],[-15.13,11.04],[-14.686,11.528],[-14.382,11.509],[-14.121,11.677],[-13.901,11.679],[-13.743,11.811],[-13.828,12.143],[-13.719,12.247],[-13.7,12.586],[-13.218,12.576],[-12.499,12.332],[-12.279,12.354],[-12.204,12.466],[-11.658,12.387],[-11.514,12.443],[-11.456,12.077],[-11.298,12.078],[-11.037,12.211],[-10.871,12.178],[-10.593,11.924],[-10.165,11.844],[-9.891,12.06],[-9.568,12.194],[-9.328,12.334],[-9.127,12.308],[-8.905,12.088],[-8.786,11.813],[-8.376,11.394],[-8.581,11.136],[-8.62,10.811],[-8.407,10.909],[-8.282,10.793],[-8.335,10.495],[-8.03,10.207]]]}},{"type":"Feature","properties":{"ISO_A3":"GMB","NAME":"Gambia"},"geometry":{"type":"Polygon","coordinates":[[[-16.842,13.151],[-16.714,13.595],[-15.625,13.624],[-15.399,13.86],[-15.082,13.876],[-14.687,13.63],[-14.377,13.626],[-14.047,13.794],[-13.845,13.505],[-14.278,13.281],[-14.712,13.298],[-15.141,13.51],[-15.512,13.279],[-15.691,13.27],[-15.931,13.13],[-16.842,13.151]]]}},{"type":"Feature","properties":{"ISO_A3":"GNB","NAME":"Guinea-Bissau"},"geometry":{"type":"Polygon","coordinates":[[[-13.7,12.586],[-13.719,12.247],[-13.828,12.143],[-13.743,11.811],[-13.901,11.679],[-14.121,11.677],[-14.382,11.509],[-14.686,11.528],[-15.13,11.04],[-15.664,11.458],[-16.085,11.525],[-16.315,11.807],[-16.309,11.959],[-16.614,12.171],[-16.677,12.385],[-16.148,12.548],[-15.817,12.516],[-15.548,12.628],[-13.7,12.586]]]}},{"type":"Feature","properties":{"ISO_A3":"GNQ","NAME":"Eq. Guinea"},"geometry":{"type":"Polygon","coordinates":[[[9.649,2.284],[11.276,2.261],[11.285,1.058],[9.83,1.068],[9.493,1.01],[9.306,1.161],[9.649,2.284]]]}},{"type":"Feature","properties":{"ISO_A3":"GRC","NAME":"Greece"},"geometry":{"type":"MultiPolygon","coordinates":[[[[20.15,39.625],[20.615,40.11],[20.675,40.435],[21.0,40.58],[21.02,40.843],[21.674,40.931],[22.055,41.15],[22.597,41.13],[22.762,41.305],[22.952,41.338],[23.692,41.309],[24.493,41.584],[25.197,41.234],[26.106,41.329],[26.117,41.827],[26.604,41.562],[26.295,40.936],[26.057,40.824],[25.448,40.853],[24.926,40.947],[23.715,40.687],[24.408,40.125],[23.9,39.962],[23.343,39.961],[22.814,40.476],[22.626,40.257],[22.85,39.659],[23.35,39.19],[22.973,38.971],[23.53,38.51],[24.025,38.22],[24.04,37.655],[23.115,37.92],[23.41,37.41],[22.775,37.305],[23.154,36.423],[22.49,36.41],[21.67,36.845],[21.295,37.645],[21.12,38.31],[20.73,38.77],[20.218,39.34],[20.15,39.625]]],[[[23.7,35.705],[24.247,35.368],[25.025,35.425],[25.769,35.354],[25.745,35.18],[26.29,35.3],[26.165,35.005],[24.725,34.92],[24.735,35.085],[23.515,35.28],[23.7,35.705]]]]}},{"type":"Feature","properties":{"ISO_A3":"GRL","NAME":"Greenland"},"geometry":{"type":"Polygon","coordinates":[[[-46.764,82.628],[-43.406,83.225],[-39.898,83.18],[-38.622,83.549],[-35.088,83.645],[-27.1,83.52],[-20.845,82.727],[-22.692,82.342],[-26.518,82.298],[-31.9,82.2],[-31.396,82.022],[-27.857,82.132],[-24.844,81.787],[-22.903,82.093],[-22.072,81.734],[-23.17,81.153],[-20.624,81.525],[-15.768,81.912],[-12.77,81.719],[-12.209,81.292],[-16.285,80.58],[-16.85,80.35],[-20.046,80.177],[-17.73,80.129],[-18.9,79.4],[-19.705,78.751],[-19.674,77.639],[-18.473,76.986],[-20.035,76.944],[-21.679,76.628],[-19.834,76.098],[-19.599,75.248],[-20.668,75.156],[-19.373,74.296],[-21.594,74.224],[-20.435,73.817],[-20.762,73.464],[-22.172,73.31],[-23.566,73.307],[-22.313,72.629],[-22.3,72.184],[-24.278,72.598],[-24.793,72.33],[-23.443,72.08],[-22.133,71.469],[-21.754,70.664],[-23.536,70.471],[-24.307,70.856],[-25.543,71.431],[-25.201,70.752],[-26.363,70.226],[-23.727,70.184],[-22.349,70.129],[-25.029,69.259],[-27.747,68.47],[-30.674,68.125],[-31.777,68.121],[-32.811,67.735],[-34.202,66.68],[-36.353,65.979],[-37.044,65.938],[-38.375,65.692],[-39.812,65.458],[-40.669,64.84],[-40.683,64.139],[-41.189,63.482],[-42.819,62.682],[-42.417,61.901],[-42.866,61.074],[-43.378,60.098],[-44.788,60.037],[-46.264,60.853],[-48.263,60.858],[-49.233,61.407],[-49.9,62.383],[-51.633,63.627],[-52.14,64.278],[-52.277,65.177],[-53.662,66.1],[-53.302,66.837],[-53.969,67.189],[-52.98,68.358],[-51.475,68.73],[-51.08,69.148],[-50.871,69.929],[-52.014,69.575],[-52.558,69.426],[-53.456,69.284],[-54.683,69.61],[-54.75,70.289],[-54.359,70.821],[-53.431,70.836],[-51.39,70.57],[-53.109,71.205],[-54.004,71.547],[-55,71.407],[-55.835,71.654],[-54.718,72.586],[-55.326,72.959],[-56.12,73.65],[-57.324,74.71],[-58.597,75.099],[-58.585,75.517],[-61.269,76.102],[-63.392,76.175],[-66.064,76.135],[-68.504,76.061],[-69.665,76.38],[-71.403,77.009],[-68.777,77.323],[-66.764,77.376],[-71.043,77.636],[-73.297,78.044],[-73.159,78.433],[-69.373,78.914],[-65.711,79.394],[-65.324,79.758],[-68.023,80.117],[-67.151,80.516],[-63.689,81.214],[-62.234,81.321],[-62.651,81.77],[-60.282,82.034],[-57.207,82.191],[-54.134,82.2],[-53.043,81.888],[-50.391,82.439],[-48.004,82.065],[-46.6,81.986],[-44.523,81.661],[-46.901,82.2],[-46.764,82.628]]]}},{"type":"Feature","properties":{"ISO_A3":"GTM","NAME":"Guatemala"},"geometry":{"type":"Polygon","coordinates":[[[-89.143,17.808],[-89.151,17.016],[-89.229,15.887],[-88.931,15.887],[-88.605,15.706],[-88.518,15.855],[-88.225,15.728],[-88.681,15.346],[-89.155,15.066],[-89.225,14.874],[-89.146,14.678],[-89.353,14.424],[-89.587,14.363],[-89.534,14.245],[-89.722,14.134],[-90.065,13.882],[-90.096,13.735],[-90.609,13.91],[-91.232,13.928],[-91.69,14.126],[-92.228,14.539],[-92.203,14.83],[-92.087,15.065],[-92.229,15.251],[-91.748,16.067],[-90.464,16.07],[-90.439,16.41],[-90.601,16.471],[-90.712,16.687],[-91.082,16.918],[-91.454,17.252],[-91.002,17.255],[-91.002,17.818],[-90.068,17.819],[-89.143,17.808]]]}},{"type":"Feature","properties":{"ISO_A3":"GUY","NAME":"Guyana"},"geometry":{"type":"Polygon","coordinates":[[[-56.539,1.9],[-56.783,1.864],[-57.336,1.949],[-57.661,1.683],[-58.113,1.507],[-58.429,1.464],[-58.54,1.268],[-59.031,1.318],[-59.646,1.787],[-59.719,2.25],[-59.975,2.755],[-59.815,3.606],[-59.538,3.959],[-59.767,4.424],[-60.111,4.575],[-59.981,5.014],[-60.214,5.244],[-60.734,5.2],[-61.41,5.959],[-61.139,6.234],[-61.159,6.696],[-60.544,6.857],[-60.296,7.044],[-60.638,7.415],[-60.551,7.78],[-59.758,8.367],[-59.102,7.999],[-58.483,7.348],[-58.455,6.833],[-58.078,6.809],[-57.542,6.321],[-57.147,5.973],[-57.307,5.074],[-57.914,4.813],[-57.86,4.577],[-58.045,4.061],[-57.602,3.335],[-57.281,3.333],[-57.15,2.769],[-56.539,1.9]]]}},{"type":"Feature","properties":{"ISO_A3":"HND","NAME":"Honduras"},"geometry":{"type":"Polygon","coordinates":[[[-89.353,14.424],[-89.146,14.678],[-89.225,14.874],[-89.155,15.066],[-88.681,15.346],[-88.225,15.728],[-88.121,15.689],[-87.902,15.864],[-87.616,15.879],[-87.523,15.797],[-87.368,15.847],[-86.903,15.757],[-86.441,15.783],[-86.119,15.893],[-86.002,16.005],[-85.683,15.954],[-85.444,15.886],[-85.182,15.909],[-84.984,15.996],[-84.527,15.857],[-84.368,15.835],[-84.063,15.648],[-83.774,15.424],[-83.41,15.271],[-83.147,14.996],[-83.49,15.016],[-83.629,14.88],[-83.976,14.749],[-84.228,14.749],[-84.449,14.622],[-84.65,14.667],[-84.82,14.82],[-84.925,14.79],[-85.053,14.552],[-85.149,14.56],[-85.165,14.354],[-85.514,14.079],[-85.699,13.96],[-85.801,13.836],[-86.096,14.038],[-86.312,13.771],[-86.521,13.778],[-86.755,13.755],[-86.734,13.263],[-86.881,13.254],[-87.006,13.026],[-87.317,12.985],[-87.489,13.298],[-87.793,13.384],[-87.724,13.785],[-87.86,13.893],[-88.065,13.965],[-88.504,13.845],[-88.541,13.98],[-88.843,14.141],[-89.059,14.34],[-89.353,14.424]]]}},{"type":"Feature","properties":{"ISO_A3":"HRV","NAME":"Croatia"},"geometry":{"type":"Polygon","coordinates":[[[19.005,44.86],[18.553,45.082],[17.862,45.068],[17.002,45.234],[16.535,45.212],[16.318,45.004],[15.959,45.234],[15.75,44.819],[16.24,44.351],[16.456,44.041],[16.916,43.668],[17.297,43.446],[17.675,43.029],[18.56,42.65],[18.45,42.48],[18.45,42.48],[17.51,42.85],[16.93,43.21],[16.015,43.507],[15.174,44.243],[15.376,44.318],[14.92,44.738],[14.902,45.076],[14.259,45.234],[13.952,44.802],[13.657,45.137],[13.679,45.484],[13.715,45.5],[14.412,45.466],[14.595,45.635],[14.935,45.472],[15.328,45.452],[15.324,45.732],[15.672,45.834],[15.769,46.238],[16.565,46.504],[16.883,46.381],[17.63,45.952],[18.456,45.759],[18.83,45.909],[19.073,45.522],[19.39,45.237],[19.005,44.86]]]}},{"type":"Feature","properties":{"ISO_A3":"HTI","NAME":"Haiti"},"geometry":{"type":"Polygon","coordinates":[[[-71.712,19.714],[-71.625,19.17],[-71.701,18.785],[-71.945,18.617],[-71.688,18.317],[-71.708,18.045],[-72.372,18.215],[-72.844,18.146],[-73.455,18.218],[-73.922,18.031],[-74.458,18.343],[-74.37,18.665],[-73.45,18.526],[-72.695,18.446],[-72.335,18.668],[-72.792,19.102],[-72.784,19.484],[-73.415,19.64],[-73.19,19.916],[-72.58,19.872],[-71.712,19.714]]]}},{"type":"Feature","properties":{"ISO_A3":"HUN","NAME":"Hungary"},"geometry":{"type":"Polygon","coordinates":[[[16.202,46.852],[16.534,47.496],[16.341,47.713],[16.904,47.715],[16.98,48.123],[17.488,47.867],[17.857,47.758],[18.697,47.881],[18.777,48.082],[19.174,48.111],[19.661,48.267],[19.769,48.203],[20.239,48.328],[20.474,48.563],[20.801,48.624],[21.872,48.32],[22.086,48.422],[22.641,48.15],[22.711,47.882],[22.1,47.672],[21.627,46.994],[21.022,46.316],[20.22,46.127],[19.596,46.172],[18.83,45.909],[18.83,45.909],[18.456,45.759],[17.63,45.952],[16.883,46.381],[16.565,46.504],[16.371,46.841],[16.202,46.852]]]}},{"type":"Feature","properties":{"ISO_A3":"IDN","NAME":"Indonesia"},"geometry":{"type":"MultiPolygon","coordinates":[[[[120.716,-10.24],[120.295,-10.259],[118.968,-9.558],[119.9,-9.361],[120.426,-9.666],[120.776,-9.97],[120.716,-10.24]]],[[[124.969,-8.893],[125.07,-9.09],[125.089,-9.393],[124.436,-10.14],[123.58,-10.36],[123.46,-10.24],[123.55,-9.9],[123.98,-9.29],[124.969,-8.893]]],[[[117.9,-8.096],[118.261,-8.362],[118.878,-8.281],[119.127,-8.706],[117.97,-8.907],[117.278,-9.041],[116.74,-9.033],[117.084,-8.457],[117.632,-8.449],[117.9,-8.096]]],[[[122.904,-8.094],[122.757,-8.65],[121.254,-8.934],[119.924,-8.81],[119.921,-8.445],[120.715,-8.237],[121.342,-8.537],[122.007,-8.461],[122.904,-8.094]]],[[[108.623,-6.778],[110.539,-6.877],[110.76,-6.465],[112.615,-6.946],[112.979,-7.594],[114.479,-7.777],[115.706,-8.371],[114.565,-8.752],[113.465,-8.349],[112.56,-8.376],[111.522,-8.302],[110.586,-8.123],[109.428,-7.741],[108.694,-7.642],[108.278,-7.767],[106.454,-7.355],[106.281,-6.925],[105.365,-6.851],[106.052,-5.896],[107.265,-5.955],[108.072,-6.346],[108.487,-6.422],[108.623,-6.778]]],[[[134.725,-6.214],[134.21,-6.895],[134.113,-6.142],[134.29,-5.783],[134.5,-5.445],[134.727,-5.738],[134.725,-6.214]]],[[[127.249,-3.459],[126.875,-3.791],[126.184,-3.607],[125.989,-3.177],[127.001,-3.129],[127.249,-3.459]]],[[[130.471,-3.094],[130.835,-3.858],[129.991,-3.446],[129.155,-3.363],[128.591,-3.429],[127.899,-3.393],[128.136,-2.844],[129.371,-2.802],[130.471,-3.094]]],[[[141.0,-2.6],[141.017,-5.859],[141.034,-9.118],[140.143,-8.297],[139.128,-8.096],[138.881,-8.381],[137.614,-8.412],[138.039,-7.598],[138.669,-7.32],[138.408,-6.233],[137.928,-5.393],[135.989,-4.547],[135.165,-4.463],[133.663,-3.539],[133.368,-4.025],[132.984,-4.113],[132.757,-3.746],[132.754,-3.312],[131.99,-2.821],[133.067,-2.46],[133.78,-2.48],[133.696,-2.215],[132.232,-2.213],[131.836,-1.617],[130.943,-1.433],[130.52,-0.938],[131.868,-0.695],[132.38,-0.37],[133.986,-0.78],[134.143,-1.152],[134.423,-2.769],[135.458,-3.368],[136.293,-2.307],[137.441,-1.704],[138.33,-1.703],[139.185,-2.051],[139.927,-2.409],[141.0,-2.6]]],[[[125.241,1.42],[124.437,0.428],[123.686,0.236],[122.723,0.431],[121.057,0.381],[120.183,0.237],[120.041,-0.52],[120.936,-1.409],[121.476,-0.956],[123.341,-0.616],[123.258,-1.076],[122.823,-0.931],[122.389,-1.517],[121.508,-1.904],[122.455,-3.186],[122.272,-3.53],[123.171,-4.684],[123.162,-5.341],[122.629,-5.635],[122.236,-5.283],[122.72,-4.464],[121.738,-4.851],[121.489,-4.575],[121.619,-4.188],[120.898,-3.602],[120.972,-2.628],[120.305,-2.932],[120.39,-4.098],[120.431,-5.528],[119.797,-5.673],[119.367,-5.38],[119.654,-4.459],[119.499,-3.494],[119.078,-3.487],[118.768,-2.802],[119.181,-2.147],[119.323,-1.353],[119.826,0.154],[120.036,0.566],[120.886,1.309],[121.667,1.014],[122.928,0.875],[124.078,0.917],[125.066,1.643],[125.241,1.42]]],[[[128.688,1.132],[128.636,0.258],[128.12,0.356],[127.968,-0.252],[128.38,-0.78],[128.1,-0.9],[127.696,-0.267],[127.399,1.012],[127.601,1.811],[127.932,2.175],[128.004,1.629],[128.595,1.541],[128.688,1.132]]],[[[109.663,2.006],[109.83,1.338],[110.514,0.773],[111.159,0.976],[111.798,0.904],[112.38,1.41],[112.86,1.498],[113.806,1.218],[114.621,1.431],[115.134,2.821],[115.519,3.169],[115.866,4.307],[117.015,4.306],[117.882,4.138],[117.313,3.234],[118.048,2.288],[117.876,1.828],[118.997,0.902],[117.812,0.784],[117.478,0.102],[117.522,-0.804],[116.56,-1.488],[116.534,-2.484],[116.148,-4.013],[116.001,-3.657],[114.865,-4.107],[114.469,-3.496],[113.756,-3.439],[113.257,-3.119],[112.068,-3.478],[111.703,-2.994],[111.048,-3.049],[110.224,-2.934],[110.071,-1.593],[109.572,-1.315],[109.092,-0.46],[108.953,0.415],[109.069,1.342],[109.663,2.006]]],[[[105.818,-5.852],[104.71,-5.873],[103.868,-5.037],[102.584,-4.22],[102.156,-3.614],[101.399,-2.8],[100.903,-2.05],[100.142,-0.65],[99.264,0.183],[98.97,1.043],[98.601,1.824],[97.7,2.453],[97.177,3.309],[96.424,3.869],[95.381,4.971],[95.293,5.48],[95.937,5.44],[97.485,5.246],[98.369,4.268],[99.143,3.59],[99.694,3.174],[100.641,2.099],[101.658,2.084],[102.498,1.399],[103.077,0.561],[103.838,0.105],[103.438,-0.712],[104.011,-1.059],[104.37,-1.085],[104.539,-1.782],[104.888,-2.34],[105.622,-2.429],[106.109,-3.062],[105.857,-4.306],[105.818,-5.852]]]]}},{"type":"Feature","properties":{"ISO_A3":"IRL","NAME":"Ireland"},"geometry":{"type":"Polygon","coordinates":[[[-7.572,55.132],[-7.366,54.596],[-7.572,54.06],[-6.954,54.074],[-6.198,53.868],[-6.033,53.153],[-6.789,52.26],[-8.562,51.669],[-9.977,51.82],[-9.166,52.865],[-9.689,53.881],[-8.328,54.665],[-7.572,55.132]]]}},{"type":"Feature","properties":{"ISO_A3":"IRN","NAME":"Iran"},"geometry":{"type":"Polygon","coordinates":[[[61.211,35.65],[60.803,34.404],[60.528,33.676],[60.964,33.529],[60.536,32.981],[60.864,32.183],[60.942,31.548],[61.699,31.38],[61.781,30.736],[60.874,29.829],[61.369,29.303],[61.772,28.699],[62.728,28.26],[62.755,27.379],[63.234,27.217],[63.317,26.757],[61.874,26.24],[61.497,25.078],[59.616,25.38],[58.526,25.61],[57.397,25.74],[56.971,26.966],[56.492,27.143],[55.724,26.965],[54.715,26.481],[53.493,26.812],[52.484,27.581],[51.521,27.866],[50.853,28.815],[50.115,30.148],[49.577,29.986],[48.941,30.317],[48.568,29.927],[48.015,30.452],[48.005,30.985],[47.685,30.985],[47.849,31.709],[47.335,32.469],[46.109,33.017],[45.417,33.968],[45.648,34.748],[46.152,35.093],[46.076,35.677],[45.421,35.978],[44.773,37.17],[44.773,37.17],[44.226,37.972],[44.421,38.281],[44.109,39.428],[44.794,39.713],[44.953,39.336],[45.458,38.874],[46.144,38.741],[46.506,38.771],[47.685,39.508],[48.06,39.582],[48.356,39.289],[48.011,38.794],[48.634,38.27],[48.883,38.32],[49.2,37.583],[50.148,37.375],[50.842,36.873],[52.264,36.7],[53.826,36.965],[53.922,37.199],[54.8,37.392],[55.512,37.964],[56.18,37.935],[56.619,38.121],[57.33,38.029],[58.436,37.522],[59.235,37.413],[60.378,36.527],[61.123,36.492],[61.211,35.65]]]}},{"type":"Feature","properties":{"ISO_A3":"IRQ","NAME":"Iraq"},"geometry":{"type":"Polygon","coordinates":[[[44.773,37.17],[45.421,35.978],[46.076,35.677],[46.152,35.093],[45.648,34.748],[45.417,33.968],[46.109,33.017],[47.335,32.469],[47.849,31.709],[47.685,30.985],[48.005,30.985],[48.015,30.452],[48.568,29.927],[47.975,29.976],[47.303,30.059],[46.569,29.099],[44.709,29.179],[41.89,31.19],[40.4,31.89],[39.195,32.161],[38.792,33.379],[41.006,34.419],[41.384,35.628],[41.29,36.359],[41.837,36.606],[42.35,37.23],[42.779,37.385],[43.942,37.256],[44.293,37.002],[44.773,37.17]]]}},{"type":"Feature","properties":{"ISO_A3":"ISL","NAME":"Iceland"},"geometry":{"type":"Polygon","coordinates":[[[-14.509,66.456],[-14.74,65.809],[-13.61,65.127],[-14.91,64.364],[-17.794,63.679],[-18.656,63.496],[-19.973,63.644],[-22.763,63.96],[-21.778,64.402],[-23.955,64.891],[-22.184,65.085],[-22.227,65.379],[-24.326,65.611],[-23.651,66.263],[-22.135,66.41],[-20.576,65.732],[-19.057,66.277],[-17.799,65.994],[-16.168,66.527],[-14.509,66.456]]]}},{"type":"Feature","properties":{"ISO_A3":"ISR","NAME":"Israel"},"geometry":{"type":"Polygon","coordinates":[[[34.823,29.761],[34.265,31.219],[34.265,31.219],[34.265,31.219],[34.556,31.549],[34.488,31.606],[34.753,32.073],[34.955,32.827],[35.098,33.081],[35.126,33.091],[35.461,33.089],[35.553,33.264],[35.821,33.277],[35.836,32.868],[35.701,32.716],[35.72,32.709],[35.546,32.394],[35.184,32.533],[34.975,31.867],[35.226,31.754],[34.971,31.617],[34.927,31.353],[35.398,31.489],[35.421,31.1],[34.923,29.501],[34.823,29.761]]]}},{"type":"Feature","properties":{"ISO_A3":"ITA","NAME":"Italy"},"geometry":{"type":"MultiPolygon","coordinates":[[[[10.443,46.894],[11.049,46.751],[11.165,46.942],[12.153,47.115],[12.376,46.768],[13.806,46.509],[13.698,46.017],[13.938,45.591],[13.142,45.737],[12.329,45.382],[12.384,44.885],[12.261,44.6],[12.589,44.091],[13.527,43.588],[14.03,42.761],[15.143,41.955],[15.926,41.961],[16.17,41.74],[15.889,41.541],[16.785,41.18],[17.519,40.877],[18.377,40.356],[18.48,40.169],[18.293,39.811],[17.738,40.278],[16.87,40.442],[16.449,39.795],[17.171,39.425],[17.053,38.903],[16.635,38.844],[16.101,37.986],[15.684,37.909],[15.688,38.215],[15.892,38.751],[16.109,38.965],[15.719,39.544],[15.414,40.048],[14.998,40.173],[14.703,40.605],[14.061,40.786],[13.628,41.188],[12.888,41.253],[12.107,41.705],[11.192,42.355],[10.512,42.931],[10.2,43.92],[9.702,44.036],[8.889,44.366],[8.429,44.231],[7.851,43.767],[7.435,43.694],[7.55,44.128],[7.008,44.255],[6.75,45.029],[7.097,45.333],[6.802,45.709],[6.844,45.991],[7.274,45.777],[7.756,45.824],[8.317,46.164],[8.49,46.005],[8.966,46.037],[9.183,46.44],[9.923,46.315],[10.363,46.484],[10.443,46.894]]],[[[15.52,38.231],[15.16,37.444],[15.31,37.134],[15.1,36.62],[14.335,36.997],[13.827,37.105],[12.431,37.613],[12.571,38.126],[13.741,38.035],[14.761,38.144],[15.52,38.231]]],[[[9.21,41.21],[9.81,40.5],[9.67,39.177],[9.215,39.24],[8.807,38.907],[8.428,39.172],[8.388,40.378],[8.16,40.95],[8.71,40.9],[9.21,41.21]]]]}},{"type":"Feature","properties":{"ISO_A3":"JAM","NAME":"Jamaica"},"geometry":{"type":"Polygon","coordinates":[[[-77.57,18.491],[-76.897,18.401],[-76.365,18.161],[-76.2,17.887],[-76.903,17.868],[-77.206,17.701],[-77.766,17.862],[-78.338,18.226],[-78.218,18.455],[-77.797,18.524],[-77.57,18.491]]]}},{"type":"Feature","properties":{"ISO_A3":"JOR","NAME":"Jordan"},"geometry":{"type":"Polygon","coordinates":[[[38.792,33.379],[39.195,32.161],[39.005,32.01],[37.002,31.508],[37.999,30.509],[37.668,30.339],[37.504,30.004],[36.741,29.865],[36.501,29.505],[36.069,29.197],[34.956,29.357],[34.923,29.501],[35.421,31.1],[35.398,31.489],[35.545,31.783],[35.546,32.394],[35.72,32.709],[36.834,32.313],[38.792,33.379]]]}},{"type":"Feature","properties":{"ISO_A3":"JPN","NAME":"Japan"},"geometry":{"type":"MultiPolygon","coordinates":[[[[134.638,34.149],[134.766,33.806],[134.203,33.201],[133.793,33.522],[133.28,33.29],[133.015,32.705],[132.363,32.989],[132.371,33.464],[132.924,34.06],[133.493,33.945],[133.904,34.365],[134.638,34.149]]],[[[140.976,37.142],[140.6,36.344],[140.774,35.843],[140.253,35.138],[138.976,34.668],[137.218,34.606],[135.793,33.465],[135.121,33.849],[135.079,34.597],[133.34,34.376],[132.157,33.905],[130.986,33.886],[132.0,33.15],[131.333,31.45],[130.686,31.03],[130.202,31.418],[130.448,32.319],[129.815,32.61],[129.408,33.296],[130.354,33.604],[130.878,34.233],[131.884,34.75],[132.618,35.433],[134.608,35.732],[135.678,35.527],[136.724,37.305],[137.391,36.827],[138.858,37.827],[139.426,38.216],[140.055,39.439],[139.883,40.563],[140.306,41.195],[141.369,41.379],[141.914,39.992],[141.885,39.181],[140.959,38.174],[140.976,37.142]]],[[[143.91,44.174],[144.613,43.961],[145.321,44.385],[145.543,43.262],[144.06,42.988],[143.184,41.995],[141.611,42.679],[141.067,41.585],[139.955,41.57],[139.818,42.564],[140.312,43.333],[141.381,43.389],[141.672,44.772],[141.968,45.551],[143.143,44.51],[143.91,44.174]]]]}},{"type":"Feature","properties":{"ISO_A3":"KAZ","NAME":"Kazakhstan"},"geometry":{"type":"Polygon","coordinates":[[[87.36,49.215],[86.599,48.549],[85.768,48.456],[85.72,47.453],[85.164,47.001],[83.18,47.33],[82.459,45.54],[81.947,45.317],[79.966,44.918],[80.866,43.18],[80.18,42.92],[80.26,42.35],[79.644,42.497],[79.142,42.856],[77.658,42.961],[76.0,42.988],[75.637,42.878],[74.213,43.298],[73.645,43.091],[73.49,42.501],[71.845,42.845],[71.186,42.704],[70.962,42.266],[70.389,42.081],[69.07,41.384],[68.632,40.669],[68.26,40.662],[67.986,41.136],[66.714,41.168],[66.511,41.988],[66.023,41.995],[66.098,42.998],[64.901,43.728],[63.186,43.65],[62.013,43.504],[61.058,44.406],[60.24,44.784],[58.69,45.5],[58.503,45.587],[55.929,44.996],[55.968,41.309],[55.455,41.26],[54.755,42.044],[54.079,42.324],[52.944,42.116],[52.502,41.783],[52.446,42.027],[52.692,42.444],[52.501,42.792],[51.342,43.133],[50.891,44.031],[50.339,44.284],[50.306,44.61],[51.279,44.515],[51.317,45.246],[52.167,45.408],[53.041,45.259],[53.221,46.235],[53.043,46.853],[52.042,46.805],[51.192,47.049],[50.034,46.609],[49.101,46.399],[48.593,46.561],[48.695,47.076],[48.057,47.744],[47.315,47.716],[46.466,48.394],[47.044,49.152],[46.752,49.356],[47.549,50.455],[48.578,49.875],[48.702,50.605],[50.767,51.693],[52.329,51.719],[54.533,51.026],[55.717,50.622],[56.778,51.044],[58.363,51.064],[59.642,50.545],[59.933,50.842],[61.337,50.799],[61.588,51.273],[59.968,51.96],[60.927,52.448],[60.74,52.72],[61.7,52.98],[60.978,53.665],[61.437,54.006],[65.179,54.354],[65.667,54.601],[68.169,54.97],[69.068,55.385],[70.865,55.17],[71.18,54.133],[72.224,54.377],[73.509,54.036],[73.426,53.49],[74.385,53.547],[76.891,54.491],[76.525,54.177],[77.801,53.404],[80.036,50.865],[80.568,51.388],[81.946,50.812],[83.383,51.069],[83.935,50.889],[84.416,50.311],[85.116,50.117],[85.541,49.693],[86.829,49.827],[87.36,49.215]]]}},{"type":"Feature","properties":{"ISO_A3":"KEN","NAME":"Kenya"},"geometry":{"type":"Polygon","coordinates":[[[35.298,5.506],[35.817,5.338],[35.817,4.777],[36.159,4.448],[36.855,4.448],[38.121,3.599],[38.437,3.589],[38.671,3.616],[38.893,3.501],[39.559,3.422],[39.855,3.839],[40.768,4.257],[41.172,3.919],[41.855,3.919],[40.981,2.785],[40.993,-0.858],[41.585,-1.683],[40.885,-2.083],[40.638,-2.5],[40.263,-2.573],[40.121,-3.278],[39.8,-3.681],[39.605,-4.347],[39.202,-4.677],[37.767,-3.677],[37.699,-3.097],[34.073,-1.06],[33.904,-0.95],[33.894,0.11],[34.18,0.515],[34.672,1.177],[35.036,1.906],[34.596,3.054],[34.479,3.556],[34.005,4.25],[34.62,4.847],[35.298,5.506]]]}},{"type":"Feature","properties":{"ISO_A3":"KGZ","NAME":"Kyrgyzstan"},"geometry":{"type":"Polygon","coordinates":[[[80.26,42.35],[80.119,42.124],[78.544,41.582],[78.187,41.185],[76.904,41.066],[76.526,40.428],[75.468,40.562],[74.777,40.366],[73.822,39.894],[73.96,39.66],[73.675,39.431],[71.785,39.279],[70.549,39.604],[69.465,39.527],[69.56,40.103],[70.648,39.936],[71.014,40.244],[71.775,40.146],[73.055,40.866],[71.87,41.393],[71.158,41.144],[70.42,41.52],[71.259,42.168],[70.962,42.266],[71.186,42.704],[71.845,42.845],[73.49,42.501],[73.645,43.091],[74.213,43.298],[75.637,42.878],[76.0,42.988],[77.658,42.961],[79.142,42.856],[79.644,42.497],[80.26,42.35]]]}},{"type":"Feature","properties":{"ISO_A3":"KHM","NAME":"Cambodia"},"geometry":{"type":"Polygon","coordinates":[[[102.585,12.187],[102.348,13.394],[102.988,14.226],[104.281,14.417],[105.219,14.273],[106.044,13.881],[106.496,14.571],[107.383,14.202],[107.615,13.536],[107.491,12.337],[105.811,11.568],[106.25,10.962],[105.2,10.889],[104.334,10.487],[103.497,10.633],[103.091,11.154],[102.585,12.187]]]}},{"type":"Feature","properties":{"ISO_A3":"KOR","NAME":"South Korea"},"geometry":{"type":"Polygon","coordinates":[[[128.35,38.612],[129.213,37.432],[129.46,36.784],[129.468,35.632],[129.091,35.082],[128.186,34.89],[127.387,34.476],[126.486,34.39],[126.374,34.935],[126.559,35.685],[126.117,36.725],[126.86,36.894],[126.175,37.75],[126.237,37.84],[126.684,37.805],[127.073,38.256],[127.78,38.305],[128.206,38.37],[128.35,38.612]]]}},{"type":"Feature","properties":{"ISO_A3":"-99","NAME":"Kosovo"},"geometry":{"type":"Polygon","coordinates":[[[20.59,41.855],[20.523,42.218],[20.284,42.32],[20.071,42.589],[20.258,42.813],[20.497,42.885],[20.635,43.217],[20.814,43.272],[20.957,43.131],[21.143,43.069],[21.274,42.91],[21.439,42.863],[21.633,42.677],[21.775,42.683],[21.663,42.439],[21.543,42.32],[21.577,42.245],[21.353,42.207],[20.762,42.052],[20.717,41.847],[20.59,41.855]]]}},{"type":"Feature","properties":{"ISO_A3":"KWT","NAME":"Kuwait"},"geometry":{"type":"Polygon","coordinates":[[[46.569,29.099],[47.303,30.059],[47.975,29.976],[48.183,29.534],[48.094,29.306],[48.416,28.552],[47.709,28.526],[47.46,29.003],[46.569,29.099]]]}},{"type":"Feature","properties":{"ISO_A3":"LAO","NAME":"Laos"},"geometry":{"type":"Polygon","coordinates":[[[101.18,21.437],[101.27,21.202],[101.803,21.174],[101.652,22.318],[102.17,22.465],[102.755,21.675],[103.204,20.767],[104.435,20.759],[104.823,19.887],[104.183,19.625],[103.897,19.265],[105.095,18.667],[105.926,17.485],[106.556,16.604],[107.313,15.909],[107.565,15.202],[107.383,14.202],[106.496,14.571],[106.044,13.881],[105.219,14.273],[105.544,14.724],[105.589,15.57],[104.779,16.442],[104.717,17.429],[103.956,18.241],[103.2,18.31],[102.999,17.962],[102.413,17.933],[102.114,18.109],[101.06,17.512],[101.036,18.409],[101.282,19.463],[100.606,19.508],[100.549,20.109],[100.116,20.418],[100.329,20.786],[101.18,21.437]]]}},{"type":"Feature","properties":{"ISO_A3":"LBN","NAME":"Lebanon"},"geometry":{"type":"Polygon","coordinates":[[[35.821,33.277],[35.553,33.264],[35.461,33.089],[35.126,33.091],[35.482,33.905],[35.98,34.61],[35.998,34.645],[36.448,34.594],[36.612,34.202],[36.066,33.825],[35.821,33.277]]]}},{"type":"Feature","properties":{"ISO_A3":"LBR","NAME":"Liberia"},"geometry":{"type":"Polygon","coordinates":[[[-8.439,7.686],[-8.485,7.395],[-8.385,6.912],[-8.603,6.468],[-8.311,6.193],[-7.994,6.126],[-7.57,5.707],[-7.54,5.313],[-7.635,5.188],[-7.712,4.365],[-7.974,4.356],[-9.005,4.832],[-9.913,5.594],[-10.765,6.141],[-11.439,6.786],[-11.2,7.106],[-11.147,7.397],[-10.696,7.939],[-10.23,8.406],[-10.017,8.429],[-9.755,8.541],[-9.337,7.929],[-9.403,7.527],[-9.209,7.314],[-8.926,7.309],[-8.722,7.712],[-8.439,7.686]]]}},{"type":"Feature","properties":{"ISO_A3":"LBY","NAME":"Libya"},"geometry":{"type":"Polygon","coordinates":[[[12.0,23.472],[11.561,24.098],[10.771,24.563],[10.304,24.379],[9.948,24.937],[9.911,25.365],[9.319,26.094],[9.716,26.512],[9.629,27.141],[9.756,27.688],[9.684,28.144],[9.86,28.96],[9.806,29.425],[9.482,30.308],[9.97,30.539],[10.057,30.962],[9.95,31.376],[10.637,31.761],[10.945,32.082],[11.432,32.369],[11.489,33.137],[12.663,32.793],[13.083,32.879],[13.919,32.712],[15.246,32.265],[15.714,31.376],[16.612,31.182],[18.021,30.764],[19.086,30.266],[19.574,30.526],[20.053,30.986],[19.82,31.752],[20.134,32.238],[20.855,32.707],[21.543,32.843],[22.896,32.639],[23.237,32.191],[23.609,32.187],[23.927,32.017],[24.921,31.899],[25.165,31.569],[24.803,31.089],[24.958,30.662],[24.7,30.044],[25,29.239],[25,25.683],[25,22],[25,20.003],[23.85,20],[23.838,19.58],[19.849,21.495],[15.861,23.41],[14.851,22.863],[14.144,22.491],[13.581,23.041],[12.0,23.472]]]}},{"type":"Feature","properties":{"ISO_A3":"LKA","NAME":"Sri Lanka"},"geometry":{"type":"Polygon","coordinates":[[[81.788,7.523],[81.637,6.482],[81.218,6.197],[80.348,5.968],[79.872,6.763],[79.695,8.201],[80.148,9.824],[80.839,9.268],[81.304,8.564],[81.788,7.523]]]}},{"type":"Feature","properties":{"ISO_A3":"LSO","NAME":"Lesotho"},"geometry":{"type":"Polygon","coordinates":[[[28.978,-28.956],[29.325,-29.257],[29.018,-29.744],[28.848,-30.07],[28.291,-30.226],[28.107,-30.546],[27.749,-30.645],[26.999,-29.876],[27.533,-29.243],[28.074,-28.851],[28.542,-28.648],[28.978,-28.956]]]}},{"type":"Feature","properties":{"ISO_A3":"LTU","NAME":"Lithuania"},"geometry":{"type":"Polygon","coordinates":[[[26.494,55.615],[26.588,55.167],[25.768,54.847],[25.536,54.282],[24.451,53.906],[23.484,53.912],[23.244,54.221],[22.731,54.328],[22.651,54.583],[22.758,54.857],[22.316,55.015],[21.268,55.19],[21.056,56.031],[22.201,56.338],[23.878,56.274],[24.861,56.373],[25.001,56.165],[25.533,56.1],[26.494,55.615]]]}},{"type":"Feature","properties":{"ISO_A3":"LUX","NAME":"Luxembourg"},"geometry":{"type":"Polygon","coordinates":[[[5.674,49.529],[5.782,50.09],[6.043,50.128],[6.243,49.902],[6.186,49.464],[5.898,49.443],[5.674,49.529]]]}},{"type":"Feature","properties":{"ISO_A3":"LVA","NAME":"Latvia"},"geometry":{"type":"Polygon","coordinates":[[[28.177,56.169],[27.102,55.783],[26.494,55.615],[25.533,56.1],[25.001,56.165],[24.861,56.373],[23.878,56.274],[22.201,56.338],[21.056,56.031],[21.09,56.784],[21.582,57.412],[22.524,57.753],[23.318,57.006],[24.121,57.026],[24.313,57.793],[25.165,57.97],[25.603,57.848],[26.464,57.476],[27.288,57.475],[27.77,57.244],[27.855,56.759],[28.177,56.169]]]}},{"type":"Feature","properties":{"ISO_A3":"MAR","NAME":"Morocco"},"geometry":{"type":"Polygon","coordinates":[[[-2.17,35.168],[-1.793,34.528],[-1.733,33.92],[-1.388,32.864],[-1.125,32.652],[-1.308,32.263],[-2.617,32.094],[-3.069,31.724],[-3.647,31.637],[-3.69,30.897],[-4.86,30.501],[-5.242,30.0],[-6.061,29.732],[-7.059,29.579],[-8.674,28.841],[-8.666,27.656],[-8.818,27.656],[-8.795,27.121],[-9.413,27.088],[-9.735,26.861],[-10.189,26.861],[-10.551,26.991],[-11.393,26.883],[-11.718,26.104],[-12.031,26.031],[-12.501,24.77],[-13.891,23.691],[-14.221,22.31],[-14.631,21.861],[-14.751,21.501],[-17.003,21.421],[-17.02,21.422],[-16.973,21.886],[-16.589,22.158],[-16.262,22.679],[-16.326,23.018],[-15.983,23.723],[-15.426,24.359],[-15.089,24.52],[-14.825,25.104],[-14.801,25.636],[-14.44,26.254],[-13.774,26.619],[-13.14,27.64],[-13.122,27.654],[-12.619,28.038],[-11.689,28.149],[-10.901,28.832],[-10.4,29.099],[-9.565,29.934],[-9.815,31.178],[-9.435,32.038],[-9.301,32.565],[-8.657,33.24],[-7.654,33.697],[-6.913,34.11],[-6.244,35.146],[-5.93,35.76],[-5.194,35.755],[-4.591,35.331],[-3.64,35.4],[-2.604,35.179],[-2.17,35.168]]]}},{"type":"Feature","properties":{"ISO_A3":"MDA","NAME":"Moldova"},"geometry":{"type":"Polygon","coordinates":[[[26.619,48.221],[26.858,48.368],[27.523,48.467],[28.26,48.156],[28.671,48.118],[29.123,47.849],[29.051,47.51],[29.415,47.347],[29.56,46.929],[29.909,46.674],[29.838,46.525],[30.025,46.424],[29.76,46.35],[29.171,46.379],[29.072,46.518],[28.863,46.438],[28.934,46.259],[28.66,45.94],[28.485,45.597],[28.234,45.488],[28.054,45.945],[28.16,46.372],[28.128,46.81],[27.551,47.405],[27.234,47.827],[26.924,48.123],[26.619,48.221]]]}},{"type":"Feature","properties":{"ISO_A3":"MDG","NAME":"Madagascar"},"geometry":{"type":"Polygon","coordinates":[[[49.544,-12.47],[49.809,-12.895],[50.057,-13.556],[50.217,-14.759],[50.477,-15.227],[50.377,-15.706],[50.2,-16.0],[49.861,-15.414],[49.673,-15.71],[49.863,-16.451],[49.775,-16.875],[49.499,-17.106],[49.436,-17.953],[49.042,-19.119],[48.549,-20.497],[47.931,-22.392],[47.548,-23.782],[47.096,-24.942],[46.282,-25.178],[45.41,-25.601],[44.834,-25.346],[44.04,-24.988],[43.764,-24.461],[43.698,-23.574],[43.346,-22.777],[43.254,-22.057],[43.433,-21.336],[43.894,-21.163],[43.896,-20.83],[44.374,-20.072],[44.464,-19.435],[44.232,-18.962],[44.043,-18.331],[43.963,-17.41],[44.312,-16.85],[44.447,-16.216],[44.945,-16.179],[45.503,-15.974],[45.873,-15.793],[46.312,-15.78],[46.882,-15.21],[47.705,-14.594],[48.005,-14.091],[47.869,-13.664],[48.294,-13.784],[48.845,-13.089],[48.864,-12.488],[49.195,-12.041],[49.544,-12.47]]]}},{"type":"Feature","properties":{"ISO_A3":"MEX","NAME":"Mexico"},"geometry":{"type":"Polygon","coordinates":[[[-88.3,18.5],[-88.49,18.487],[-88.848,17.883],[-89.03,18.002],[-89.151,17.955],[-89.143,17.808],[-90.068,17.819],[-91.002,17.818],[-91.002,17.255],[-91.454,17.252],[-91.082,16.918],[-90.712,16.687],[-90.601,16.471],[-90.439,16.41],[-90.464,16.07],[-91.748,16.067],[-92.229,15.251],[-92.087,15.065],[-92.203,14.83],[-92.228,14.539],[-93.359,15.615],[-93.875,15.94],[-94.692,16.201],[-95.25,16.128],[-96.053,15.752],[-96.557,15.654],[-97.264,15.917],[-98.013,16.107],[-98.948,16.566],[-99.697,16.706],[-100.829,17.171],[-101.666,17.649],[-101.919,17.916],[-102.478,17.976],[-103.501,18.292],[-103.918,18.749],[-104.992,19.316],[-105.493,19.947],[-105.731,20.434],[-105.398,20.532],[-105.501,20.817],[-105.271,21.076],[-105.266,21.422],[-105.603,21.871],[-105.693,22.269],[-106.029,22.774],[-106.91,23.768],[-107.915,24.549],[-108.402,25.172],[-109.26,25.581],[-109.444,25.825],[-109.292,26.443],[-109.801,26.676],[-110.392,27.162],[-110.641,27.86],[-111.179,27.941],[-111.76,28.468],[-112.228,28.954],[-112.272,29.267],[-112.81,30.021],[-113.164,30.787],[-113.149,31.171],[-113.872,31.568],[-114.206,31.524],[-114.776,31.8],[-114.937,31.393],[-114.771,30.914],[-114.674,30.163],[-114.331,29.75],[-113.589,29.062],[-113.424,28.826],[-113.272,28.755],[-113.14,28.411],[-112.962,28.425],[-112.762,27.78],[-112.458,27.526],[-112.245,27.172],[-111.616,26.663],[-111.285,25.733],[-110.988,25.295],[-110.71,24.826],[-110.655,24.299],[-110.173,24.266],[-109.772,23.811],[-109.409,23.365],[-109.433,23.186],[-109.854,22.818],[-110.031,22.823],[-110.295,23.431],[-110.95,24.001],[-111.671,24.484],[-112.182,24.738],[-112.149,25.47],[-112.301,26.012],[-112.777,26.322],[-113.465,26.768],[-113.597,26.639],[-113.849,26.9],[-114.466,27.142],[-115.055,27.723],[-114.982,27.798],[-114.57,27.741],[-114.199,28.115],[-114.162,28.566],[-114.932,29.279],[-115.519,29.556],[-115.887,30.181],[-116.258,30.836],[-116.722,31.636],[-117.128,32.535],[-115.991,32.612],[-114.721,32.721],[-114.815,32.525],[-113.305,32.039],[-111.024,31.335],[-109.035,31.342],[-108.242,31.342],[-108.24,31.755],[-106.508,31.755],[-106.143,31.4],[-105.632,31.084],[-105.037,30.644],[-104.706,30.122],[-104.457,29.572],[-103.94,29.27],[-103.11,28.97],[-102.48,29.76],[-101.662,29.779],[-100.958,29.381],[-100.456,28.696],[-100.11,28.11],[-99.52,27.54],[-99.3,26.84],[-99.02,26.37],[-98.24,26.06],[-97.53,25.84],[-97.14,25.87],[-97.528,24.992],[-97.703,24.272],[-97.776,22.933],[-97.872,22.444],[-97.699,21.899],[-97.389,21.411],[-97.189,20.635],[-96.526,19.891],[-96.292,19.32],[-95.901,18.828],[-94.839,18.563],[-94.426,18.144],[-93.549,18.424],[-92.786,18.525],[-92.037,18.705],[-91.408,18.876],[-90.772,19.284],[-90.534,19.867],[-90.451,20.708],[-90.279,21.0],[-89.601,21.262],[-88.544,21.494],[-87.658,21.459],[-87.052,21.544],[-86.812,21.332],[-86.846,20.85],[-87.383,20.255],[-87.621,19.647],[-87.437,19.472],[-87.587,19.04],[-87.837,18.26],[-88.091,18.517],[-88.3,18.5]]]}},{"type":"Feature","properties":{"ISO_A3":"MKD","NAME":"Macedonia"},"geometry":{"type":"Polygon","coordinates":[[[21.02,40.843],[20.605,41.086],[20.463,41.515],[20.59,41.855],[20.59,41.855],[20.717,41.847],[20.762,42.052],[21.353,42.207],[21.577,42.245],[21.917,42.304],[22.381,42.32],[22.881,41.999],[22.952,41.338],[22.762,41.305],[22.597,41.13],[22.055,41.15],[21.674,40.931],[21.02,40.843]]]}},{"type":"Feature","properties":{"ISO_A3":"MLI","NAME":"Mali"},"geometry":{"type":"Polygon","coordinates":[[[0.375,14.929],[-0.266,14.924],[-0.516,15.116],[-1.066,14.974],[-2.001,14.559],[-2.192,14.246],[-2.968,13.798],[-3.104,13.541],[-3.523,13.338],[-4.006,13.472],[-4.28,13.228],[-4.427,12.543],[-5.221,11.714],[-5.198,11.375],[-5.471,10.951],[-5.404,10.371],[-5.817,10.223],[-6.05,10.096],[-6.205,10.524],[-6.494,10.411],[-6.666,10.431],[-6.851,10.139],[-7.623,10.147],[-7.9,10.297],[-8.03,10.207],[-8.335,10.495],[-8.282,10.793],[-8.407,10.909],[-8.62,10.811],[-8.581,11.136],[-8.376,11.394],[-8.786,11.813],[-8.905,12.088],[-9.127,12.308],[-9.328,12.334],[-9.568,12.194],[-9.891,12.06],[-10.165,11.844],[-10.593,11.924],[-10.871,12.178],[-11.037,12.211],[-11.298,12.078],[-11.456,12.077],[-11.514,12.443],[-11.468,12.755],[-11.553,13.141],[-11.928,13.422],[-12.125,13.995],[-12.171,14.617],[-11.834,14.799],[-11.666,15.388],[-11.349,15.411],[-10.651,15.133],[-10.087,15.33],[-9.7,15.264],[-9.55,15.486],[-5.538,15.502],[-5.315,16.202],[-5.489,16.325],[-5.971,20.641],[-6.454,24.957],[-4.923,24.975],[-1.55,22.793],[1.823,20.611],[2.061,20.142],[2.684,19.856],[3.147,19.694],[3.158,19.057],[4.267,19.155],[4.27,16.852],[3.723,16.184],[3.638,15.568],[2.75,15.41],[1.386,15.324],[1.016,14.968],[0.375,14.929]]]}},{"type":"Feature","properties":{"ISO_A3":"MMR","NAME":"Myanmar"},"geometry":{"type":"MultiPolygon","coordinates":[[[[92.303,21.476],[92.652,21.324],[92.671,21.993],[92.676,21.992],[92.678,21.992],[92.68,21.991],[92.682,21.992],[92.684,21.992],[92.686,21.993],[92.688,21.993],[92.69,21.994],[92.691,21.995],[92.693,21.997],[92.694,21.998],[92.696,22.0],[92.697,22.001],[92.698,22.003],[92.698,22.005],[92.699,22.007],[92.699,22.009],[92.706,22.057],[92.777,22.091],[92.797,22.08],[92.826,22.047],[92.827,22.045],[92.829,22.044],[92.83,22.043],[92.832,22.042],[92.834,22.041],[92.836,22.04],[92.838,22.04],[92.84,22.04],[92.842,22.04],[92.844,22.04],[92.849,22.041],[92.887,21.935],[92.888,21.933],[92.889,21.931],[92.89,21.93],[92.891,21.928],[92.893,21.927],[92.894,21.925],[92.896,21.924],[92.897,21.923],[92.899,21.923],[92.901,21.922],[92.903,21.922],[92.905,21.922],[92.907,21.921],[92.909,21.922],[92.911,21.922],[92.913,21.922],[92.915,21.923],[92.916,21.924],[92.918,21.925],[92.919,21.926],[92.921,21.928],[92.922,21.929],[92.923,21.931],[92.924,21.933],[92.925,21.934],[92.925,21.936],[92.944,22.002],[92.945,22.003],[92.964,21.97],[92.966,21.969],[92.967,21.967],[92.968,21.966],[92.97,21.965],[92.971,21.963],[92.973,21.963],[92.975,21.962],[92.977,21.961],[92.979,21.961],[92.981,21.961],[92.983,21.961],[92.985,21.961],[92.987,21.961],[93.01,21.968],[93.012,21.968],[93.014,21.969],[93.016,21.97],[93.017,21.971],[93.019,21.973],[93.02,21.974],[93.022,21.976],[93.023,21.978],[93.023,21.979],[93.024,21.981],[93.025,21.983],[93.025,21.985],[93.025,21.987],[93.025,22.083],[93.058,22.081],[93.06,22.081],[93.062,22.081],[93.064,22.082],[93.066,22.082],[93.067,22.083],[93.069,22.084],[93.071,22.085],[93.072,22.086],[93.073,22.087],[93.075,22.089],[93.076,22.09],[93.077,22.092],[93.078,22.094],[93.078,22.096],[93.079,22.097],[93.079,22.099],[93.079,22.101],[93.079,22.103],[93.079,22.105],[93.078,22.107],[93.078,22.109],[93.077,22.11],[93.057,22.149],[93.057,22.178],[93.098,22.183],[93.105,22.166],[93.106,22.165],[93.107,22.163],[93.108,22.161],[93.109,22.16],[93.111,22.159],[93.112,22.157],[93.114,22.156],[93.116,22.156],[93.118,22.155],[93.12,22.154],[93.121,22.154],[93.123,22.154],[93.125,22.154],[93.152,22.156],[93.154,22.157],[93.156,22.157],[93.158,22.158],[93.16,22.159],[93.162,22.16],[93.163,22.161],[93.165,22.162],[93.166,22.164],[93.167,22.165],[93.168,22.167],[93.179,22.187],[93.18,22.189],[93.18,22.191],[93.181,22.193],[93.181,22.195],[93.181,22.196],[93.181,22.198],[93.181,22.2],[93.18,22.202],[93.18,22.204],[93.168,22.233],[93.208,22.245],[93.21,22.246],[93.212,22.247],[93.213,22.247],[93.215,22.249],[93.216,22.25],[93.218,22.252],[93.219,22.253],[93.22,22.255],[93.221,22.257],[93.221,22.258],[93.222,22.26],[93.222,22.262],[93.222,22.264],[93.222,22.266],[93.205,22.43],[93.205,22.432],[93.204,22.433],[93.204,22.435],[93.203,22.437],[93.202,22.439],[93.201,22.44],[93.2,22.442],[93.198,22.443],[93.197,22.444],[93.195,22.445],[93.157,22.467],[93.148,22.527],[93.148,22.529],[93.147,22.53],[93.146,22.532],[93.145,22.534],[93.144,22.536],[93.143,22.537],[93.142,22.538],[93.14,22.54],[93.139,22.541],[93.137,22.542],[93.137,22.542],[93.158,22.584],[93.159,22.585],[93.159,22.587],[93.16,22.589],[93.16,22.591],[93.16,22.593],[93.16,22.595],[93.16,22.597],[93.159,22.599],[93.159,22.601],[93.158,22.602],[93.116,22.676],[93.127,22.748],[93.127,22.75],[93.127,22.752],[93.127,22.754],[93.127,22.756],[93.118,22.791],[93.251,22.99],[93.292,22.987],[93.294,22.987],[93.296,22.987],[93.298,22.987],[93.3,22.988],[93.302,22.988],[93.304,22.989],[93.305,22.991],[93.307,22.992],[93.308,22.993],[93.366,23.057],[93.367,23.059],[93.368,23.06],[93.369,23.062],[93.37,23.064],[93.371,23.066],[93.371,23.067],[93.371,23.069],[93.371,23.071],[93.371,23.073],[93.371,23.075],[93.37,23.077],[93.37,23.079],[93.369,23.081],[93.368,23.082],[93.367,23.084],[93.365,23.085],[93.365,23.085],[93.371,23.103],[93.396,23.117],[93.397,23.119],[93.399,23.12],[93.4,23.121],[93.401,23.123],[93.403,23.125],[93.403,23.126],[93.404,23.128],[93.405,23.13],[93.405,23.132],[93.405,23.134],[93.405,23.136],[93.405,23.138],[93.405,23.14],[93.404,23.142],[93.403,23.144],[93.402,23.146],[93.401,23.147],[93.4,23.149],[93.398,23.15],[93.397,23.151],[93.395,23.152],[93.391,23.154],[93.407,23.211],[93.408,23.213],[93.408,23.215],[93.408,23.217],[93.408,23.219],[93.407,23.221],[93.38,23.337],[93.392,23.34],[93.394,23.34],[93.395,23.341],[93.397,23.342],[93.399,23.343],[93.4,23.344],[93.402,23.345],[93.403,23.347],[93.404,23.348],[93.405,23.35],[93.419,23.375],[93.42,23.376],[93.421,23.378],[93.421,23.38],[93.421,23.382],[93.421,23.384],[93.421,23.387],[93.421,23.389],[93.408,23.445],[93.447,23.583],[93.448,23.585],[93.448,23.587],[93.448,23.588],[93.448,23.59],[93.448,23.592],[93.437,23.644],[93.455,23.677],[93.456,23.679],[93.457,23.681],[93.457,23.683],[93.458,23.685],[93.458,23.687],[93.458,23.689],[93.457,23.691],[93.457,23.692],[93.456,23.694],[93.455,23.696],[93.454,23.698],[93.453,23.7],[93.452,23.701],[93.45,23.702],[93.449,23.703],[93.424,23.72],[93.412,23.759],[93.415,23.924],[93.415,23.925],[93.415,23.927],[93.414,23.93],[93.414,23.931],[93.413,23.933],[93.412,23.935],[93.411,23.937],[93.409,23.938],[93.408,23.939],[93.406,23.941],[93.404,23.942],[93.403,23.942],[93.366,23.957],[93.349,23.99],[93.349,24.067],[93.355,24.07],[93.4,24.057],[93.445,23.965],[93.446,23.963],[93.447,23.962],[93.449,23.96],[93.45,23.959],[93.451,23.958],[93.493,23.927],[93.495,23.925],[93.497,23.924],[93.498,23.924],[93.5,23.923],[93.502,23.923],[93.504,23.922],[93.506,23.922],[93.508,23.923],[93.51,23.923],[93.512,23.924],[93.557,23.941],[93.559,23.942],[93.561,23.943],[93.563,23.944],[93.564,23.945],[93.566,23.947],[93.567,23.948],[93.568,23.95],[93.569,23.952],[93.581,23.944],[93.582,23.943],[93.584,23.942],[93.586,23.942],[93.588,23.941],[93.59,23.941],[93.592,23.941],[93.594,23.941],[93.596,23.941],[93.598,23.942],[93.6,23.942],[93.602,23.943],[93.603,23.944],[93.605,23.945],[93.606,23.947],[93.608,23.948],[93.609,23.95],[93.633,23.989],[93.768,23.949],[93.791,23.916],[93.792,23.914],[93.794,23.913],[93.795,23.911],[93.797,23.91],[93.798,23.909],[93.8,23.908],[93.802,23.908],[93.804,23.907],[93.806,23.907],[93.808,23.907],[93.81,23.907],[93.811,23.907],[93.873,23.919],[94.037,23.871],[94.038,23.87],[94.04,23.869],[94.042,23.869],[94.044,23.868],[94.046,23.867],[94.048,23.867],[94.05,23.867],[94.05,23.867],[94.092,23.855],[94.109,23.824],[94.109,23.822],[94.111,23.821],[94.112,23.819],[94.114,23.818],[94.115,23.817],[94.117,23.816],[94.119,23.815],[94.121,23.814],[94.123,23.814],[94.125,23.814],[94.127,23.814],[94.129,23.814],[94.131,23.814],[94.133,23.815],[94.135,23.815],[94.165,23.83],[94.167,23.831],[94.168,23.832],[94.17,23.833],[94.171,23.834],[94.173,23.836],[94.174,23.837],[94.175,23.839],[94.175,23.841],[94.176,23.843],[94.176,23.845],[94.187,23.912],[94.195,23.914],[94.197,23.915],[94.198,23.915],[94.2,23.916],[94.202,23.917],[94.203,23.919],[94.205,23.92],[94.206,23.922],[94.207,23.923],[94.208,23.925],[94.255,24.027],[94.256,24.029],[94.257,24.031],[94.257,24.032],[94.257,24.034],[94.257,24.036],[94.257,24.038],[94.257,24.04],[94.256,24.042],[94.256,24.044],[94.252,24.052],[94.268,24.068],[94.27,24.069],[94.271,24.071],[94.272,24.072],[94.273,24.074],[94.273,24.076],[94.274,24.078],[94.274,24.079],[94.275,24.081],[94.28,24.16],[94.339,24.267],[94.34,24.269],[94.341,24.271],[94.341,24.273],[94.342,24.275],[94.342,24.277],[94.342,24.286],[94.359,24.316],[94.359,24.317],[94.361,24.318],[94.363,24.319],[94.364,24.321],[94.366,24.322],[94.367,24.324],[94.395,24.369],[94.396,24.371],[94.397,24.372],[94.398,24.374],[94.398,24.376],[94.398,24.378],[94.398,24.38],[94.398,24.382],[94.398,24.384],[94.398,24.386],[94.397,24.387],[94.398,24.389],[94.403,24.391],[94.405,24.392],[94.407,24.393],[94.408,24.395],[94.41,24.396],[94.411,24.398],[94.412,24.4],[94.413,24.401],[94.427,24.432],[94.427,24.433],[94.428,24.435],[94.428,24.437],[94.428,24.439],[94.428,24.441],[94.428,24.443],[94.428,24.445],[94.428,24.445],[94.441,24.468],[94.441,24.468],[94.442,24.47],[94.443,24.471],[94.444,24.473],[94.445,24.475],[94.445,24.477],[94.494,24.567],[94.516,24.575],[94.518,24.576],[94.52,24.577],[94.522,24.579],[94.523,24.58],[94.524,24.582],[94.526,24.583],[94.557,24.634],[94.558,24.636],[94.559,24.637],[94.559,24.64],[94.56,24.642],[94.56,24.644],[94.561,24.692],[94.568,24.696],[94.569,24.695],[94.57,24.693],[94.572,24.692],[94.573,24.69],[94.575,24.689],[94.576,24.688],[94.578,24.687],[94.58,24.687],[94.582,24.686],[94.584,24.686],[94.586,24.686],[94.588,24.686],[94.59,24.686],[94.592,24.687],[94.612,24.694],[94.613,24.694],[94.615,24.695],[94.617,24.696],[94.618,24.697],[94.619,24.699],[94.621,24.7],[94.622,24.701],[94.623,24.703],[94.647,24.748],[94.647,24.749],[94.648,24.751],[94.649,24.753],[94.649,24.755],[94.649,24.757],[94.649,24.759],[94.649,24.76],[94.648,24.762],[94.648,24.764],[94.647,24.766],[94.639,24.783],[94.651,24.83],[94.729,24.922],[94.73,24.924],[94.731,24.925],[94.732,24.927],[94.733,24.929],[94.733,24.931],[94.734,24.933],[94.734,24.935],[94.734,24.937],[94.733,24.939],[94.733,24.941],[94.732,24.942],[94.731,24.944],[94.72,24.967],[94.76,25.026],[94.761,25.027],[94.762,25.029],[94.763,25.03],[94.763,25.032],[94.764,25.034],[94.764,25.036],[94.764,25.038],[94.761,25.127],[94.761,25.129],[94.76,25.131],[94.76,25.133],[94.759,25.135],[94.758,25.136],[94.757,25.138],[94.756,25.14],[94.755,25.141],[94.753,25.142],[94.752,25.143],[94.75,25.144],[94.749,25.145],[94.625,25.195],[94.834,25.514],[94.856,25.542],[94.9,25.546],[94.902,25.546],[94.904,25.546],[94.906,25.547],[94.907,25.548],[94.909,25.549],[94.911,25.55],[94.912,25.551],[94.913,25.553],[94.915,25.554],[94.916,25.556],[94.917,25.558],[94.917,25.559],[94.918,25.561],[94.918,25.563],[94.918,25.565],[94.918,25.567],[94.918,25.569],[94.917,25.571],[94.917,25.573],[94.916,25.575],[94.915,25.576],[94.911,25.583],[94.924,25.59],[94.925,25.591],[94.927,25.592],[94.929,25.593],[94.93,25.594],[94.931,25.596],[94.932,25.597],[94.933,25.599],[94.934,25.601],[94.953,25.655],[95.061,25.744],[95.063,25.746],[95.064,25.747],[95.065,25.749],[95.066,25.75],[95.067,25.752],[95.068,25.754],[95.068,25.756],[95.069,25.757],[95.069,25.759],[95.069,25.761],[95.068,25.763],[95.068,25.765],[95.048,25.839],[95.129,25.961],[95.14,25.972],[95.141,25.973],[95.142,25.975],[95.202,26.062],[95.203,26.064],[95.204,26.065],[95.205,26.067],[95.205,26.069],[95.206,26.071],[95.206,26.073],[95.206,26.075],[95.205,26.077],[95.205,26.079],[95.204,26.081],[95.203,26.083],[95.202,26.084],[95.201,26.086],[95.2,26.087],[95.198,26.089],[95.197,26.09],[95.195,26.091],[95.193,26.092],[95.149,26.11],[95.145,26.183],[95.158,26.199],[95.159,26.201],[95.16,26.203],[95.161,26.204],[95.162,26.206],[95.162,26.208],[95.162,26.21],[95.162,26.212],[95.162,26.214],[95.162,26.216],[95.161,26.218],[95.161,26.22],[95.16,26.222],[95.159,26.223],[95.157,26.225],[95.156,26.226],[95.155,26.227],[95.143,26.236],[95.14,26.28],[95.152,26.375],[95.152,26.377],[95.152,26.379],[95.152,26.381],[95.151,26.383],[95.151,26.385],[95.15,26.387],[95.149,26.389],[95.147,26.391],[95.146,26.392],[95.145,26.393],[95.143,26.395],[95.141,26.396],[95.134,26.399],[95.129,26.504],[95.13,26.506],[95.131,26.508],[95.132,26.509],[95.133,26.511],[95.133,26.513],[95.134,26.515],[95.134,26.517],[95.134,26.518],[95.134,26.52],[95.134,26.522],[95.133,26.524],[95.13,26.535],[95.168,26.568],[95.169,26.569],[95.17,26.571],[95.171,26.572],[95.172,26.574],[95.173,26.576],[95.174,26.578],[95.174,26.58],[95.174,26.582],[95.174,26.584],[95.174,26.586],[95.172,26.599],[95.248,26.639],[95.249,26.639],[95.25,26.638],[95.252,26.637],[95.254,26.636],[95.256,26.636],[95.257,26.636],[95.301,26.631],[95.303,26.631],[95.305,26.631],[95.307,26.631],[95.309,26.632],[95.311,26.632],[95.438,26.681],[95.44,26.682],[95.441,26.683],[95.443,26.684],[95.445,26.686],[95.446,26.687],[95.447,26.689],[95.471,26.724],[95.485,26.727],[95.487,26.727],[95.489,26.728],[95.491,26.729],[95.493,26.73],[95.495,26.731],[95.496,26.732],[95.498,26.733],[95.499,26.735],[95.5,26.737],[95.529,26.789],[95.563,26.808],[95.602,26.794],[95.603,26.794],[95.605,26.793],[95.607,26.793],[95.609,26.793],[95.611,26.793],[95.613,26.794],[95.615,26.794],[95.616,26.795],[95.618,26.796],[95.62,26.797],[95.621,26.798],[95.623,26.799],[95.624,26.801],[95.625,26.802],[95.626,26.804],[95.627,26.806],[95.644,26.851],[95.687,26.874],[95.716,26.863],[95.718,26.862],[95.72,26.862],[95.722,26.861],[95.724,26.861],[95.726,26.862],[95.728,26.862],[95.73,26.863],[95.731,26.863],[95.733,26.864],[95.735,26.865],[95.737,26.867],[95.738,26.868],[95.739,26.87],[95.74,26.871],[95.767,26.916],[96.419,27.265],[96.998,27.118],[97.051,27.076],[97.053,27.075],[97.054,27.074],[97.056,27.073],[97.058,27.073],[97.06,27.072],[97.062,27.072],[97.064,27.072],[97.066,27.072],[97.068,27.072],[97.07,27.073],[97.072,27.074],[97.1,27.087],[97.13,27.073],[97.132,27.073],[97.133,27.072],[97.135,27.072],[97.137,27.072],[97.139,27.072],[97.141,27.072],[97.143,27.072],[97.145,27.073],[97.147,27.073],[97.148,27.074],[97.15,27.075],[97.151,27.076],[97.153,27.078],[97.154,27.079],[97.155,27.081],[97.156,27.082],[97.181,27.133],[97.182,27.135],[97.183,27.137],[97.183,27.139],[97.183,27.141],[97.184,27.142],[97.183,27.144],[97.183,27.146],[97.183,27.148],[97.182,27.15],[97.181,27.152],[97.18,27.153],[97.179,27.155],[97.114,27.235],[97.052,27.699],[97.082,27.715],[97.082,27.715],[97.084,27.715],[97.086,27.714],[97.088,27.714],[97.09,27.714],[97.092,27.715],[97.094,27.715],[97.096,27.716],[97.098,27.717],[97.099,27.718],[97.101,27.719],[97.102,27.72],[97.103,27.722],[97.105,27.724],[97.106,27.725],[97.107,27.728],[97.357,27.859],[97.362,27.858],[97.364,27.857],[97.365,27.857],[97.367,27.857],[97.369,27.858],[97.371,27.858],[97.373,27.858],[97.375,27.859],[97.377,27.86],[97.378,27.861],[97.38,27.863],[97.381,27.864],[97.393,27.878],[97.403,27.883],[97.386,27.964],[97.412,28.0],[97.413,28.002],[97.414,28.004],[97.414,28.006],[97.415,28.007],[97.415,28.009],[97.415,28.011],[97.415,28.013],[97.415,28.015],[97.415,28.017],[97.414,28.019],[97.413,28.02],[97.412,28.022],[97.411,28.024],[97.371,28.079],[97.369,28.08],[97.368,28.082],[97.367,28.083],[97.365,28.084],[97.363,28.085],[97.362,28.085],[97.353,28.134],[97.371,28.147],[97.372,28.148],[97.374,28.15],[97.375,28.151],[97.376,28.153],[97.377,28.155],[97.378,28.157],[97.378,28.159],[97.379,28.16],[97.379,28.163],[97.38,28.204],[97.38,28.206],[97.38,28.208],[97.379,28.21],[97.379,28.212],[97.378,28.214],[97.377,28.215],[97.376,28.217],[97.375,28.218],[97.373,28.22],[97.372,28.221],[97.37,28.222],[97.368,28.223],[97.367,28.224],[97.332,28.236],[97.327,28.262],[97.912,28.336],[98.246,27.747],[98.683,27.509],[98.712,26.744],[98.672,25.919],[97.725,25.084],[97.605,23.897],[98.66,24.063],[98.899,23.143],[99.532,22.949],[99.241,22.118],[99.984,21.743],[100.416,21.559],[101.15,21.85],[101.18,21.437],[100.329,20.786],[100.116,20.418],[99.543,20.187],[98.96,19.753],[98.254,19.708],[97.798,18.627],[97.376,18.445],[97.859,17.568],[98.494,16.838],[98.903,16.178],[98.537,15.309],[98.192,15.124],[98.431,14.622],[99.098,13.828],[99.212,13.269],[99.196,12.805],[99.587,11.893],[99.038,10.96],[98.554,9.933],[98.457,10.675],[98.764,11.441],[98.428,12.033],[98.51,13.122],[98.104,13.64],[97.778,14.837],[97.597,16.101],[97.165,16.929],[96.506,16.427],[95.369,15.714],[94.808,15.803],[94.189,16.038],[94.534,17.277],[94.325,18.213],[93.541,19.366],[93.663,19.727],[93.078,19.855],[92.369,20.671],[92.303,21.476]]]]}},{"type":"Feature","properties":{"ISO_A3":"MNE","NAME":"Montenegro"},"geometry":{"type":"Polygon","coordinates":[[[20.071,42.589],[19.802,42.5],[19.738,42.688],[19.304,42.196],[19.372,41.878],[19.162,41.955],[18.882,42.282],[18.45,42.48],[18.56,42.65],[18.706,43.2],[19.032,43.433],[19.219,43.524],[19.484,43.352],[19.63,43.214],[19.959,43.106],[20.34,42.899],[20.258,42.813],[20.071,42.589]]]}},{"type":"Feature","properties":{"ISO_A3":"MNG","NAME":"Mongolia"},"geometry":{"type":"Polygon","coordinates":[[[116.679,49.889],[116.192,49.135],[115.485,48.135],[115.743,47.727],[116.309,47.853],[117.296,47.698],[118.064,48.067],[118.867,47.747],[119.773,47.048],[119.663,46.693],[118.874,46.805],[117.422,46.673],[116.718,46.388],[115.985,45.727],[114.46,45.34],[113.464,44.809],[112.436,45.012],[111.873,45.102],[111.348,44.457],[111.668,44.073],[111.83,43.743],[111.13,43.407],[110.412,42.871],[109.244,42.519],[107.745,42.482],[106.129,42.134],[104.965,41.597],[104.522,41.908],[103.312,41.907],[101.833,42.515],[100.846,42.664],[99.516,42.525],[97.452,42.749],[96.349,42.726],[95.762,43.319],[95.307,44.241],[94.689,44.352],[93.481,44.975],[92.134,45.115],[90.946,45.286],[90.586,45.72],[90.971,46.888],[90.281,47.694],[88.854,48.069],[88.014,48.599],[87.751,49.297],[88.806,49.471],[90.714,50.332],[92.235,50.802],[93.104,50.495],[94.148,50.481],[94.816,50.013],[95.814,49.977],[97.26,49.726],[98.232,50.422],[97.826,51.011],[98.861,52.047],[99.982,51.634],[100.889,51.517],[102.065,51.26],[102.256,50.511],[103.677,50.09],[104.622,50.275],[105.887,50.406],[106.889,50.274],[107.868,49.794],[108.475,49.283],[109.402,49.293],[110.662,49.13],[111.581,49.378],[112.898,49.544],[114.362,50.248],[114.962,50.14],[115.486,49.805],[116.679,49.889]]]}},{"type":"Feature","properties":{"ISO_A3":"MOZ","NAME":"Mozambique"},"geometry":{"type":"Polygon","coordinates":[[[34.56,-11.52],[35.312,-11.439],[36.514,-11.721],[36.775,-11.595],[37.471,-11.569],[37.828,-11.269],[38.428,-11.285],[39.521,-10.897],[40.317,-10.317],[40.317,-10.317],[40.317,-10.317],[40.478,-10.765],[40.437,-11.762],[40.561,-12.639],[40.6,-14.202],[40.775,-14.692],[40.477,-15.406],[40.089,-16.101],[39.453,-16.721],[38.538,-17.101],[37.411,-17.586],[36.281,-18.66],[35.896,-18.842],[35.198,-19.553],[34.786,-19.784],[34.702,-20.497],[35.176,-21.254],[35.373,-21.841],[35.386,-22.14],[35.563,-22.09],[35.534,-23.071],[35.372,-23.535],[35.607,-23.707],[35.459,-24.123],[35.041,-24.478],[34.216,-24.816],[33.013,-25.358],[32.575,-25.727],[32.66,-26.149],[32.916,-26.216],[32.83,-26.742],[32.072,-26.734],[31.986,-26.292],[31.838,-25.843],[31.752,-25.484],[31.931,-24.369],[31.67,-23.659],[31.191,-22.252],[32.245,-21.116],[32.509,-20.395],[32.66,-20.304],[32.773,-19.716],[32.612,-19.419],[32.655,-18.672],[32.85,-17.979],[32.848,-16.713],[32.328,-16.392],[31.852,-16.319],[31.636,-16.072],[31.173,-15.861],[30.339,-15.881],[30.274,-15.508],[30.179,-14.796],[33.214,-13.972],[33.79,-14.452],[34.065,-14.36],[34.46,-14.613],[34.518,-15.014],[34.307,-15.479],[34.381,-16.184],[35.034,-16.801],[35.339,-16.107],[35.772,-15.897],[35.687,-14.611],[35.268,-13.888],[34.907,-13.565],[34.56,-13.58],[34.28,-12.28],[34.56,-11.52]]]}},{"type":"Feature","properties":{"ISO_A3":"MRT","NAME":"Mauritania"},"geometry":{"type":"Polygon","coordinates":[[[-8.684,27.396],[-4.923,24.975],[-6.454,24.957],[-5.971,20.641],[-5.489,16.325],[-5.315,16.202],[-5.538,15.502],[-9.55,15.486],[-9.7,15.264],[-10.087,15.33],[-10.651,15.133],[-11.349,15.411],[-11.666,15.388],[-11.834,14.799],[-12.171,14.617],[-12.831,15.304],[-13.436,16.039],[-14.1,16.304],[-14.577,16.598],[-15.136,16.587],[-15.624,16.369],[-16.121,16.456],[-16.463,16.135],[-16.55,16.674],[-16.271,17.167],[-16.146,18.108],[-16.257,19.097],[-16.378,19.594],[-16.278,20.093],[-16.536,20.568],[-17.063,21.0],[-16.845,21.333],[-12.929,21.327],[-13.119,22.771],[-12.874,23.285],[-11.937,23.375],[-11.969,25.933],[-8.687,25.881],[-8.684,27.396]]]}},{"type":"Feature","properties":{"ISO_A3":"MWI","NAME":"Malawi"},"geometry":{"type":"Polygon","coordinates":[[[34.56,-11.52],[34.28,-12.28],[34.56,-13.58],[34.907,-13.565],[35.268,-13.888],[35.687,-14.611],[35.772,-15.897],[35.339,-16.107],[35.034,-16.801],[34.381,-16.184],[34.307,-15.479],[34.518,-15.014],[34.46,-14.613],[34.065,-14.36],[33.79,-14.452],[33.214,-13.972],[32.688,-13.713],[32.992,-12.784],[33.306,-12.436],[33.114,-11.607],[33.315,-10.797],[33.486,-10.526],[33.231,-9.677],[32.759,-9.231],[33.74,-9.417],[33.941,-9.694],[34.28,-10.16],[34.56,-11.52]]]}},{"type":"Feature","properties":{"ISO_A3":"MYS","NAME":"Malaysia"},"geometry":{"type":"MultiPolygon","coordinates":[[[[114.204,4.526],[114.66,4.008],[114.87,4.348],[115.347,4.317],[115.406,4.955],[115.451,5.448],[116.221,6.143],[116.725,6.925],[117.13,6.928],[117.643,6.422],[117.689,5.987],[118.348,5.709],[119.182,5.408],[119.111,5.016],[118.44,4.967],[118.618,4.478],[117.882,4.138],[117.015,4.306],[115.866,4.307],[115.519,3.169],[115.134,2.821],[114.621,1.431],[113.806,1.218],[112.86,1.498],[112.38,1.41],[111.798,0.904],[111.159,0.976],[110.514,0.773],[109.83,1.338],[109.663,2.006],[110.396,1.664],[111.169,1.851],[111.37,2.697],[111.797,2.886],[112.996,3.102],[113.713,3.894],[114.204,4.526]]],[[[102.141,6.222],[102.371,6.128],[102.962,5.524],[103.381,4.855],[103.439,4.182],[103.332,3.727],[103.429,3.383],[103.502,2.791],[103.855,2.515],[104.248,1.631],[104.229,1.293],[103.52,1.226],[102.574,1.967],[101.391,2.761],[101.274,3.27],[100.695,3.939],[100.557,4.767],[100.197,5.312],[100.306,6.041],[100.086,6.464],[100.26,6.643],[101.076,6.205],[101.154,5.691],[101.814,5.811],[102.141,6.222]]]]}},{"type":"Feature","properties":{"ISO_A3":"NAM","NAME":"Namibia"},"geometry":{"type":"Polygon","coordinates":[[[11.734,-17.302],[12.215,-17.112],[12.814,-16.941],[13.462,-16.971],[14.059,-17.423],[14.21,-17.353],[18.263,-17.31],[18.956,-17.789],[21.377,-17.931],[23.215,-17.523],[24.034,-17.296],[24.682,-17.353],[25.077,-17.579],[25.084,-17.662],[24.521,-17.887],[24.217,-17.889],[23.579,-18.281],[23.197,-17.869],[21.655,-18.219],[20.911,-18.252],[20.881,-21.814],[19.895,-21.849],[19.896,-24.768],[19.895,-28.461],[19.002,-28.972],[18.465,-29.045],[17.836,-28.856],[17.387,-28.784],[17.219,-28.356],[16.824,-28.082],[16.345,-28.577],[15.602,-27.821],[15.21,-27.091],[14.99,-26.117],[14.743,-25.393],[14.408,-23.853],[14.386,-22.657],[14.258,-22.111],[13.869,-21.699],[13.352,-20.873],[12.827,-19.673],[12.609,-19.045],[11.795,-18.069],[11.734,-17.302]]]}},{"type":"Feature","properties":{"ISO_A3":"NCL","NAME":"New Caledonia"},"geometry":{"type":"Polygon","coordinates":[[[165.78,-21.08],[166.6,-21.7],[167.12,-22.16],[166.74,-22.4],[166.19,-22.13],[165.474,-21.68],[164.83,-21.15],[164.168,-20.445],[164.03,-20.106],[164.46,-20.12],[165.02,-20.46],[165.46,-20.8],[165.78,-21.08]]]}},{"type":"Feature","properties":{"ISO_A3":"NER","NAME":"Niger"},"geometry":{"type":"Polygon","coordinates":[[[3.611,11.66],[2.849,12.236],[2.49,12.233],[2.154,11.94],[2.177,12.625],[1.024,12.852],[0.993,13.336],[0.43,13.989],[0.296,14.444],[0.375,14.929],[1.016,14.968],[1.386,15.324],[2.75,15.41],[3.638,15.568],[3.723,16.184],[4.27,16.852],[4.267,19.155],[5.678,19.601],[8.573,21.566],[12.0,23.472],[13.581,23.041],[14.144,22.491],[14.851,22.863],[15.097,21.309],[15.471,21.048],[15.487,20.73],[15.903,20.388],[15.686,19.957],[15.3,17.928],[15.248,16.627],[13.972,15.684],[13.54,14.367],[13.957,13.997],[13.954,13.353],[14.596,13.33],[14.496,12.859],[14.214,12.802],[14.181,12.484],[13.995,12.462],[13.319,13.556],[13.084,13.596],[12.302,13.037],[11.528,13.329],[10.99,13.387],[10.701,13.247],[10.115,13.277],[9.525,12.851],[9.015,12.827],[7.805,13.344],[7.331,13.098],[6.82,13.115],[6.445,13.493],[5.443,13.866],[4.368,13.747],[4.108,13.531],[3.967,12.956],[3.681,12.553],[3.611,11.66]]]}},{"type":"Feature","properties":{"ISO_A3":"NGA","NAME":"Nigeria"},"geometry":{"type":"Polygon","coordinates":[[[2.692,6.259],[2.749,7.871],[2.724,8.507],[2.912,9.138],[3.22,9.444],[3.705,10.063],[3.6,10.332],[3.797,10.735],[3.572,11.328],[3.611,11.66],[3.681,12.553],[3.967,12.956],[4.108,13.531],[4.368,13.747],[5.443,13.866],[6.445,13.493],[6.82,13.115],[7.331,13.098],[7.805,13.344],[9.015,12.827],[9.525,12.851],[10.115,13.277],[10.701,13.247],[10.99,13.387],[11.528,13.329],[12.302,13.037],[13.084,13.596],[13.319,13.556],[13.995,12.462],[14.181,12.484],[14.577,12.085],[14.468,11.905],[14.415,11.572],[13.573,10.799],[13.309,10.16],[13.168,9.641],[12.955,9.418],[12.754,8.718],[12.219,8.306],[12.064,7.8],[11.839,7.397],[11.746,6.981],[11.059,6.644],[10.497,7.055],[10.118,7.039],[9.523,6.453],[9.233,6.444],[8.758,5.48],[8.5,4.772],[7.462,4.412],[7.083,4.465],[6.698,4.241],[5.898,4.262],[5.363,4.888],[5.034,5.612],[4.326,6.271],[3.574,6.258],[2.692,6.259]]]}},{"type":"Feature","properties":{"ISO_A3":"NIC","NAME":"Nicaragua"},"geometry":{"type":"Polygon","coordinates":[[[-83.656,10.939],[-83.895,10.727],[-84.19,10.793],[-84.356,10.999],[-84.673,11.083],[-84.903,10.952],[-85.562,11.217],[-85.713,11.088],[-86.058,11.403],[-86.526,11.807],[-86.746,12.144],[-87.168,12.458],[-87.668,12.91],[-87.557,13.065],[-87.392,12.914],[-87.317,12.985],[-87.006,13.026],[-86.881,13.254],[-86.734,13.263],[-86.755,13.755],[-86.521,13.778],[-86.312,13.771],[-86.096,14.038],[-85.801,13.836],[-85.699,13.96],[-85.514,14.079],[-85.165,14.354],[-85.149,14.56],[-85.053,14.552],[-84.925,14.79],[-84.82,14.82],[-84.65,14.667],[-84.449,14.622],[-84.228,14.749],[-83.976,14.749],[-83.629,14.88],[-83.49,15.016],[-83.147,14.996],[-83.233,14.9],[-83.284,14.677],[-83.182,14.311],[-83.412,13.97],[-83.52,13.568],[-83.552,13.127],[-83.499,12.869],[-83.473,12.419],[-83.626,12.321],[-83.72,11.893],[-83.651,11.629],[-83.855,11.373],[-83.809,11.103],[-83.656,10.939]]]}},{"type":"Feature","properties":{"ISO_A3":"NLD","NAME":"Netherlands"},"geometry":{"type":"Polygon","coordinates":[[[6.157,50.804],[5.607,51.037],[4.974,51.475],[4.047,51.267],[3.315,51.346],[3.315,51.346],[3.83,51.621],[4.706,53.092],[6.074,53.51],[6.905,53.482],[7.092,53.144],[6.843,52.228],[6.589,51.852],[5.989,51.852],[6.157,50.804]]]}},{"type":"Feature","properties":{"ISO_A3":"-99","NAME":"Norway"},"geometry":{"type":"MultiPolygon","coordinates":[[[[28.592,69.065],[29.016,69.766],[27.732,70.164],[26.18,69.825],[25.689,69.092],[24.736,68.65],[23.662,68.891],[22.356,68.842],[21.245,69.37],[20.646,69.106],[20.025,69.065],[19.879,68.407],[17.994,68.567],[17.729,68.011],[16.769,68.014],[16.109,67.302],[15.108,66.194],[13.556,64.787],[13.92,64.445],[13.572,64.049],[12.58,64.066],[11.931,63.128],[11.992,61.8],[12.631,61.294],[12.3,60.118],[11.468,59.432],[11.027,58.856],[10.357,59.47],[8.382,58.313],[7.049,58.079],[5.666,58.588],[5.308,59.663],[4.992,61.971],[5.913,62.614],[8.553,63.454],[10.528,64.486],[12.358,65.88],[14.761,67.811],[16.436,68.563],[19.184,69.817],[21.378,70.255],[23.024,70.202],[24.547,71.03],[26.37,70.986],[28.166,71.185],[31.293,70.454],[30.005,70.186],[31.101,69.558],[29.4,69.157],[28.592,69.065]]],[[[24.724,77.854],[22.49,77.445],[20.726,77.677],[21.416,77.935],[20.812,78.255],[22.884,78.455],[23.281,78.08],[24.724,77.854]]],[[[18.252,79.702],[21.544,78.956],[19.027,78.563],[18.472,77.827],[17.594,77.638],[17.118,76.809],[15.913,76.77],[13.763,77.38],[14.67,77.736],[13.171,78.025],[11.222,78.869],[10.445,79.652],[13.171,80.01],[13.719,79.66],[15.143,79.674],[15.523,80.016],[16.991,80.051],[18.252,79.702]]],[[[25.448,80.407],[27.408,80.056],[25.925,79.518],[23.024,79.4],[20.075,79.567],[19.897,79.842],[18.462,79.86],[17.368,80.319],[20.456,80.598],[21.908,80.358],[22.919,80.657],[25.448,80.407]]]]}},{"type":"Feature","properties":{"ISO_A3":"NPL","NAME":"Nepal"},"geometry":{"type":"MultiPolygon","coordinates":[[[[81.526,30.423],[82.328,30.115],[83.337,29.464],[83.899,29.32],[84.235,28.84],[85.012,28.643],[85.823,28.204],[86.954,27.974],[88.118,27.877],[88.12,27.873],[88.069,27.587],[88.026,27.505],[88.025,27.503],[88.025,27.502],[88.024,27.5],[88.024,27.498],[88.024,27.496],[88.024,27.494],[88.024,27.492],[88.024,27.491],[88.025,27.489],[88.026,27.487],[88.044,27.45],[88.043,27.446],[88.048,27.424],[88.024,27.382],[88.023,27.38],[88.023,27.378],[88.022,27.376],[88.022,27.374],[88.022,27.372],[88.022,27.37],[88.022,27.368],[88.023,27.366],[88.023,27.364],[88.024,27.362],[88.025,27.361],[88.042,27.336],[88.015,27.298],[88.014,27.296],[88.013,27.294],[88.013,27.292],[88.012,27.29],[88.012,27.288],[88.0,27.178],[87.97,27.13],[87.969,27.128],[87.969,27.126],[87.968,27.125],[87.968,27.123],[87.967,27.121],[87.967,27.119],[87.967,27.117],[87.968,27.115],[87.968,27.113],[87.969,27.111],[87.97,27.11],[87.971,27.108],[87.972,27.106],[87.974,27.105],[88.003,27.077],[88.018,27.031],[88.019,27.029],[88.02,27.027],[88.021,27.025],[88.022,27.024],[88.024,27.022],[88.025,27.021],[88.027,27.02],[88.029,27.019],[88.031,27.018],[88.032,27.017],[88.034,27.017],[88.037,27.017],[88.065,27.016],[88.073,26.997],[88.074,26.995],[88.076,26.993],[88.077,26.992],[88.078,26.99],[88.08,26.989],[88.082,26.988],[88.083,26.987],[88.109,26.975],[88.102,26.958],[88.101,26.956],[88.101,26.954],[88.1,26.953],[88.1,26.95],[88.1,26.948],[88.101,26.946],[88.101,26.944],[88.102,26.942],[88.103,26.941],[88.104,26.939],[88.105,26.937],[88.123,26.917],[88.118,26.907],[88.117,26.905],[88.117,26.903],[88.116,26.901],[88.116,26.899],[88.116,26.897],[88.117,26.895],[88.117,26.893],[88.118,26.892],[88.118,26.89],[88.119,26.888],[88.12,26.887],[88.121,26.885],[88.123,26.884],[88.154,26.856],[88.163,26.77],[88.114,26.601],[88.08,26.546],[88.079,26.544],[88.078,26.543],[88.077,26.541],[88.077,26.539],[88.077,26.537],[88.077,26.535],[88.077,26.533],[88.082,26.491],[88.079,26.48],[88.079,26.48],[88.078,26.479],[88.076,26.478],[88.074,26.477],[88.073,26.476],[88.072,26.474],[88.071,26.472],[88.07,26.471],[88.069,26.469],[88.069,26.467],[88.068,26.465],[88.068,26.463],[88.068,26.461],[88.069,26.446],[88.065,26.431],[88.043,26.414],[87.994,26.413],[87.941,26.434],[87.906,26.497],[87.904,26.498],[87.903,26.5],[87.902,26.501],[87.9,26.503],[87.899,26.504],[87.897,26.505],[87.895,26.506],[87.894,26.506],[87.892,26.507],[87.89,26.507],[87.888,26.507],[87.886,26.507],[87.884,26.506],[87.882,26.506],[87.88,26.505],[87.878,26.504],[87.877,26.503],[87.875,26.502],[87.874,26.501],[87.872,26.499],[87.844,26.462],[87.803,26.486],[87.801,26.487],[87.799,26.488],[87.797,26.488],[87.795,26.489],[87.793,26.489],[87.791,26.489],[87.789,26.489],[87.787,26.488],[87.786,26.488],[87.784,26.487],[87.782,26.486],[87.781,26.485],[87.779,26.483],[87.778,26.482],[87.776,26.48],[87.775,26.479],[87.775,26.477],[87.756,26.435],[87.683,26.455],[87.681,26.455],[87.679,26.456],[87.677,26.456],[87.675,26.456],[87.673,26.455],[87.671,26.455],[87.669,26.454],[87.668,26.453],[87.666,26.452],[87.664,26.451],[87.663,26.449],[87.662,26.448],[87.66,26.446],[87.639,26.411],[87.62,26.406],[87.604,26.405],[87.558,26.435],[87.557,26.436],[87.555,26.437],[87.553,26.438],[87.471,26.46],[87.469,26.46],[87.467,26.46],[87.465,26.46],[87.463,26.46],[87.461,26.46],[87.46,26.459],[87.362,26.427],[87.36,26.426],[87.359,26.425],[87.357,26.424],[87.355,26.423],[87.354,26.422],[87.353,26.42],[87.351,26.418],[87.35,26.416],[87.343,26.4],[87.282,26.399],[87.28,26.413],[87.28,26.415],[87.279,26.416],[87.278,26.418],[87.278,26.42],[87.276,26.422],[87.275,26.423],[87.274,26.424],[87.272,26.426],[87.27,26.427],[87.269,26.428],[87.267,26.428],[87.265,26.429],[87.263,26.429],[87.261,26.43],[87.259,26.43],[87.168,26.424],[87.11,26.462],[87.091,26.589],[87.091,26.591],[87.09,26.593],[87.09,26.594],[87.089,26.596],[87.088,26.598],[87.086,26.599],[87.085,26.601],[87.084,26.602],[87.082,26.603],[87.08,26.604],[87.078,26.605],[87.076,26.605],[87.075,26.606],[87.073,26.606],[87.046,26.607],[87.044,26.607],[87.042,26.607],[87.04,26.607],[87.038,26.606],[87.036,26.606],[87.035,26.605],[87.033,26.604],[87.032,26.603],[87.03,26.601],[87.029,26.6],[87.028,26.598],[87.027,26.597],[87.002,26.55],[86.929,26.537],[86.927,26.537],[86.925,26.536],[86.924,26.535],[86.922,26.534],[86.92,26.533],[86.919,26.532],[86.917,26.53],[86.916,26.529],[86.915,26.527],[86.914,26.525],[86.914,26.523],[86.913,26.522],[86.913,26.52],[86.912,26.508],[86.889,26.506],[86.888,26.506],[86.886,26.505],[86.884,26.505],[86.882,26.504],[86.88,26.503],[86.879,26.502],[86.877,26.5],[86.876,26.499],[86.875,26.497],[86.874,26.496],[86.873,26.494],[86.872,26.492],[86.872,26.49],[86.871,26.488],[86.871,26.486],[86.871,26.484],[86.872,26.475],[86.858,26.47],[86.576,26.524],[86.558,26.55],[86.557,26.552],[86.556,26.553],[86.554,26.554],[86.553,26.555],[86.551,26.556],[86.549,26.557],[86.547,26.558],[86.545,26.558],[86.543,26.559],[86.503,26.562],[86.342,26.637],[86.34,26.638],[86.338,26.639],[86.336,26.639],[86.335,26.639],[86.333,26.639],[86.252,26.637],[86.25,26.637],[86.248,26.637],[86.247,26.636],[86.245,26.636],[86.243,26.635],[86.242,26.634],[86.24,26.633],[86.219,26.616],[86.206,26.629],[86.205,26.63],[86.203,26.631],[86.202,26.632],[86.2,26.633],[86.198,26.634],[86.197,26.634],[86.195,26.635],[86.193,26.635],[86.191,26.635],[86.189,26.635],[86.159,26.63],[86.159,26.631],[86.158,26.632],[86.158,26.634],[86.157,26.636],[86.156,26.638],[86.156,26.64],[86.154,26.641],[86.153,26.643],[86.152,26.644],[86.15,26.645],[86.149,26.646],[86.147,26.647],[86.145,26.648],[86.033,26.686],[86.032,26.686],[86.03,26.687],[86.028,26.687],[86.026,26.687],[86.024,26.687],[86.022,26.686],[85.954,26.671],[85.952,26.67],[85.95,26.67],[85.949,26.669],[85.947,26.668],[85.946,26.666],[85.944,26.665],[85.943,26.664],[85.942,26.662],[85.941,26.66],[85.94,26.659],[85.939,26.657],[85.935,26.642],[85.754,26.664],[85.749,26.809],[85.749,26.811],[85.748,26.813],[85.748,26.814],[85.747,26.816],[85.746,26.818],[85.745,26.82],[85.744,26.821],[85.743,26.823],[85.741,26.824],[85.74,26.825],[85.638,26.89],[85.636,26.891],[85.634,26.892],[85.633,26.893],[85.631,26.893],[85.629,26.893],[85.627,26.893],[85.625,26.893],[85.623,26.893],[85.621,26.893],[85.62,26.892],[85.618,26.891],[85.616,26.89],[85.591,26.874],[85.59,26.875],[85.589,26.876],[85.587,26.877],[85.586,26.878],[85.584,26.879],[85.582,26.88],[85.58,26.881],[85.578,26.881],[85.576,26.881],[85.574,26.881],[85.572,26.881],[85.57,26.88],[85.568,26.88],[85.566,26.879],[85.565,26.878],[85.563,26.877],[85.486,26.815],[85.45,26.802],[85.412,26.811],[85.41,26.811],[85.408,26.811],[85.406,26.811],[85.404,26.811],[85.402,26.811],[85.4,26.81],[85.398,26.809],[85.396,26.808],[85.329,26.762],[85.223,26.777],[85.198,26.814],[85.21,26.865],[85.21,26.867],[85.211,26.869],[85.211,26.871],[85.21,26.873],[85.21,26.875],[85.209,26.877],[85.209,26.879],[85.207,26.881],[85.206,26.882],[85.205,26.884],[85.204,26.885],[85.202,26.886],[85.2,26.887],[85.198,26.888],[85.197,26.889],[85.195,26.89],[85.193,26.89],[85.191,26.89],[85.189,26.89],[85.078,26.88],[85.072,26.885],[85.072,26.885],[85.073,26.887],[85.073,26.889],[85.073,26.891],[85.072,26.893],[85.072,26.895],[85.071,26.897],[85.07,26.898],[85.069,26.9],[85.068,26.902],[85.067,26.903],[85.066,26.904],[85.064,26.906],[85.062,26.907],[85.061,26.908],[85.059,26.908],[85.038,26.915],[84.992,26.955],[84.978,26.973],[84.977,26.974],[84.976,26.976],[84.974,26.977],[84.972,26.978],[84.971,26.979],[84.969,26.98],[84.967,26.98],[84.965,26.98],[84.963,26.981],[84.707,27.206],[84.709,27.218],[84.709,27.22],[84.709,27.222],[84.709,27.224],[84.708,27.226],[84.708,27.227],[84.707,27.229],[84.706,27.231],[84.637,27.349],[84.636,27.351],[84.635,27.352],[84.633,27.354],[84.632,27.355],[84.63,27.356],[84.629,27.357],[84.627,27.358],[84.625,27.358],[84.623,27.359],[84.305,27.404],[84.272,27.464],[84.271,27.465],[84.269,27.467],[84.268,27.468],[84.266,27.47],[84.265,27.471],[84.263,27.472],[84.261,27.473],[84.259,27.474],[84.257,27.474],[84.255,27.474],[84.253,27.474],[84.251,27.474],[84.249,27.474],[84.226,27.468],[84.226,27.472],[84.225,27.474],[84.225,27.476],[84.224,27.478],[84.223,27.48],[84.222,27.481],[84.221,27.483],[84.22,27.485],[84.218,27.486],[84.216,27.487],[84.215,27.488],[84.213,27.489],[84.211,27.489],[84.17,27.501],[84.171,27.516],[84.171,27.517],[84.171,27.519],[84.17,27.521],[84.17,27.523],[84.169,27.525],[84.168,27.527],[84.167,27.528],[84.166,27.53],[84.165,27.531],[84.163,27.532],[84.162,27.534],[84.16,27.535],[84.158,27.535],[84.156,27.536],[84.155,27.537],[84.153,27.537],[84.151,27.537],[84.098,27.537],[84.096,27.537],[84.094,27.537],[84.092,27.536],[84.09,27.536],[84.088,27.535],[84.087,27.534],[84.085,27.533],[84.084,27.531],[84.082,27.53],[84.081,27.528],[84.08,27.526],[84.079,27.525],[84.079,27.523],[84.078,27.521],[84.078,27.519],[84.076,27.5],[84.017,27.453],[83.849,27.465],[83.847,27.465],[83.845,27.465],[83.843,27.465],[83.841,27.464],[83.839,27.463],[83.837,27.462],[83.835,27.461],[83.834,27.46],[83.832,27.459],[83.831,27.457],[83.817,27.438],[83.816,27.436],[83.815,27.434],[83.814,27.432],[83.814,27.431],[83.813,27.429],[83.813,27.427],[83.813,27.425],[83.813,27.423],[83.814,27.421],[83.814,27.419],[83.815,27.417],[83.816,27.416],[83.817,27.414],[83.818,27.413],[83.819,27.411],[83.859,27.374],[83.857,27.372],[83.623,27.487],[83.621,27.488],[83.619,27.489],[83.617,27.489],[83.615,27.489],[83.389,27.5],[83.387,27.5],[83.385,27.5],[83.383,27.499],[83.381,27.499],[83.379,27.498],[83.378,27.497],[83.376,27.496],[83.375,27.495],[83.373,27.493],[83.372,27.492],[83.371,27.49],[83.37,27.488],[83.369,27.486],[83.369,27.485],[83.368,27.483],[83.368,27.481],[83.368,27.479],[83.368,27.477],[83.369,27.475],[83.369,27.473],[83.37,27.471],[83.371,27.47],[83.377,27.459],[83.369,27.449],[83.368,27.447],[83.367,27.445],[83.366,27.444],[83.365,27.442],[83.365,27.44],[83.364,27.438],[83.364,27.436],[83.365,27.434],[83.365,27.432],[83.365,27.43],[83.366,27.428],[83.367,27.426],[83.368,27.424],[83.369,27.423],[83.371,27.421],[83.383,27.41],[83.347,27.36],[83.304,27.364],[83.292,27.37],[83.292,27.384],[83.292,27.386],[83.292,27.387],[83.291,27.389],[83.291,27.391],[83.29,27.393],[83.289,27.394],[83.288,27.396],[83.287,27.397],[83.285,27.399],[83.201,27.47],[83.199,27.471],[83.197,27.472],[83.195,27.473],[83.193,27.474],[83.191,27.474],[83.189,27.474],[83.187,27.474],[83.06,27.47],[82.777,27.591],[82.777,27.592],[82.776,27.594],[82.775,27.596],[82.732,27.669],[82.728,27.724],[82.728,27.726],[82.727,27.728],[82.727,27.73],[82.726,27.732],[82.725,27.733],[82.724,27.735],[82.722,27.737],[82.721,27.738],[82.719,27.739],[82.718,27.74],[82.716,27.741],[82.714,27.742],[82.712,27.742],[82.71,27.743],[82.709,27.743],[82.707,27.743],[82.705,27.743],[82.504,27.709],[82.334,27.782],[82.22,27.859],[82.218,27.861],[82.216,27.862],[82.214,27.862],[82.132,27.884],[82.085,27.937],[82.084,27.938],[82.082,27.94],[82.081,27.941],[82.079,27.942],[82.077,27.942],[82.075,27.943],[82.073,27.943],[82.071,27.944],[81.969,27.949],[81.967,27.949],[81.965,27.949],[81.963,27.949],[81.962,27.948],[81.96,27.947],[81.959,27.947],[81.254,28.314],[81.254,28.324],[81.254,28.326],[81.254,28.328],[81.254,28.33],[81.253,28.332],[81.252,28.334],[81.251,28.336],[81.227,28.372],[81.226,28.373],[81.225,28.375],[81.223,28.376],[81.222,28.377],[81.22,28.378],[81.218,28.379],[81.216,28.38],[81.214,28.38],[81.087,28.404],[81.047,28.43],[81.045,28.431],[81.044,28.432],[81.037,28.457],[81.036,28.459],[81.035,28.461],[81.034,28.463],[81.033,28.464],[81.032,28.466],[81.031,28.467],[81.029,28.468],[81.028,28.469],[81.026,28.47],[81.024,28.471],[81.022,28.471],[81.02,28.472],[81.018,28.472],[81.016,28.472],[81.014,28.471],[81.013,28.471],[80.996,28.467],[80.996,28.467],[80.995,28.469],[80.993,28.47],[80.992,28.471],[80.99,28.472],[80.989,28.473],[80.987,28.474],[80.985,28.475],[80.983,28.475],[80.981,28.475],[80.929,28.477],[80.915,28.514],[80.914,28.516],[80.913,28.518],[80.912,28.519],[80.91,28.521],[80.909,28.522],[80.907,28.523],[80.906,28.524],[80.904,28.525],[80.902,28.526],[80.9,28.526],[80.898,28.527],[80.897,28.527],[80.895,28.527],[80.86,28.524],[80.858,28.524],[80.856,28.524],[80.854,28.523],[80.853,28.522],[80.851,28.521],[80.849,28.52],[80.849,28.52],[80.803,28.54],[80.786,28.575],[80.785,28.577],[80.784,28.578],[80.782,28.58],[80.781,28.581],[80.78,28.582],[80.778,28.583],[80.776,28.584],[80.775,28.585],[80.773,28.586],[80.771,28.586],[80.769,28.586],[80.722,28.588],[80.707,28.6],[80.686,28.65],[80.685,28.652],[80.684,28.653],[80.683,28.655],[80.682,28.656],[80.68,28.658],[80.678,28.659],[80.677,28.66],[80.675,28.661],[80.673,28.661],[80.671,28.662],[80.669,28.662],[80.61,28.667],[80.61,28.68],[80.61,28.681],[80.61,28.683],[80.61,28.685],[80.609,28.687],[80.608,28.689],[80.607,28.69],[80.606,28.692],[80.605,28.694],[80.604,28.695],[80.602,28.696],[80.601,28.697],[80.599,28.698],[80.597,28.699],[80.576,28.707],[80.574,28.707],[80.572,28.708],[80.57,28.708],[80.541,28.711],[80.54,28.711],[80.537,28.71],[80.535,28.71],[80.534,28.71],[80.532,28.709],[80.53,28.708],[80.528,28.707],[80.492,28.681],[80.49,28.68],[80.489,28.679],[80.488,28.677],[80.487,28.676],[80.486,28.674],[80.485,28.672],[80.484,28.671],[80.484,28.669],[80.484,28.667],[80.484,28.665],[80.484,28.663],[80.484,28.661],[80.484,28.659],[80.491,28.637],[80.344,28.695],[80.333,28.712],[80.332,28.713],[80.33,28.715],[80.328,28.716],[80.327,28.718],[80.325,28.719],[80.275,28.742],[80.274,28.757],[80.274,28.759],[80.274,28.761],[80.273,28.763],[80.272,28.765],[80.271,28.766],[80.27,28.768],[80.269,28.77],[80.267,28.771],[80.266,28.772],[80.264,28.773],[80.262,28.774],[80.26,28.775],[80.258,28.775],[80.256,28.775],[80.254,28.776],[80.223,28.776],[80.13,28.845],[80.129,28.846],[80.127,28.847],[80.125,28.848],[80.123,28.848],[80.122,28.849],[80.12,28.849],[80.118,28.849],[80.116,28.849],[80.111,28.848],[80.217,29.104],[80.226,29.1],[80.228,29.099],[80.23,29.099],[80.232,29.099],[80.234,29.099],[80.236,29.099],[80.238,29.099],[80.24,29.1],[80.242,29.101],[80.244,29.102],[80.282,29.125],[80.284,29.126],[80.285,29.128],[80.287,29.129],[80.288,29.131],[80.289,29.132],[80.29,29.134],[80.291,29.136],[80.291,29.138],[80.291,29.14],[80.292,29.142],[80.292,29.144],[80.291,29.146],[80.291,29.148],[80.29,29.149],[80.289,29.151],[80.275,29.179],[80.276,29.179],[80.278,29.178],[80.28,29.177],[80.281,29.176],[80.283,29.176],[80.285,29.175],[80.287,29.175],[80.289,29.175],[80.291,29.176],[80.293,29.176],[80.295,29.177],[80.296,29.178],[80.298,29.179],[80.3,29.18],[80.301,29.181],[80.311,29.191],[80.313,29.192],[80.314,29.194],[80.315,29.196],[80.316,29.198],[80.317,29.2],[80.317,29.202],[80.337,29.311],[80.337,29.313],[80.337,29.315],[80.337,29.317],[80.337,29.319],[80.336,29.321],[80.335,29.323],[80.335,29.324],[80.334,29.326],[80.332,29.327],[80.331,29.329],[80.33,29.33],[80.316,29.342],[80.408,29.565],[80.423,29.582],[80.424,29.584],[80.426,29.586],[80.427,29.588],[80.427,29.59],[80.439,29.634],[80.44,29.636],[80.44,29.638],[80.44,29.64],[80.44,29.642],[80.477,29.73],[81.111,30.183],[81.526,30.423]]]]}},{"type":"Feature","properties":{"ISO_A3":"NZL","NAME":"New Zealand"},"geometry":{"type":"MultiPolygon","coordinates":[[[[173.02,-40.919],[173.247,-41.332],[173.958,-40.927],[174.248,-41.349],[174.249,-41.77],[173.876,-42.233],[173.223,-42.97],[172.711,-43.372],[173.08,-43.853],[172.309,-43.866],[171.453,-44.243],[171.185,-44.897],[170.617,-45.909],[169.831,-46.356],[169.332,-46.641],[168.411,-46.62],[167.764,-46.29],[166.677,-46.22],[166.509,-45.853],[167.046,-45.111],[168.304,-44.124],[168.949,-43.936],[169.668,-43.555],[170.525,-43.032],[171.125,-42.513],[171.57,-41.767],[171.949,-41.514],[172.097,-40.956],[172.799,-40.494],[173.02,-40.919]]],[[[174.612,-36.156],[175.337,-37.209],[175.358,-36.526],[175.809,-36.799],[175.958,-37.555],[176.763,-37.881],[177.439,-37.961],[178.01,-37.58],[178.517,-37.695],[178.275,-38.583],[177.97,-39.166],[177.207,-39.146],[176.94,-39.45],[177.033,-39.88],[176.886,-40.066],[176.508,-40.605],[176.012,-41.29],[175.24,-41.688],[175.068,-41.426],[174.651,-41.282],[175.228,-40.459],[174.9,-39.909],[173.824,-39.509],[173.852,-39.147],[174.575,-38.798],[174.743,-38.028],[174.697,-37.381],[174.292,-36.711],[174.319,-36.535],[173.841,-36.122],[173.054,-35.237],[172.636,-34.529],[173.007,-34.451],[173.551,-35.006],[174.329,-35.265],[174.612,-36.156]]]]}},{"type":"Feature","properties":{"ISO_A3":"OMN","NAME":"Oman"},"geometry":{"type":"MultiPolygon","coordinates":[[[[56.261,25.715],[56.071,26.055],[56.362,26.396],[56.486,26.309],[56.391,25.896],[56.261,25.715]]],[[[55.208,22.708],[55.234,23.111],[55.526,23.525],[55.529,23.934],[55.981,24.131],[55.804,24.27],[55.886,24.921],[56.397,24.925],[56.845,24.242],[57.403,23.879],[58.137,23.748],[58.729,23.566],[59.181,22.992],[59.45,22.66],[59.808,22.534],[59.806,22.311],[59.442,21.715],[59.282,21.434],[58.861,21.114],[58.488,20.429],[58.034,20.481],[57.826,20.243],[57.666,19.736],[57.789,19.068],[57.694,18.945],[57.234,18.948],[56.61,18.574],[56.512,18.087],[56.284,17.876],[55.661,17.884],[55.27,17.632],[55.275,17.228],[54.791,16.951],[54.239,17.045],[53.571,16.708],[53.109,16.651],[52.782,17.35],[52.0,19.0],[55.0,20.0],[55.667,22.0],[55.208,22.708]]]]}},{"type":"Feature","properties":{"ISO_A3":"PAK","NAME":"Pakistan"},"geometry":{"type":"MultiPolygon","coordinates":[[[[62.55,29.319],[63.55,29.468],[64.148,29.341],[64.35,29.56],[65.047,29.472],[66.347,29.888],[66.382,30.739],[66.939,31.305],[67.683,31.303],[67.793,31.583],[68.557,31.713],[68.927,31.62],[69.318,31.901],[69.263,32.502],[69.687,33.105],[70.324,33.358],[69.93,34.02],[70.882,33.989],[71.157,34.349],[71.115,34.733],[71.613,35.153],[71.499,35.651],[71.262,36.074],[71.846,36.51],[72.92,36.72],[73.122,36.74],[73.055,36.716],[73.053,36.715],[73.052,36.715],[73.05,36.714],[73.049,36.712],[73.047,36.711],[73.046,36.71],[73.045,36.708],[73.044,36.706],[73.032,36.682],[73.031,36.68],[73.03,36.679],[73.03,36.677],[73.029,36.675],[73.029,36.673],[73.029,36.671],[73.03,36.669],[73.03,36.667],[73.031,36.666],[73.053,36.611],[73.026,36.562],[72.961,36.527],[72.959,36.526],[72.958,36.524],[72.956,36.523],[72.955,36.522],[72.954,36.52],[72.953,36.518],[72.952,36.517],[72.951,36.515],[72.951,36.513],[72.951,36.511],[72.949,36.493],[72.867,36.472],[72.865,36.471],[72.863,36.47],[72.861,36.469],[72.859,36.468],[72.858,36.467],[72.856,36.465],[72.855,36.464],[72.854,36.462],[72.853,36.46],[72.852,36.458],[72.832,36.391],[72.713,36.331],[72.711,36.331],[72.71,36.33],[72.708,36.328],[72.707,36.327],[72.677,36.295],[72.592,36.289],[72.59,36.289],[72.588,36.289],[72.586,36.288],[72.584,36.287],[72.583,36.286],[72.581,36.285],[72.536,36.248],[72.535,36.247],[72.534,36.245],[72.532,36.244],[72.531,36.242],[72.531,36.24],[72.53,36.238],[72.529,36.236],[72.501,36.082],[72.501,36.081],[72.501,36.078],[72.501,36.077],[72.502,36.075],[72.502,36.073],[72.503,36.071],[72.504,36.069],[72.505,36.067],[72.545,36.011],[72.492,35.912],[72.491,35.91],[72.491,35.908],[72.49,35.906],[72.49,35.904],[72.49,35.903],[72.49,35.901],[72.49,35.899],[72.491,35.897],[72.491,35.895],[72.492,35.893],[72.493,35.892],[72.494,35.89],[72.495,35.889],[72.497,35.887],[72.555,35.837],[72.557,35.836],[72.558,35.835],[72.56,35.834],[72.561,35.833],[72.563,35.833],[72.678,35.801],[72.68,35.801],[72.682,35.8],[72.684,35.8],[72.686,35.801],[72.689,35.801],[72.791,35.829],[72.793,35.829],[72.795,35.83],[72.796,35.831],[72.798,35.832],[72.8,35.834],[72.801,35.835],[72.822,35.86],[72.824,35.858],[72.825,35.857],[72.827,35.856],[72.829,35.855],[72.831,35.854],[72.832,35.854],[72.834,35.853],[72.836,35.853],[72.838,35.853],[72.877,35.856],[72.885,35.835],[72.886,35.833],[72.887,35.831],[72.888,35.83],[72.889,35.828],[72.89,35.827],[72.892,35.826],[72.893,35.825],[72.895,35.824],[72.897,35.823],[72.899,35.822],[72.9,35.822],[72.902,35.822],[72.904,35.822],[72.906,35.822],[72.908,35.822],[72.994,35.841],[73.014,35.826],[73.016,35.825],[73.018,35.824],[73.02,35.823],[73.022,35.823],[73.024,35.822],[73.026,35.822],[73.028,35.822],[73.03,35.823],[73.032,35.823],[73.034,35.824],[73.035,35.824],[73.09,35.852],[73.117,35.83],[73.118,35.829],[73.12,35.828],[73.121,35.827],[73.123,35.827],[73.125,35.826],[73.127,35.826],[73.129,35.826],[73.131,35.826],[73.133,35.826],[73.135,35.827],[73.165,35.836],[73.175,35.8],[73.106,35.778],[73.104,35.778],[73.102,35.777],[73.101,35.776],[73.099,35.775],[73.098,35.773],[73.096,35.772],[73.095,35.77],[73.094,35.769],[73.093,35.767],[73.093,35.765],[73.092,35.763],[73.092,35.762],[73.092,35.76],[73.092,35.758],[73.092,35.756],[73.093,35.754],[73.093,35.752],[73.107,35.714],[73.108,35.712],[73.109,35.711],[73.11,35.709],[73.112,35.707],[73.113,35.706],[73.115,35.705],[73.116,35.704],[73.23,35.64],[73.232,35.639],[73.234,35.639],[73.236,35.638],[73.237,35.638],[73.239,35.638],[73.241,35.638],[73.319,35.642],[73.338,35.601],[73.339,35.599],[73.34,35.597],[73.341,35.596],[73.343,35.594],[73.344,35.593],[73.346,35.592],[73.377,35.574],[73.386,35.526],[73.386,35.524],[73.387,35.522],[73.387,35.52],[73.388,35.519],[73.389,35.517],[73.391,35.516],[73.392,35.514],[73.394,35.513],[73.395,35.512],[73.397,35.511],[73.399,35.51],[73.4,35.51],[73.402,35.51],[73.404,35.509],[73.406,35.509],[73.408,35.51],[73.501,35.523],[73.768,35.506],[73.773,35.461],[73.719,35.438],[73.718,35.437],[73.716,35.436],[73.714,35.434],[73.713,35.433],[73.712,35.431],[73.71,35.43],[73.709,35.428],[73.675,35.358],[73.674,35.356],[73.674,35.354],[73.673,35.352],[73.673,35.351],[73.673,35.349],[73.673,35.347],[73.673,35.345],[73.674,35.343],[73.675,35.341],[73.732,35.213],[73.733,35.211],[73.734,35.209],[73.735,35.208],[73.736,35.206],[73.738,35.205],[73.74,35.204],[73.741,35.203],[73.743,35.202],[73.745,35.202],[73.747,35.201],[73.749,35.201],[73.751,35.201],[73.753,35.201],[73.755,35.202],[73.757,35.202],[73.807,35.221],[73.861,35.188],[73.862,35.187],[73.864,35.186],[73.866,35.186],[73.868,35.185],[73.869,35.185],[73.871,35.185],[73.873,35.185],[73.916,35.189],[73.942,35.154],[73.943,35.152],[73.944,35.151],[73.946,35.149],[73.947,35.148],[73.949,35.147],[73.951,35.146],[73.953,35.146],[73.954,35.145],[73.956,35.145],[73.958,35.145],[73.96,35.145],[73.962,35.145],[73.964,35.146],[73.966,35.147],[73.998,35.161],[74.021,35.136],[74.022,35.135],[74.024,35.133],[74.026,35.132],[74.027,35.132],[74.029,35.131],[74.031,35.13],[74.033,35.13],[74.035,35.13],[74.037,35.13],[74.101,35.133],[74.106,35.124],[74.075,35.098],[74.073,35.097],[74.072,35.095],[74.071,35.094],[74.07,35.092],[74.069,35.09],[74.068,35.088],[74.058,35.053],[74.057,35.051],[74.057,35.05],[74.057,35.048],[74.057,35.046],[74.057,35.044],[74.058,35.042],[74.058,35.04],[74.059,35.038],[74.06,35.037],[74.061,35.035],[74.062,35.034],[74.064,35.032],[74.077,35.021],[74.051,35.006],[74.049,35.005],[74.048,35.004],[74.046,35.002],[74.045,35.001],[74.044,34.999],[74.043,34.998],[74.042,34.996],[74.042,34.994],[74.041,34.992],[74.041,34.99],[74.041,34.989],[74.041,34.986],[74.041,34.985],[74.049,34.946],[74.027,34.93],[74.026,34.929],[74.024,34.928],[74.023,34.926],[74.022,34.925],[74.021,34.923],[74.02,34.921],[74.019,34.919],[74.019,34.917],[74.019,34.915],[74.019,34.913],[74.019,34.911],[74.019,34.909],[74.021,34.903],[73.971,34.885],[73.969,34.884],[73.967,34.883],[73.966,34.882],[73.964,34.881],[73.963,34.879],[73.961,34.878],[73.96,34.876],[73.959,34.874],[73.959,34.872],[73.953,34.854],[73.932,34.852],[73.93,34.851],[73.928,34.851],[73.927,34.85],[73.925,34.849],[73.923,34.848],[73.922,34.847],[73.92,34.846],[73.919,34.844],[73.918,34.843],[73.917,34.841],[73.916,34.84],[73.915,34.838],[73.913,34.832],[73.839,34.834],[73.837,34.834],[73.835,34.834],[73.833,34.833],[73.831,34.833],[73.829,34.832],[73.828,34.831],[73.826,34.83],[73.824,34.829],[73.823,34.827],[73.822,34.826],[73.821,34.824],[73.82,34.822],[73.819,34.82],[73.817,34.812],[73.779,34.815],[73.777,34.815],[73.775,34.815],[73.773,34.814],[73.771,34.814],[73.769,34.813],[73.767,34.812],[73.718,34.781],[73.716,34.78],[73.714,34.779],[73.713,34.777],[73.711,34.776],[73.648,34.681],[73.647,34.679],[73.646,34.678],[73.645,34.676],[73.645,34.674],[73.645,34.672],[73.645,34.67],[73.645,34.668],[73.645,34.666],[73.646,34.664],[73.646,34.662],[73.647,34.66],[73.648,34.658],[73.65,34.657],[73.651,34.656],[73.652,34.654],[73.654,34.653],[73.67,34.643],[73.644,34.612],[73.642,34.61],[73.641,34.609],[73.64,34.607],[73.64,34.605],[73.639,34.603],[73.639,34.6],[73.638,34.589],[73.57,34.609],[73.568,34.609],[73.566,34.61],[73.564,34.61],[73.562,34.61],[73.56,34.609],[73.558,34.609],[73.556,34.608],[73.555,34.607],[73.553,34.606],[73.531,34.591],[73.453,34.589],[73.451,34.589],[73.449,34.589],[73.447,34.588],[73.445,34.588],[73.443,34.587],[73.442,34.586],[73.44,34.584],[73.439,34.583],[73.437,34.581],[73.436,34.58],[73.435,34.578],[73.435,34.576],[73.434,34.575],[73.433,34.573],[73.409,34.425],[73.382,34.39],[73.381,34.389],[73.38,34.387],[73.38,34.385],[73.379,34.383],[73.379,34.382],[73.379,34.38],[73.378,34.378],[73.379,34.376],[73.379,34.374],[73.379,34.372],[73.38,34.37],[73.381,34.368],[73.382,34.367],[73.446,34.276],[73.447,34.275],[73.448,34.273],[73.45,34.272],[73.451,34.271],[73.453,34.27],[73.454,34.27],[73.456,34.269],[73.458,34.268],[73.457,34.267],[73.456,34.265],[73.455,34.264],[73.454,34.262],[73.454,34.26],[73.454,34.258],[73.454,34.256],[73.454,34.254],[73.454,34.252],[73.454,34.25],[73.455,34.249],[73.456,34.247],[73.48,34.202],[73.494,34.042],[73.485,34.03],[73.484,34.028],[73.483,34.026],[73.483,34.024],[73.482,34.023],[73.482,34.021],[73.481,34.019],[73.481,34.017],[73.482,34.015],[73.482,34.013],[73.483,34.011],[73.484,34.009],[73.484,34.008],[73.486,34.006],[73.487,34.004],[73.488,34.003],[73.49,34.002],[73.491,34.001],[73.493,34.0],[73.495,33.999],[73.497,33.998],[73.509,33.996],[73.525,33.948],[73.525,33.946],[73.526,33.945],[73.527,33.943],[73.528,33.942],[73.572,33.887],[73.548,33.803],[73.547,33.801],[73.547,33.799],[73.547,33.797],[73.547,33.795],[73.547,33.793],[73.548,33.791],[73.579,33.7],[73.553,33.638],[73.553,33.636],[73.552,33.635],[73.552,33.633],[73.552,33.631],[73.552,33.629],[73.552,33.627],[73.553,33.625],[73.553,33.623],[73.554,33.622],[73.555,33.62],[73.556,33.618],[73.557,33.617],[73.609,33.559],[73.612,33.535],[73.599,33.524],[73.598,33.522],[73.596,33.521],[73.595,33.519],[73.594,33.517],[73.593,33.516],[73.593,33.514],[73.592,33.512],[73.592,33.51],[73.592,33.508],[73.592,33.506],[73.593,33.504],[73.593,33.502],[73.608,33.459],[73.559,33.389],[73.558,33.387],[73.558,33.385],[73.557,33.384],[73.556,33.382],[73.556,33.38],[73.556,33.378],[73.556,33.376],[73.556,33.374],[73.557,33.372],[73.557,33.37],[73.558,33.369],[73.559,33.367],[73.56,33.365],[73.59,33.326],[73.608,33.237],[73.608,33.236],[73.609,33.234],[73.61,33.232],[73.611,33.231],[73.612,33.229],[73.613,33.228],[73.614,33.226],[73.616,33.225],[73.65,33.201],[73.65,33.165],[73.617,33.15],[73.615,33.149],[73.614,33.148],[73.612,33.147],[73.611,33.146],[73.609,33.144],[73.608,33.142],[73.607,33.141],[73.606,33.139],[73.606,33.137],[73.605,33.135],[73.605,33.133],[73.605,33.131],[73.605,33.129],[73.606,33.127],[73.615,33.089],[73.615,33.087],[73.616,33.085],[73.617,33.084],[73.618,33.082],[73.619,33.081],[73.62,33.079],[73.622,33.078],[73.623,33.077],[73.625,33.076],[73.626,33.075],[73.628,33.074],[73.719,33.046],[73.762,33.006],[73.764,33.005],[73.766,33.004],[73.767,33.003],[73.769,33.002],[73.771,33.002],[73.811,32.991],[73.813,32.991],[73.815,32.99],[73.817,32.99],[73.819,32.99],[73.82,32.991],[73.919,33.012],[73.986,32.941],[73.988,32.939],[73.99,32.938],[73.991,32.937],[73.993,32.936],[74.329,32.793],[74.356,32.758],[74.357,32.756],[74.359,32.755],[74.36,32.753],[74.362,32.752],[74.363,32.751],[74.365,32.751],[74.367,32.75],[74.369,32.75],[74.371,32.75],[74.373,32.75],[74.412,32.752],[74.414,32.752],[74.416,32.753],[74.418,32.753],[74.419,32.754],[74.421,32.755],[74.423,32.756],[74.424,32.757],[74.442,32.774],[74.447,32.765],[74.448,32.764],[74.45,32.762],[74.451,32.761],[74.453,32.76],[74.455,32.759],[74.457,32.758],[74.459,32.757],[74.468,32.755],[74.495,32.738],[74.496,32.737],[74.496,32.735],[74.497,32.734],[74.499,32.732],[74.5,32.73],[74.501,32.729],[74.503,32.728],[74.504,32.727],[74.506,32.726],[74.508,32.725],[74.51,32.725],[74.512,32.724],[74.514,32.724],[74.516,32.724],[74.518,32.724],[74.646,32.646],[74.626,32.63],[74.624,32.629],[74.623,32.627],[74.622,32.626],[74.621,32.624],[74.62,32.623],[74.619,32.621],[74.619,32.619],[74.619,32.617],[74.618,32.615],[74.618,32.613],[74.619,32.611],[74.619,32.609],[74.62,32.607],[74.621,32.606],[74.622,32.604],[74.623,32.602],[74.624,32.601],[74.625,32.599],[74.637,32.589],[74.632,32.567],[74.632,32.565],[74.632,32.563],[74.632,32.562],[74.632,32.56],[74.632,32.558],[74.633,32.556],[74.634,32.554],[74.635,32.553],[74.636,32.551],[74.637,32.55],[74.638,32.548],[74.64,32.547],[74.641,32.546],[74.642,32.545],[74.642,32.545],[74.642,32.544],[74.642,32.542],[74.643,32.54],[74.644,32.538],[74.644,32.536],[74.645,32.535],[74.647,32.533],[74.648,32.532],[74.649,32.53],[74.651,32.529],[74.653,32.528],[74.654,32.527],[74.667,32.522],[74.662,32.497],[74.662,32.495],[74.661,32.493],[74.662,32.491],[74.662,32.489],[74.662,32.487],[74.663,32.486],[74.663,32.484],[74.664,32.482],[74.665,32.481],[74.667,32.479],[74.668,32.478],[74.669,32.477],[74.671,32.476],[74.673,32.475],[74.674,32.474],[74.72,32.457],[74.722,32.456],[74.724,32.456],[74.726,32.456],[74.728,32.456],[74.814,32.46],[74.816,32.46],[74.817,32.461],[74.819,32.461],[74.821,32.462],[74.823,32.463],[74.824,32.464],[74.826,32.465],[74.827,32.466],[74.829,32.468],[74.83,32.469],[74.831,32.471],[74.831,32.473],[74.833,32.478],[74.856,32.476],[74.857,32.474],[74.857,32.472],[74.858,32.47],[74.859,32.468],[74.859,32.467],[74.861,32.465],[74.862,32.463],[74.864,32.462],[74.865,32.461],[74.867,32.46],[74.869,32.459],[74.871,32.458],[74.873,32.458],[74.874,32.457],[74.926,32.452],[74.934,32.438],[74.935,32.436],[74.936,32.434],[74.937,32.433],[74.939,32.431],[74.94,32.43],[74.942,32.429],[74.944,32.428],[74.945,32.428],[74.947,32.427],[74.949,32.427],[74.951,32.426],[74.953,32.426],[74.955,32.427],[74.957,32.427],[74.989,32.436],[75.259,32.271],[74.968,32.074],[74.941,32.084],[74.939,32.085],[74.937,32.085],[74.935,32.086],[74.933,32.086],[74.931,32.086],[74.929,32.085],[74.875,32.073],[74.873,32.073],[74.871,32.072],[74.87,32.071],[74.868,32.07],[74.866,32.069],[74.865,32.068],[74.864,32.066],[74.862,32.065],[74.862,32.063],[74.861,32.061],[74.86,32.059],[74.86,32.057],[74.859,32.055],[74.859,32.053],[74.86,32.043],[74.818,32.016],[74.817,32.015],[74.815,32.014],[74.814,32.012],[74.813,32.011],[74.812,32.009],[74.811,32.008],[74.81,32.006],[74.809,32.004],[74.803,31.978],[74.754,31.976],[74.752,31.976],[74.75,31.975],[74.748,31.974],[74.712,31.96],[74.711,31.959],[74.709,31.958],[74.707,31.957],[74.706,31.956],[74.705,31.954],[74.704,31.953],[74.703,31.951],[74.702,31.95],[74.701,31.948],[74.701,31.946],[74.7,31.944],[74.7,31.943],[74.666,31.943],[74.664,31.942],[74.662,31.942],[74.66,31.942],[74.659,31.941],[74.657,31.94],[74.655,31.939],[74.654,31.938],[74.652,31.936],[74.651,31.935],[74.628,31.906],[74.611,31.91],[74.609,31.91],[74.608,31.91],[74.606,31.91],[74.604,31.91],[74.602,31.909],[74.6,31.909],[74.598,31.908],[74.597,31.907],[74.595,31.906],[74.594,31.905],[74.592,31.903],[74.591,31.902],[74.59,31.9],[74.541,31.815],[74.54,31.813],[74.539,31.811],[74.538,31.81],[74.538,31.808],[74.538,31.806],[74.538,31.804],[74.539,31.783],[74.51,31.763],[74.498,31.759],[74.496,31.759],[74.494,31.758],[74.493,31.757],[74.491,31.756],[74.49,31.755],[74.489,31.753],[74.487,31.752],[74.483,31.745],[74.406,31.693],[74.421,30.98],[74.009,30.553],[74.009,30.553],[74.007,30.553],[74.005,30.552],[74.003,30.552],[74.001,30.551],[74.0,30.549],[73.998,30.548],[73.997,30.547],[73.996,30.545],[73.995,30.543],[73.994,30.542],[73.993,30.54],[73.992,30.538],[73.992,30.536],[73.981,30.524],[73.977,30.523],[73.975,30.523],[73.973,30.522],[73.972,30.521],[73.97,30.52],[73.969,30.519],[73.967,30.517],[73.966,30.516],[73.965,30.514],[73.964,30.513],[73.963,30.511],[73.96,30.503],[73.955,30.497],[73.95,30.503],[73.948,30.505],[73.947,30.506],[73.945,30.507],[73.944,30.508],[73.942,30.509],[73.94,30.509],[73.938,30.51],[73.936,30.51],[73.934,30.51],[73.932,30.51],[73.93,30.51],[73.928,30.509],[73.926,30.508],[73.925,30.507],[73.923,30.506],[73.921,30.505],[73.92,30.504],[73.919,30.502],[73.918,30.501],[73.917,30.499],[73.916,30.497],[73.915,30.495],[73.915,30.493],[73.908,30.449],[73.466,29.992],[73.39,29.965],[73.388,29.964],[73.386,29.963],[73.385,29.962],[73.383,29.96],[73.382,29.959],[73.38,29.957],[73.379,29.956],[73.379,29.954],[73.378,29.952],[73.321,29.767],[72.857,29.016],[72.726,28.967],[72.724,28.966],[72.381,28.788],[72.379,28.787],[72.378,28.786],[72.377,28.784],[72.376,28.783],[72.284,28.683],[72.283,28.682],[72.282,28.68],[72.281,28.678],[72.28,28.676],[72.189,28.405],[72.119,28.328],[71.992,28.235],[71.991,28.233],[71.99,28.232],[71.989,28.231],[71.912,28.134],[71.91,28.133],[71.909,28.131],[71.909,28.129],[71.908,28.127],[71.908,28.125],[71.89,28.025],[71.818,27.954],[71.717,27.917],[70.64,27.988],[70.604,28.024],[70.602,28.026],[70.601,28.027],[70.599,28.028],[70.597,28.029],[70.596,28.029],[70.512,28.056],[70.51,28.056],[70.508,28.057],[70.506,28.057],[70.504,28.057],[70.502,28.057],[70.368,28.032],[70.367,28.031],[70.365,28.03],[70.363,28.029],[70.361,28.028],[70.359,28.027],[70.12,27.821],[70.118,27.82],[70.117,27.819],[70.116,27.817],[70.115,27.816],[70.114,27.814],[70.01,27.576],[69.922,27.514],[69.921,27.513],[69.919,27.511],[69.918,27.51],[69.848,27.416],[69.574,27.199],[69.573,27.198],[69.572,27.196],[69.57,27.195],[69.569,27.193],[69.568,27.191],[69.495,27.018],[69.494,27.016],[69.494,27.014],[69.494,27.013],[69.465,26.808],[69.464,26.805],[69.465,26.803],[69.465,26.801],[69.465,26.799],[69.466,26.797],[69.492,26.736],[69.493,26.734],[69.494,26.732],[69.495,26.731],[69.496,26.729],[69.498,26.728],[69.499,26.727],[69.501,26.726],[69.502,26.725],[69.713,26.636],[69.812,26.572],[69.814,26.571],[69.816,26.57],[69.818,26.57],[69.82,26.569],[69.883,26.559],[69.885,26.559],[69.887,26.559],[69.889,26.559],[70.043,26.579],[70.154,26.502],[70.155,26.255],[70.124,26.166],[70.068,26.096],[70.067,26.094],[70.066,26.093],[70.065,26.091],[70.064,26.089],[70.064,26.087],[70.064,26.085],[70.063,26.083],[70.064,26.081],[70.08,25.936],[70.08,25.934],[70.081,25.932],[70.082,25.93],[70.083,25.928],[70.084,25.926],[70.253,25.702],[70.254,25.7],[70.255,25.699],[70.257,25.697],[70.259,25.696],[70.26,25.695],[70.262,25.695],[70.344,25.667],[70.645,25.395],[70.645,25.395],[70.645,25.393],[70.646,25.392],[70.646,25.39],[70.647,25.388],[70.648,25.386],[70.649,25.385],[70.65,25.383],[70.651,25.382],[70.719,25.322],[70.732,25.273],[70.733,25.271],[70.734,25.269],[70.734,25.267],[70.736,25.266],[70.737,25.265],[70.738,25.263],[70.86,25.147],[70.981,24.627],[70.969,24.605],[70.968,24.604],[70.967,24.602],[70.967,24.6],[70.966,24.598],[70.966,24.596],[70.966,24.594],[70.966,24.592],[70.967,24.591],[70.985,24.521],[70.979,24.446],[70.978,24.444],[70.979,24.442],[70.979,24.44],[70.98,24.438],[70.98,24.436],[70.981,24.435],[70.982,24.433],[70.983,24.431],[70.985,24.43],[70.986,24.429],[70.988,24.428],[70.989,24.427],[70.991,24.426],[70.993,24.425],[70.995,24.425],[70.997,24.424],[71.028,24.422],[71.039,24.376],[71.036,24.373],[70.991,24.385],[70.989,24.385],[70.987,24.385],[70.985,24.385],[70.984,24.385],[70.982,24.385],[70.98,24.384],[70.978,24.384],[70.939,24.367],[70.937,24.366],[70.935,24.365],[70.924,24.357],[70.589,24.357],[70.618,24.396],[70.62,24.398],[70.621,24.4],[70.621,24.401],[70.622,24.403],[70.622,24.405],[70.623,24.407],[70.623,24.409],[70.622,24.411],[70.622,24.413],[70.621,24.415],[70.62,24.417],[70.619,24.419],[70.618,24.421],[70.617,24.422],[70.615,24.423],[70.614,24.425],[70.612,24.426],[70.61,24.427],[70.608,24.427],[70.567,24.44],[70.565,24.44],[70.564,24.441],[70.562,24.441],[70.56,24.441],[70.558,24.441],[70.556,24.44],[70.555,24.44],[70.363,24.37],[70.304,24.357],[68.843,24.359],[68.816,24.333],[68.81,24.333],[68.808,24.334],[68.806,24.333],[68.804,24.333],[68.802,24.333],[68.8,24.332],[68.757,24.314],[68.755,24.314],[68.754,24.312],[68.752,24.311],[68.751,24.31],[68.749,24.309],[68.748,24.307],[68.747,24.306],[68.746,24.304],[68.746,24.302],[68.745,24.3],[68.745,24.298],[68.745,24.297],[68.743,24.26],[68.475,23.991],[68.379,23.991],[68.377,23.991],[68.376,23.99],[68.374,23.99],[68.372,23.989],[68.371,23.989],[68.371,23.989],[68.369,23.99],[68.368,23.991],[68.366,23.992],[68.364,23.993],[68.362,23.994],[68.36,23.994],[68.358,23.994],[68.356,23.994],[68.354,23.994],[68.353,23.994],[68.351,23.993],[68.349,23.992],[68.347,23.991],[68.345,23.99],[68.344,23.989],[68.342,23.988],[68.341,23.986],[68.34,23.985],[68.339,23.983],[68.338,23.981],[68.321,23.936],[68.28,23.937],[68.278,23.937],[68.276,23.937],[68.274,23.936],[68.272,23.936],[68.27,23.935],[68.269,23.934],[68.267,23.933],[68.266,23.932],[68.264,23.93],[68.263,23.929],[68.262,23.927],[68.261,23.925],[68.261,23.924],[68.26,23.922],[68.26,23.92],[68.26,23.918],[68.26,23.916],[68.26,23.914],[68.26,23.912],[68.261,23.91],[68.261,23.909],[68.263,23.905],[68.252,23.902],[68.25,23.901],[68.248,23.9],[68.246,23.899],[68.245,23.898],[68.243,23.896],[68.242,23.895],[68.241,23.893],[68.24,23.891],[68.239,23.889],[68.239,23.887],[68.238,23.885],[68.238,23.883],[68.238,23.881],[68.239,23.872],[68.237,23.872],[68.198,23.852],[68.196,23.851],[68.195,23.85],[68.193,23.849],[68.192,23.847],[68.191,23.845],[68.189,23.844],[68.189,23.842],[68.188,23.84],[68.187,23.838],[68.187,23.836],[68.187,23.834],[68.187,23.832],[68.195,23.765],[68.174,23.739],[68.173,23.738],[68.172,23.736],[68.171,23.734],[68.17,23.733],[68.17,23.731],[68.17,23.729],[68.17,23.727],[68.17,23.725],[68.17,23.723],[68.17,23.721],[68.171,23.719],[68.172,23.717],[68.173,23.716],[68.174,23.714],[68.185,23.701],[68.177,23.692],[67.444,23.945],[67.145,24.664],[66.373,25.425],[64.53,25.237],[62.906,25.218],[61.497,25.078],[61.874,26.24],[63.317,26.756],[63.234,27.217],[62.755,27.379],[62.728,28.26],[61.772,28.699],[61.369,29.303],[60.874,29.829],[62.55,29.319]]],[[[73.774,36.806],[73.775,36.805],[73.775,36.803],[73.776,36.802],[73.777,36.8],[73.779,36.798],[73.78,36.797],[73.782,36.796],[73.783,36.795],[73.785,36.794],[73.787,36.793],[73.789,36.793],[73.826,36.784],[73.847,36.751],[73.844,36.738],[73.832,36.731],[73.781,36.747],[73.779,36.748],[73.777,36.748],[73.775,36.748],[73.773,36.748],[73.609,36.731],[73.581,36.752],[73.579,36.753],[73.578,36.754],[73.576,36.755],[73.574,36.755],[73.572,36.756],[73.57,36.756],[73.569,36.756],[73.567,36.756],[73.508,36.75],[73.414,36.77],[73.774,36.806]]],[[[75.158,37.133],[75.395,36.983],[75.285,37.003],[75.283,37.003],[75.281,37.003],[75.279,37.003],[75.276,37.002],[75.242,36.993],[75.19,37.013],[75.191,37.021],[75.191,37.023],[75.191,37.025],[75.19,37.027],[75.19,37.029],[75.189,37.031],[75.188,37.033],[75.187,37.034],[75.186,37.036],[75.184,37.037],[75.183,37.039],[75.181,37.04],[75.179,37.041],[75.154,37.052],[75.152,37.053],[75.15,37.054],[75.148,37.054],[75.147,37.054],[75.145,37.054],[75.143,37.054],[75.141,37.054],[75.065,37.034],[75.041,37.044],[75.039,37.045],[75.037,37.045],[75.035,37.046],[75.033,37.046],[75.031,37.046],[75.029,37.045],[75.027,37.045],[74.93,37.011],[74.929,37.011],[74.927,37.01],[74.926,37.009],[74.912,37.0],[74.911,36.999],[74.909,36.998],[74.908,36.996],[74.907,36.995],[74.906,36.993],[74.905,36.991],[74.904,36.989],[74.904,36.987],[74.903,36.985],[74.903,36.983],[74.903,36.981],[74.904,36.979],[74.904,36.977],[74.905,36.975],[74.91,36.964],[74.862,37.031],[74.861,37.067],[74.86,37.069],[74.86,37.071],[74.859,37.072],[74.859,37.074],[74.858,37.075],[75.158,37.133]]],[[[75.722,36.778],[75.638,36.799],[75.637,36.8],[75.635,36.8],[75.633,36.8],[75.54,36.8],[75.538,36.8],[75.536,36.8],[75.534,36.799],[75.532,36.799],[75.53,36.798],[75.529,36.797],[75.527,36.796],[75.526,36.794],[75.524,36.793],[75.523,36.791],[75.522,36.79],[75.521,36.788],[75.521,36.786],[75.52,36.784],[75.52,36.782],[75.518,36.764],[75.512,36.767],[75.511,36.768],[75.509,36.768],[75.507,36.769],[75.505,36.769],[75.503,36.769],[75.501,36.769],[75.499,36.768],[75.498,36.768],[75.496,36.767],[75.468,36.755],[75.447,36.789],[75.453,36.875],[75.453,36.877],[75.453,36.879],[75.453,36.881],[75.452,36.883],[75.451,36.885],[75.45,36.887],[75.449,36.889],[75.419,36.928],[75.434,36.947],[75.435,36.949],[75.436,36.95],[75.437,36.952],[75.437,36.954],[75.438,36.956],[75.438,36.957],[75.722,36.778]]],[[[77.757,35.514],[77.691,35.478],[77.665,35.502],[77.663,35.503],[77.662,35.504],[77.66,35.505],[77.659,35.506],[77.657,35.507],[77.655,35.507],[77.653,35.507],[77.651,35.507],[77.649,35.507],[77.647,35.507],[77.645,35.507],[77.644,35.506],[77.642,35.505],[77.64,35.504],[77.639,35.503],[77.637,35.502],[77.636,35.5],[77.622,35.484],[77.541,35.502],[77.531,35.569],[77.757,35.514]]]]}},{"type":"Feature","properties":{"ISO_A3":"PAN","NAME":"Panama"},"geometry":{"type":"Polygon","coordinates":[[[-77.353,8.671],[-77.475,8.524],[-77.243,7.935],[-77.431,7.638],[-77.753,7.71],[-77.882,7.224],[-78.215,7.512],[-78.429,8.052],[-78.182,8.319],[-78.435,8.388],[-78.622,8.718],[-79.12,8.996],[-79.558,8.932],[-79.761,8.585],[-80.164,8.333],[-80.383,8.298],[-80.481,8.09],[-80.004,7.548],[-80.277,7.42],[-80.421,7.272],[-80.886,7.221],[-81.06,7.818],[-81.19,7.648],[-81.52,7.707],[-81.721,8.109],[-82.131,8.175],[-82.391,8.292],[-82.82,8.291],[-82.851,8.074],[-82.966,8.225],[-82.913,8.424],[-82.83,8.626],[-82.869,8.807],[-82.719,8.926],[-82.927,9.074],[-82.933,9.477],[-82.546,9.566],[-82.187,9.207],[-82.208,8.996],[-81.809,8.951],[-81.714,9.032],[-81.439,8.786],[-80.947,8.859],[-80.522,9.111],[-79.915,9.313],[-79.573,9.612],[-79.021,9.553],[-79.058,9.455],[-78.501,9.42],[-78.056,9.248],[-77.73,8.947],[-77.353,8.671]]]}},{"type":"Feature","properties":{"ISO_A3":"PER","NAME":"Peru"},"geometry":{"type":"Polygon","coordinates":[[[-69.53,-10.952],[-68.665,-12.561],[-68.88,-12.9],[-68.929,-13.603],[-68.949,-14.454],[-69.34,-14.953],[-69.16,-15.324],[-69.39,-15.66],[-68.96,-16.501],[-69.59,-17.58],[-69.858,-18.093],[-70.373,-18.348],[-71.375,-17.774],[-71.462,-17.363],[-73.445,-16.359],[-75.238,-15.266],[-76.009,-14.649],[-76.423,-13.823],[-76.259,-13.535],[-77.106,-12.223],[-78.092,-10.378],[-79.037,-8.387],[-79.446,-7.931],[-79.761,-7.194],[-80.537,-6.542],[-81.25,-6.137],[-80.926,-5.691],[-81.411,-4.737],[-81.1,-4.036],[-80.303,-3.405],[-80.184,-3.821],[-80.469,-4.059],[-80.442,-4.426],[-80.029,-4.346],[-79.625,-4.454],[-79.205,-4.959],[-78.64,-4.548],[-78.451,-3.873],[-77.838,-3.003],[-76.635,-2.609],[-75.545,-1.562],[-75.234,-0.911],[-75.373,-0.152],[-75.107,-0.057],[-74.442,-0.531],[-74.122,-1.003],[-73.66,-1.26],[-73.07,-2.309],[-72.326,-2.434],[-71.775,-2.17],[-71.414,-2.343],[-70.813,-2.257],[-70.048,-2.725],[-70.693,-3.743],[-70.394,-3.767],[-69.894,-4.298],[-70.795,-4.251],[-70.929,-4.402],[-71.748,-4.594],[-72.892,-5.275],[-72.965,-5.741],[-73.22,-6.089],[-73.12,-6.63],[-73.724,-6.919],[-73.723,-7.341],[-73.987,-7.524],[-73.571,-8.424],[-73.015,-9.033],[-73.227,-9.462],[-72.563,-9.52],[-72.185,-10.054],[-71.302,-10.079],[-70.482,-9.49],[-70.549,-11.009],[-70.094,-11.124],[-69.53,-10.952]]]}},{"type":"Feature","properties":{"ISO_A3":"PHL","NAME":"Philippines"},"geometry":{"type":"MultiPolygon","coordinates":[[[[126.377,8.415],[126.479,7.75],[126.537,7.189],[126.197,6.274],[125.831,7.294],[125.364,6.786],[125.683,6.05],[125.397,5.581],[124.22,6.161],[123.939,6.885],[124.244,7.361],[123.61,7.834],[123.296,7.419],[122.826,7.457],[122.085,6.899],[121.92,7.192],[122.312,8.035],[122.942,8.316],[123.488,8.693],[123.841,8.24],[124.601,8.514],[124.765,8.96],[125.471,8.987],[125.412,9.76],[126.223,9.286],[126.307,8.782],[126.377,8.415]]],[[[123.982,10.279],[123.623,9.95],[123.31,9.318],[122.996,9.022],[122.38,9.713],[122.586,9.981],[122.837,10.261],[122.947,10.882],[123.499,10.941],[123.338,10.267],[124.078,11.233],[123.982,10.279]]],[[[118.505,9.316],[117.174,8.367],[117.664,9.067],[118.387,9.684],[118.987,10.376],[119.511,11.37],[119.69,10.554],[119.029,10.004],[118.505,9.316]]],[[[121.884,11.892],[122.484,11.582],[123.12,11.584],[123.101,11.166],[122.638,10.741],[122.003,10.441],[121.967,10.906],[122.038,11.416],[121.884,11.892]]],[[[125.503,12.163],[125.783,11.046],[125.012,11.311],[125.033,10.976],[125.277,10.359],[124.802,10.135],[124.76,10.838],[124.459,10.89],[124.303,11.495],[124.891,11.416],[124.878,11.794],[124.267,12.558],[125.227,12.536],[125.503,12.163]]],[[[121.527,13.07],[121.262,12.206],[120.834,12.704],[120.323,13.466],[121.18,13.43],[121.527,13.07]]],[[[121.321,18.504],[121.938,18.219],[122.246,18.479],[122.337,18.225],[122.174,17.81],[122.516,17.094],[122.252,16.262],[121.663,15.931],[121.505,15.125],[121.729,14.328],[122.259,14.218],[122.701,14.337],[123.95,13.782],[123.855,13.238],[124.181,12.998],[124.077,12.537],[123.298,13.028],[122.929,13.553],[122.671,13.186],[122.035,13.784],[121.126,13.637],[120.629,13.858],[120.679,14.271],[120.992,14.525],[120.693,14.757],[120.564,14.396],[120.07,14.971],[119.921,15.406],[119.884,16.364],[120.286,16.035],[120.39,17.599],[120.716,18.505],[121.321,18.504]]]]}},{"type":"Feature","properties":{"ISO_A3":"PNG","NAME":"Papua New Guinea"},"geometry":{"type":"MultiPolygon","coordinates":[[[[141.034,-9.118],[141.017,-5.859],[141.0,-2.6],[142.735,-3.289],[144.584,-3.861],[145.273,-4.374],[145.83,-4.876],[145.982,-5.466],[147.648,-6.084],[147.891,-6.614],[146.971,-6.722],[147.192,-7.388],[148.085,-8.044],[148.734,-9.105],[149.307,-9.071],[149.267,-9.514],[150.039,-9.684],[149.739,-9.873],[150.802,-10.294],[150.691,-10.583],[150.028,-10.652],[149.782,-10.393],[148.923,-10.281],[147.913,-10.13],[147.135,-9.492],[146.568,-8.943],[146.048,-8.067],[144.744,-7.63],[143.897,-7.915],[143.286,-8.245],[143.414,-8.983],[142.628,-9.327],[142.068,-9.16],[141.034,-9.118]]],[[[155.88,-6.82],[155.6,-6.92],[155.167,-6.536],[154.729,-5.901],[154.514,-5.139],[154.653,-5.042],[154.76,-5.34],[155.063,-5.567],[155.548,-6.201],[156.02,-6.54],[155.88,-6.82]]],[[[151.983,-5.478],[151.459,-5.56],[151.301,-5.841],[150.754,-6.084],[150.241,-6.318],[149.71,-6.317],[148.89,-6.026],[148.319,-5.747],[148.402,-5.438],[149.298,-5.584],[149.846,-5.506],[149.996,-5.026],[150.14,-5.001],[150.237,-5.532],[150.807,-5.456],[151.09,-5.114],[151.648,-4.757],[151.538,-4.168],[152.137,-4.149],[152.339,-4.313],[152.319,-4.868],[151.983,-5.478]]],[[[153.14,-4.5],[152.827,-4.766],[152.639,-4.176],[152.406,-3.79],[151.953,-3.462],[151.384,-3.035],[150.662,-2.741],[150.94,-2.5],[151.48,-2.78],[151.82,-3.0],[152.24,-3.24],[152.64,-3.66],[153.02,-3.98],[153.14,-4.5]]]]}},{"type":"Feature","properties":{"ISO_A3":"POL","NAME":"Poland"},"geometry":{"type":"Polygon","coordinates":[[[23.484,53.912],[23.528,53.47],[23.805,53.09],[23.799,52.691],[23.199,52.487],[23.508,52.024],[23.527,51.578],[24.03,50.705],[23.923,50.425],[23.427,50.309],[22.518,49.477],[22.776,49.027],[22.558,49.086],[21.608,49.47],[20.888,49.329],[20.416,49.431],[19.825,49.217],[19.321,49.572],[18.91,49.436],[18.853,49.496],[18.393,49.989],[17.649,50.049],[17.555,50.362],[16.869,50.474],[16.719,50.216],[16.176,50.423],[16.239,50.698],[15.491,50.785],[15.017,51.107],[14.607,51.745],[14.685,52.09],[14.438,52.625],[14.075,52.981],[14.353,53.248],[14.12,53.757],[14.803,54.051],[16.363,54.513],[17.623,54.852],[18.621,54.683],[18.696,54.439],[19.661,54.426],[20.892,54.313],[22.731,54.328],[23.244,54.221],[23.484,53.912]]]}},{"type":"Feature","properties":{"ISO_A3":"PRI","NAME":"Puerto Rico"},"geometry":{"type":"Polygon","coordinates":[[[-66.282,18.515],[-65.771,18.427],[-65.591,18.228],[-65.847,17.976],[-66.6,17.982],[-67.184,17.947],[-67.242,18.374],[-67.101,18.521],[-66.282,18.515]]]}},{"type":"Feature","properties":{"ISO_A3":"PRK","NAME":"North Korea"},"geometry":{"type":"MultiPolygon","coordinates":[[[[124.266,39.928],[125.08,40.57],[126.182,41.107],[126.869,41.817],[127.344,41.503],[128.208,41.467],[128.052,41.994],[129.597,42.425],[129.994,42.985],[130.64,42.395],[130.64,42.395],[130.78,42.22],[130.4,42.28],[129.966,41.941],[129.667,41.601],[129.705,40.883],[129.188,40.662],[129.01,40.485],[128.633,40.19],[127.967,40.025],[127.533,39.757],[127.502,39.324],[127.385,39.213],[127.783,39.051],[128.35,38.612],[128.206,38.37],[127.78,38.305],[127.073,38.256],[126.684,37.805],[126.237,37.84],[126.175,37.75],[125.689,37.94],[125.568,37.752],[125.275,37.669],[125.24,37.857],[124.981,37.949],[124.712,38.108],[124.986,38.548],[125.222,38.666],[125.133,38.849],[125.387,39.388],[125.321,39.551],[124.737,39.66],[124.266,39.928]]],[[[130.78,42.22],[130.78,42.22],[130.78,42.22],[130.78,42.22]]]]}},{"type":"Feature","properties":{"ISO_A3":"PRT","NAME":"Portugal"},"geometry":{"type":"Polygon","coordinates":[[[-9.035,41.881],[-8.672,42.135],[-8.264,42.28],[-8.013,41.791],[-7.423,41.792],[-7.251,41.918],[-6.669,41.883],[-6.389,41.382],[-6.851,41.111],[-6.864,40.331],[-7.026,40.185],[-7.067,39.712],[-7.499,39.63],[-7.098,39.03],[-7.374,38.373],[-7.029,38.076],[-7.167,37.804],[-7.537,37.429],[-7.454,37.098],[-7.856,36.838],[-8.383,36.979],[-8.899,36.869],[-8.746,37.651],[-8.84,38.266],[-9.287,38.358],[-9.527,38.737],[-9.447,39.392],[-9.048,39.755],[-8.977,40.159],[-8.769,40.761],[-8.791,41.184],[-8.991,41.543],[-9.035,41.881]]]}},{"type":"Feature","properties":{"ISO_A3":"PRY","NAME":"Paraguay"},"geometry":{"type":"Polygon","coordinates":[[[-54.625,-25.739],[-54.789,-26.622],[-55.696,-27.388],[-56.487,-27.548],[-57.61,-27.396],[-58.618,-27.124],[-57.634,-25.604],[-57.777,-25.162],[-58.807,-24.771],[-60.029,-24.033],[-60.847,-23.881],[-62.685,-22.249],[-62.291,-21.052],[-62.266,-20.514],[-61.786,-19.634],[-60.044,-19.343],[-59.115,-19.357],[-58.183,-19.868],[-58.166,-20.177],[-57.871,-20.733],[-57.937,-22.09],[-56.882,-22.282],[-56.473,-22.086],[-55.798,-22.357],[-55.611,-22.656],[-55.518,-23.572],[-55.401,-23.957],[-55.028,-24.001],[-54.653,-23.84],[-54.293,-24.021],[-54.293,-24.571],[-54.429,-25.162],[-54.625,-25.739]]]}},{"type":"Feature","properties":{"ISO_A3":"PSE","NAME":"Palestine"},"geometry":{"type":"Polygon","coordinates":[[[35.398,31.489],[34.927,31.353],[34.971,31.617],[35.226,31.754],[34.975,31.867],[35.184,32.533],[35.546,32.394],[35.545,31.783],[35.398,31.489]]]}},{"type":"Feature","properties":{"ISO_A3":"QAT","NAME":"Qatar"},"geometry":{"type":"Polygon","coordinates":[[[50.81,24.755],[50.744,25.482],[51.013,26.007],[51.286,26.115],[51.589,25.801],[51.607,25.216],[51.39,24.627],[51.112,24.556],[50.81,24.755]]]}},{"type":"Feature","properties":{"ISO_A3":"ROU","NAME":"Romania"},"geometry":{"type":"Polygon","coordinates":[[[28.558,43.707],[27.97,43.812],[27.242,44.176],[26.065,43.943],[25.569,43.688],[24.101,43.741],[23.332,43.897],[22.945,43.824],[22.657,44.235],[22.474,44.409],[22.706,44.578],[22.459,44.703],[22.145,44.478],[21.562,44.769],[21.484,45.181],[20.874,45.416],[20.762,45.735],[20.22,46.127],[21.022,46.316],[21.627,46.994],[22.1,47.672],[22.711,47.882],[23.142,48.096],[23.761,47.986],[24.402,47.982],[24.866,47.738],[25.208,47.891],[25.946,47.987],[26.197,48.221],[26.619,48.221],[26.924,48.123],[27.234,47.827],[27.551,47.405],[28.128,46.81],[28.16,46.372],[28.054,45.945],[28.234,45.488],[28.68,45.304],[29.15,45.465],[29.603,45.293],[29.627,45.035],[29.142,44.82],[28.838,44.914],[28.558,43.707]]]}},{"type":"Feature","properties":{"ISO_A3":"RUS","NAME":"Russia"},"geometry":{"type":"MultiPolygon","coordinates":[[[[48.584,41.809],[47.987,41.406],[47.816,41.151],[47.373,41.22],[46.686,41.827],[46.405,41.861],[45.776,42.092],[45.47,42.503],[44.538,42.712],[43.931,42.555],[43.756,42.741],[42.394,43.22],[40.922,43.382],[40.077,43.553],[39.955,43.435],[38.68,44.28],[37.539,44.657],[36.675,45.245],[37.403,45.405],[38.233,46.241],[37.674,46.637],[39.148,47.045],[39.121,47.263],[38.224,47.102],[38.255,47.546],[38.771,47.826],[39.738,47.899],[39.896,48.232],[39.675,48.784],[40.081,49.307],[40.069,49.601],[38.595,49.926],[38.011,49.916],[37.393,50.384],[36.626,50.226],[35.356,50.577],[35.378,50.774],[35.022,51.208],[34.225,51.256],[34.142,51.566],[34.392,51.769],[33.753,52.335],[32.716,52.238],[32.412,52.289],[32.159,52.061],[31.786,52.102],[31.786,52.102],[31.54,52.742],[31.305,53.074],[31.498,53.167],[32.305,53.133],[32.694,53.351],[32.406,53.618],[31.731,53.794],[31.791,53.975],[31.384,54.157],[30.758,54.812],[30.972,55.082],[30.874,55.551],[29.896,55.789],[29.372,55.67],[29.23,55.918],[28.177,56.169],[27.855,56.759],[27.77,57.244],[27.288,57.475],[27.717,57.792],[27.42,58.725],[28.132,59.301],[27.981,59.475],[27.981,59.475],[29.118,60.028],[28.07,60.504],[28.07,60.504],[30.211,61.78],[31.14,62.358],[31.516,62.868],[30.036,63.553],[30.445,64.204],[29.544,64.949],[30.218,65.806],[29.055,66.944],[29.977,67.698],[28.446,68.365],[28.592,69.065],[29.4,69.157],[31.101,69.558],[31.101,69.558],[32.133,69.906],[33.775,69.301],[36.514,69.063],[40.292,67.932],[41.06,67.457],[41.126,66.792],[40.016,66.266],[38.383,66.0],[33.919,66.76],[33.184,66.633],[34.815,65.9],[34.879,65.436],[34.944,64.414],[36.231,64.109],[37.013,63.85],[37.142,64.335],[36.54,64.764],[37.176,65.143],[39.593,64.521],[40.436,64.764],[39.763,65.497],[42.093,66.476],[43.016,66.419],[43.95,66.069],[44.532,66.756],[43.698,67.352],[44.188,67.951],[43.453,68.571],[46.25,68.25],[46.821,67.69],[45.555,67.567],[45.562,67.01],[46.349,66.668],[47.894,66.885],[48.139,67.522],[50.228,67.999],[53.717,68.857],[54.472,68.808],[53.486,68.201],[54.726,68.097],[55.443,68.439],[57.317,68.466],[58.802,68.881],[59.941,68.278],[61.078,68.941],[60.03,69.52],[60.55,69.85],[63.504,69.547],[64.888,69.235],[68.512,68.092],[69.181,68.616],[68.164,69.144],[68.135,69.356],[66.93,69.455],[67.26,69.929],[66.725,70.709],[66.695,71.029],[68.54,71.934],[69.196,72.843],[69.94,73.04],[72.588,72.776],[72.796,72.22],[71.848,71.409],[72.47,71.09],[72.792,70.391],[72.565,69.021],[73.668,68.408],[73.239,67.74],[71.28,66.32],[72.423,66.173],[72.821,66.533],[73.921,66.789],[74.187,67.284],[75.052,67.76],[74.469,68.329],[74.936,68.989],[73.842,69.071],[73.602,69.628],[74.4,70.632],[73.101,71.447],[74.891,72.121],[74.659,72.832],[75.158,72.855],[75.684,72.301],[75.289,71.336],[76.359,71.153],[75.903,71.874],[77.577,72.267],[79.652,72.32],[81.5,71.75],[80.611,72.583],[80.511,73.648],[82.25,73.85],[84.655,73.806],[86.822,73.937],[86.01,74.46],[87.167,75.116],[88.316,75.144],[90.26,75.64],[92.901,75.773],[93.234,76.047],[95.86,76.14],[96.678,75.915],[98.923,76.447],[100.76,76.43],[101.035,76.862],[101.991,77.288],[104.352,77.698],[106.067,77.374],[104.705,77.127],[106.97,76.974],[107.24,76.48],[108.154,76.723],[111.077,76.71],[113.332,76.222],[114.134,75.848],[113.885,75.328],[112.779,75.032],[110.151,74.477],[109.4,74.18],[110.64,74.04],[112.119,73.788],[113.02,73.977],[113.53,73.335],[113.969,73.595],[115.568,73.753],[118.776,73.588],[119.02,73.12],[123.201,72.971],[123.258,73.735],[125.38,73.56],[126.976,73.565],[128.591,73.039],[129.052,72.399],[128.46,71.98],[129.716,71.193],[131.289,70.787],[132.254,71.836],[133.858,71.386],[135.562,71.655],[137.498,71.348],[138.234,71.628],[139.87,71.488],[139.148,72.416],[140.468,72.849],[149.5,72.2],[150.351,71.606],[152.969,70.842],[157.007,71.031],[158.998,70.867],[159.83,70.453],[159.709,69.722],[160.941,69.437],[162.279,69.642],[164.052,69.668],[165.94,69.472],[167.836,69.583],[169.578,68.694],[170.817,69.014],[170.008,69.653],[170.453,70.097],[173.644,69.817],[175.724,69.877],[178.6,69.4],[180,68.964],[180,64.98],[179.993,64.974],[178.707,64.535],[177.411,64.608],[178.313,64.076],[178.908,63.252],[179.37,62.983],[179.486,62.569],[179.228,62.304],[177.364,62.522],[174.569,61.769],[173.68,61.653],[172.15,60.95],[170.698,60.336],[170.331,59.882],[168.9,60.574],[166.295,59.789],[165.84,60.16],[164.877,59.732],[163.539,59.869],[163.217,59.211],[162.017,58.243],[162.053,57.839],[163.192,57.615],[163.058,56.159],[162.13,56.122],[161.701,55.286],[162.117,54.855],[160.369,54.344],[160.022,53.203],[158.531,52.959],[158.231,51.943],[156.79,51.011],[156.42,51.7],[155.992,53.159],[155.434,55.381],[155.914,56.768],[156.758,57.365],[156.81,57.832],[158.364,58.056],[160.151,59.315],[161.872,60.343],[163.67,61.141],[164.474,62.551],[163.258,62.466],[162.658,61.642],[160.121,60.544],[159.302,61.774],[156.721,61.434],[154.218,59.758],[155.044,59.145],[152.812,58.884],[151.266,58.781],[151.338,59.504],[149.784,59.656],[148.545,59.164],[145.487,59.336],[142.198,59.04],[138.958,57.088],[135.126,54.73],[136.702,54.604],[137.193,53.977],[138.165,53.755],[138.805,54.255],[139.902,54.19],[141.345,53.09],[141.379,52.239],[140.597,51.24],[140.513,50.046],[140.062,48.447],[138.555,47.0],[138.22,46.308],[136.862,45.144],[135.515,43.989],[134.869,43.398],[133.537,42.811],[132.906,42.798],[132.278,43.285],[130.936,42.553],[130.78,42.22],[130.78,42.22],[130.78,42.22],[130.78,42.22],[130.64,42.395],[130.64,42.395],[130.634,42.903],[131.145,42.93],[131.289,44.112],[131.025,44.968],[131.883,45.321],[133.097,45.144],[133.77,46.117],[134.112,47.212],[134.501,47.578],[135.026,48.478],[133.374,48.183],[132.507,47.789],[130.987,47.79],[130.582,48.73],[129.398,49.441],[127.657,49.76],[127.287,50.74],[126.939,51.354],[126.564,51.784],[125.946,52.793],[125.068,53.161],[123.571,53.459],[122.246,53.432],[121.003,53.251],[120.177,52.754],[120.726,52.516],[120.738,51.964],[120.182,51.644],[119.279,50.583],[119.288,50.143],[117.879,49.511],[116.679,49.889],[115.486,49.805],[114.962,50.14],[114.362,50.248],[112.898,49.544],[111.581,49.378],[110.662,49.13],[109.402,49.293],[108.475,49.283],[107.868,49.794],[106.889,50.274],[105.887,50.406],[104.622,50.275],[103.677,50.09],[102.256,50.511],[102.065,51.26],[100.889,51.517],[99.982,51.634],[98.861,52.047],[97.826,51.011],[98.232,50.422],[97.26,49.726],[95.814,49.977],[94.816,50.013],[94.148,50.481],[93.104,50.495],[92.235,50.802],[90.714,50.332],[88.806,49.471],[87.751,49.297],[87.36,49.215],[86.829,49.827],[85.541,49.693],[85.116,50.117],[84.416,50.311],[83.935,50.889],[83.383,51.069],[81.946,50.812],[80.568,51.388],[80.036,50.865],[77.801,53.404],[76.525,54.177],[76.891,54.491],[74.385,53.547],[73.426,53.49],[73.509,54.036],[72.224,54.377],[71.18,54.133],[70.865,55.17],[69.068,55.385],[68.169,54.97],[65.667,54.601],[65.179,54.354],[61.437,54.006],[60.978,53.665],[61.7,52.98],[60.74,52.72],[60.927,52.448],[59.968,51.96],[61.588,51.273],[61.337,50.799],[59.933,50.842],[59.642,50.545],[58.363,51.064],[56.778,51.044],[55.717,50.622],[54.533,51.026],[52.329,51.719],[50.767,51.693],[48.702,50.605],[48.578,49.875],[47.549,50.455],[46.752,49.356],[47.044,49.152],[46.466,48.394],[47.315,47.716],[48.057,47.744],[48.695,47.076],[48.593,46.561],[49.101,46.399],[48.645,45.806],[47.676,45.641],[46.682,44.609],[47.591,43.66],[47.493,42.987],[48.584,41.809],[48.584,41.809]]],[[[21.268,55.19],[22.316,55.015],[22.758,54.857],[22.651,54.583],[22.731,54.328],[20.892,54.313],[19.661,54.426],[19.888,54.866],[21.268,55.19]]],[[[33.436,45.972],[33.699,46.22],[34.41,46.005],[34.732,45.966],[34.862,45.768],[35.013,45.738],[35.021,45.651],[35.51,45.41],[36.53,45.47],[36.335,45.113],[35.24,44.94],[33.883,44.361],[33.326,44.565],[33.547,45.035],[32.454,45.327],[32.631,45.519],[33.588,45.852],[33.436,45.972]]],[[[143.648,50.748],[144.654,48.976],[143.174,49.307],[142.559,47.862],[143.533,46.837],[143.505,46.138],[142.748,46.741],[142.092,45.967],[141.907,46.806],[142.018,47.78],[141.904,48.859],[142.136,49.615],[142.18,50.952],[141.594,51.935],[141.683,53.302],[142.607,53.762],[142.21,54.225],[142.655,54.366],[142.915,53.705],[143.261,52.741],[143.235,51.757],[143.648,50.748]]],[[[-175.014,66.584],[-174.34,66.336],[-174.572,67.062],[-171.857,66.913],[-169.9,65.977],[-170.891,65.541],[-172.53,65.438],[-172.555,64.461],[-172.955,64.253],[-173.892,64.283],[-174.654,64.631],[-175.984,64.923],[-176.207,65.357],[-177.223,65.52],[-178.36,65.391],[-178.903,65.74],[-178.686,66.112],[-179.884,65.875],[-179.433,65.404],[-180,64.98],[-180,68.964],[-177.55,68.2],[-174.928,67.206],[-175.014,66.584]]],[[[180,70.832],[178.903,70.781],[178.725,71.099],[180,71.516],[180,70.832]]],[[[-178.694,70.893],[-180,70.832],[-180,71.516],[-179.872,71.558],[-179.024,71.556],[-177.578,71.269],[-177.664,71.133],[-178.694,70.893]]],[[[143.604,73.212],[142.088,73.205],[140.038,73.317],[139.863,73.37],[140.812,73.765],[142.062,73.858],[143.483,73.475],[143.604,73.212]]],[[[150.732,75.084],[149.576,74.689],[147.977,74.778],[146.119,75.173],[146.358,75.497],[148.222,75.346],[150.732,75.084]]],[[[145.086,75.563],[144.3,74.82],[140.614,74.848],[138.955,74.611],[136.974,75.262],[137.512,75.949],[138.831,76.137],[141.472,76.093],[145.086,75.563]]],[[[57.536,70.72],[56.945,70.633],[53.677,70.763],[53.412,71.207],[51.602,71.475],[51.456,72.015],[52.478,72.229],[52.444,72.775],[54.428,73.628],[53.508,73.75],[55.902,74.627],[55.632,75.081],[57.869,75.609],[61.17,76.252],[64.498,76.439],[66.211,76.81],[68.157,76.94],[68.852,76.545],[68.181,76.234],[64.637,75.738],[61.584,75.261],[58.477,74.309],[56.987,73.333],[55.419,72.371],[55.623,71.541],[57.536,70.72]]],[[[105.075,78.307],[99.438,77.921],[101.265,79.234],[102.086,79.346],[102.838,79.281],[105.372,78.713],[105.075,78.307]]],[[[51.136,80.547],[49.794,80.415],[48.894,80.34],[48.755,80.175],[47.586,80.01],[46.503,80.247],[47.072,80.559],[44.847,80.59],[46.799,80.772],[48.318,80.784],[48.523,80.515],[49.097,80.754],[50.04,80.919],[51.523,80.7],[51.136,80.547]]],[[[99.94,78.881],[97.758,78.756],[94.973,79.045],[93.313,79.427],[92.545,80.144],[91.181,80.341],[93.778,81.025],[95.941,81.25],[97.884,80.747],[100.187,79.78],[99.94,78.881]]]]}},{"type":"Feature","properties":{"ISO_A3":"RWA","NAME":"Rwanda"},"geometry":{"type":"Polygon","coordinates":[[[30.47,-2.414],[29.938,-2.348],[29.632,-2.918],[29.025,-2.839],[29.117,-2.292],[29.255,-2.215],[29.292,-1.62],[29.579,-1.341],[29.822,-1.443],[30.419,-1.135],[30.816,-1.699],[30.758,-2.287],[30.47,-2.414],[30.47,-2.414]]]}},{"type":"Feature","properties":{"ISO_A3":"ESH","NAME":"W. Sahara"},"geometry":{"type":"Polygon","coordinates":[[[-8.666,27.656],[-8.665,27.589],[-8.684,27.396],[-8.687,25.881],[-11.969,25.933],[-11.937,23.375],[-12.874,23.285],[-13.119,22.771],[-12.929,21.327],[-16.845,21.333],[-17.063,21.0],[-17.02,21.422],[-17.003,21.421],[-14.751,21.501],[-14.631,21.861],[-14.221,22.31],[-13.891,23.691],[-12.501,24.77],[-12.031,26.031],[-11.718,26.104],[-11.393,26.883],[-10.551,26.991],[-10.189,26.861],[-9.735,26.861],[-9.413,27.088],[-8.795,27.121],[-8.818,27.656],[-8.666,27.656]]]}},{"type":"Feature","properties":{"ISO_A3":"SAU","NAME":"Saudi Arabia"},"geometry":{"type":"Polygon","coordinates":[[[51.58,24.245],[51.618,24.014],[52.001,23.001],[55.007,22.497],[55.208,22.708],[55.667,22.0],[55.0,20.0],[52.0,19.0],[49.117,18.617],[48.183,18.167],[47.467,17.117],[47.0,16.95],[46.75,17.283],[46.367,17.233],[45.4,17.333],[45.217,17.433],[44.063,17.41],[43.792,17.32],[43.381,17.58],[43.116,17.088],[43.218,16.667],[42.779,16.348],[42.65,16.775],[42.348,17.076],[42.271,17.475],[41.754,17.833],[41.221,18.672],[40.939,19.486],[40.248,20.175],[39.802,20.339],[39.139,21.292],[39.024,21.987],[39.066,22.58],[38.493,23.688],[38.024,24.079],[37.484,24.285],[37.155,24.858],[37.209,25.085],[36.932,25.603],[36.64,25.826],[36.249,26.57],[35.64,27.377],[35.13,28.063],[34.632,28.059],[34.788,28.607],[34.832,28.957],[34.956,29.357],[36.069,29.197],[36.501,29.505],[36.741,29.865],[37.504,30.004],[37.668,30.339],[37.999,30.509],[37.002,31.508],[39.005,32.01],[39.195,32.161],[40.4,31.89],[41.89,31.19],[44.709,29.179],[46.569,29.099],[47.46,29.003],[47.709,28.526],[48.416,28.552],[48.808,27.69],[49.3,27.461],[49.471,27.11],[50.152,26.69],[50.213,26.277],[50.113,25.944],[50.24,25.608],[50.527,25.328],[50.661,25.0],[50.81,24.755],[51.112,24.556],[51.39,24.627],[51.58,24.245]]]}},{"type":"Feature","properties":{"ISO_A3":"SDN","NAME":"Sudan"},"geometry":{"type":"Polygon","coordinates":[[[24.567,8.229],[23.806,8.666],[23.459,8.954],[23.395,9.265],[23.557,9.681],[23.554,10.089],[22.978,10.714],[22.864,11.142],[22.876,11.385],[22.509,11.679],[22.498,12.26],[22.288,12.646],[21.937,12.588],[22.038,12.955],[22.297,13.372],[22.183,13.786],[22.512,14.093],[22.304,14.327],[22.568,14.944],[23.025,15.681],[23.887,15.611],[23.838,19.58],[23.85,20],[25,20.003],[25,22],[29.02,22],[32.9,22],[36.866,22],[37.189,21.019],[36.969,20.837],[37.115,19.808],[37.482,18.614],[37.863,18.368],[38.41,17.998],[37.904,17.428],[37.167,17.263],[36.853,16.957],[36.754,16.292],[36.323,14.822],[36.43,14.422],[36.27,13.563],[35.864,12.578],[35.26,12.083],[34.832,11.319],[34.731,10.91],[34.257,10.63],[33.962,9.584],[33.975,8.685],[33.963,9.464],[33.825,9.484],[33.842,9.982],[33.722,10.325],[33.207,10.72],[33.087,11.441],[33.207,12.179],[32.743,12.248],[32.675,12.025],[32.074,11.973],[32.314,11.681],[32.4,11.081],[31.851,10.531],[31.353,9.81],[30.838,9.707],[29.997,10.291],[29.619,10.085],[29.516,9.793],[29.001,9.604],[28.967,9.398],[27.971,9.398],[27.834,9.604],[27.113,9.639],[26.752,9.467],[26.477,9.553],[25.962,10.136],[25.791,10.411],[25.07,10.274],[24.795,9.81],[24.537,8.918],[24.194,8.729],[23.887,8.62],[24.567,8.229]]]}},{"type":"Feature","properties":{"ISO_A3":"SSD","NAME":"S. Sudan"},"geometry":{"type":"Polygon","coordinates":[[[27.374,5.234],[27.213,5.551],[26.466,5.947],[26.213,6.547],[25.797,6.979],[25.124,7.5],[25.115,7.825],[24.567,8.229],[23.887,8.62],[24.194,8.729],[24.537,8.918],[24.795,9.81],[25.07,10.274],[25.791,10.411],[25.962,10.136],[26.477,9.553],[26.752,9.467],[27.113,9.639],[27.834,9.604],[27.971,9.398],[28.967,9.398],[29.001,9.604],[29.516,9.793],[29.619,10.085],[29.997,10.291],[30.838,9.707],[31.353,9.81],[31.851,10.531],[32.4,11.081],[32.314,11.681],[32.074,11.973],[32.675,12.025],[32.743,12.248],[33.207,12.179],[33.087,11.441],[33.207,10.72],[33.722,10.325],[33.842,9.982],[33.825,9.484],[33.963,9.464],[33.975,8.685],[33.825,8.379],[33.295,8.355],[32.954,7.785],[33.568,7.713],[34.075,7.226],[34.25,6.826],[34.707,6.594],[35.298,5.506],[34.62,4.847],[34.005,4.25],[33.39,3.79],[32.686,3.792],[31.881,3.558],[31.246,3.782],[30.834,3.509],[29.953,4.174],[29.716,4.601],[29.159,4.389],[28.697,4.455],[28.429,4.287],[27.98,4.408],[27.374,5.234]]]}},{"type":"Feature","properties":{"ISO_A3":"SEN","NAME":"Senegal"},"geometry":{"type":"Polygon","coordinates":[[[-11.514,12.443],[-11.658,12.387],[-12.204,12.466],[-12.279,12.354],[-12.499,12.332],[-13.218,12.576],[-13.7,12.586],[-15.548,12.628],[-15.817,12.516],[-16.148,12.548],[-16.677,12.385],[-16.842,13.151],[-15.931,13.13],[-15.691,13.27],[-15.512,13.279],[-15.141,13.51],[-14.712,13.298],[-14.278,13.281],[-13.845,13.505],[-14.047,13.794],[-14.377,13.626],[-14.687,13.63],[-15.082,13.876],[-15.399,13.86],[-15.625,13.624],[-16.714,13.595],[-17.126,14.374],[-17.625,14.73],[-17.185,14.919],[-16.701,15.622],[-16.463,16.135],[-16.121,16.456],[-15.624,16.369],[-15.136,16.587],[-14.577,16.598],[-14.1,16.304],[-13.436,16.039],[-12.831,15.304],[-12.171,14.617],[-12.125,13.995],[-11.928,13.422],[-11.553,13.141],[-11.468,12.755],[-11.514,12.443]]]}},{"type":"Feature","properties":{"ISO_A3":"SLB","NAME":"Solomon Is."},"geometry":{"type":"MultiPolygon","coordinates":[[[[162.119,-10.483],[162.399,-10.826],[161.7,-10.82],[161.32,-10.205],[161.917,-10.447],[162.119,-10.483]]],[[[160.852,-9.873],[160.463,-9.895],[159.849,-9.794],[159.64,-9.64],[159.703,-9.243],[160.363,-9.4],[160.689,-9.61],[160.852,-9.873]]],[[[161.68,-9.6],[161.529,-9.784],[160.788,-8.918],[160.58,-8.32],[160.92,-8.32],[161.28,-9.12],[161.68,-9.6]]],[[[159.875,-8.337],[159.917,-8.538],[159.134,-8.114],[158.586,-7.755],[158.211,-7.422],[158.36,-7.32],[158.82,-7.56],[159.64,-8.02],[159.875,-8.337]]],[[[157.538,-7.348],[157.339,-7.405],[156.902,-7.177],[156.491,-6.766],[156.543,-6.599],[157.14,-7.022],[157.538,-7.348]]]]}},{"type":"Feature","properties":{"ISO_A3":"SLE","NAME":"Sierra Leone"},"geometry":{"type":"Polygon","coordinates":[[[-13.247,8.903],[-12.712,9.343],[-12.597,9.62],[-12.426,9.836],[-12.15,9.859],[-11.917,10.047],[-11.117,10.046],[-10.839,9.688],[-10.622,9.268],[-10.655,8.977],[-10.494,8.716],[-10.505,8.349],[-10.23,8.406],[-10.696,7.939],[-11.147,7.397],[-11.2,7.106],[-11.439,6.786],[-11.708,6.86],[-12.428,7.263],[-12.949,7.799],[-13.124,8.164],[-13.247,8.903]]]}},{"type":"Feature","properties":{"ISO_A3":"SLV","NAME":"El Salvador"},"geometry":{"type":"Polygon","coordinates":[[[-90.096,13.735],[-90.065,13.882],[-89.722,14.134],[-89.534,14.245],[-89.587,14.363],[-89.353,14.424],[-89.059,14.34],[-88.843,14.141],[-88.541,13.98],[-88.504,13.845],[-88.065,13.965],[-87.86,13.893],[-87.724,13.785],[-87.793,13.384],[-87.904,13.149],[-88.483,13.164],[-88.843,13.26],[-89.257,13.459],[-89.812,13.521],[-90.096,13.735]]]}},{"type":"Feature","properties":{"ISO_A3":"-99","NAME":"Somaliland"},"geometry":{"type":"Polygon","coordinates":[[[42.777,10.927],[43.145,11.462],[43.471,11.278],[43.667,10.864],[44.118,10.446],[44.614,10.442],[45.557,10.698],[46.645,10.817],[47.526,11.127],[48.022,11.193],[48.379,11.375],[48.948,11.411],[48.948,11.411],[48.948,11.411],[48.942,11.394],[48.938,10.982],[48.938,9.973],[48.938,9.452],[48.487,8.838],[47.789,8.003],[46.948,7.997],[43.679,9.184],[43.297,9.54],[42.928,10.022],[42.559,10.573],[42.777,10.927]]]}},{"type":"Feature","properties":{"ISO_A3":"SOM","NAME":"Somalia"},"geometry":{"type":"Polygon","coordinates":[[[41.855,3.919],[42.129,4.234],[42.77,4.253],[43.661,4.958],[44.964,5.002],[47.789,8.003],[48.487,8.838],[48.938,9.452],[48.938,9.973],[48.938,10.982],[48.942,11.394],[48.948,11.411],[48.948,11.411],[49.268,11.43],[49.729,11.579],[50.259,11.68],[50.732,12.022],[51.111,12.025],[51.134,11.748],[51.042,11.167],[51.045,10.641],[50.834,10.28],[50.552,9.199],[50.071,8.082],[49.453,6.805],[48.595,5.339],[47.741,4.219],[46.565,2.855],[45.564,2.046],[44.068,1.053],[43.136,0.292],[42.042,-0.919],[41.811,-1.446],[41.585,-1.683],[40.993,-0.858],[40.981,2.785],[41.855,3.919]]]}},{"type":"Feature","properties":{"ISO_A3":"SRB","NAME":"Serbia"},"geometry":{"type":"Polygon","coordinates":[[[22.657,44.235],[22.41,44.008],[22.5,43.643],[22.986,43.211],[22.605,42.899],[22.437,42.58],[22.545,42.461],[22.381,42.32],[21.917,42.304],[21.577,42.245],[21.543,42.32],[21.663,42.439],[21.775,42.683],[21.633,42.677],[21.439,42.863],[21.274,42.91],[21.143,43.069],[20.957,43.131],[20.814,43.272],[20.635,43.217],[20.497,42.885],[20.258,42.813],[20.34,42.899],[19.959,43.106],[19.63,43.214],[19.484,43.352],[19.219,43.524],[19.454,43.568],[19.6,44.038],[19.118,44.423],[19.368,44.863],[19.005,44.86],[19.005,44.86],[19.39,45.237],[19.073,45.522],[18.83,45.909],[18.83,45.909],[19.596,46.172],[20.22,46.127],[20.762,45.735],[20.874,45.416],[21.484,45.181],[21.562,44.769],[22.145,44.478],[22.459,44.703],[22.706,44.578],[22.474,44.409],[22.657,44.235]]]}},{"type":"Feature","properties":{"ISO_A3":"SUR","NAME":"Suriname"},"geometry":{"type":"Polygon","coordinates":[[[-54.525,2.312],[-55.098,2.524],[-55.57,2.422],[-55.973,2.51],[-56.073,2.221],[-55.906,2.022],[-55.996,1.818],[-56.539,1.9],[-57.15,2.769],[-57.281,3.333],[-57.602,3.335],[-58.045,4.061],[-57.86,4.577],[-57.914,4.813],[-57.307,5.074],[-57.147,5.973],[-55.949,5.773],[-55.842,5.953],[-55.033,6.025],[-53.958,5.757],[-54.479,4.897],[-54.4,4.213],[-54.012,3.623],[-54.184,3.194],[-54.271,2.739],[-54.525,2.312]]]}},{"type":"Feature","properties":{"ISO_A3":"SVK","NAME":"Slovakia"},"geometry":{"type":"Polygon","coordinates":[[[16.98,48.123],[16.88,48.47],[16.96,48.597],[17.102,48.817],[17.545,48.8],[17.886,48.903],[17.914,48.996],[18.105,49.044],[18.17,49.272],[18.4,49.315],[18.555,49.495],[18.853,49.496],[18.91,49.436],[19.321,49.572],[19.825,49.217],[20.416,49.431],[20.888,49.329],[21.608,49.47],[22.558,49.086],[22.281,48.825],[22.086,48.422],[21.872,48.32],[20.801,48.624],[20.474,48.563],[20.239,48.328],[19.769,48.203],[19.661,48.267],[19.174,48.111],[18.777,48.082],[18.697,47.881],[17.857,47.758],[17.488,47.867],[16.98,48.123]]]}},{"type":"Feature","properties":{"ISO_A3":"SVN","NAME":"Slovenia"},"geometry":{"type":"Polygon","coordinates":[[[13.806,46.509],[14.632,46.432],[15.137,46.659],[16.012,46.684],[16.202,46.852],[16.371,46.841],[16.565,46.504],[15.769,46.238],[15.672,45.834],[15.324,45.732],[15.328,45.452],[14.935,45.472],[14.595,45.635],[14.412,45.466],[13.715,45.5],[13.938,45.591],[13.698,46.017],[13.806,46.509]]]}},{"type":"Feature","properties":{"ISO_A3":"SWE","NAME":"Sweden"},"geometry":{"type":"Polygon","coordinates":[[[20.646,69.106],[21.979,68.617],[23.539,67.936],[23.566,66.396],[23.903,66.007],[22.183,65.724],[21.214,65.026],[21.37,64.414],[19.779,63.61],[17.848,62.749],[17.12,61.341],[17.831,60.637],[18.788,60.082],[17.869,58.954],[16.829,58.72],[16.448,57.041],[15.88,56.104],[14.667,56.201],[14.101,55.408],[12.943,55.362],[12.625,56.307],[11.788,57.442],[11.027,58.856],[11.468,59.432],[12.3,60.118],[12.631,61.294],[11.992,61.8],[11.931,63.128],[12.58,64.066],[13.572,64.049],[13.92,64.445],[13.556,64.787],[15.108,66.194],[16.109,67.302],[16.769,68.014],[17.729,68.011],[17.994,68.567],[19.879,68.407],[20.025,69.065],[20.646,69.106]]]}},{"type":"Feature","properties":{"ISO_A3":"SWZ","NAME":"Swaziland"},"geometry":{"type":"Polygon","coordinates":[[[31.838,-25.843],[31.986,-26.292],[32.072,-26.734],[31.868,-27.178],[31.283,-27.286],[30.686,-26.744],[30.677,-26.398],[30.95,-26.023],[31.044,-25.731],[31.333,-25.66],[31.838,-25.843]]]}},{"type":"Feature","properties":{"ISO_A3":"SYR","NAME":"Syria"},"geometry":{"type":"Polygon","coordinates":[[[42.35,37.23],[41.837,36.606],[41.29,36.359],[41.384,35.628],[41.006,34.419],[38.792,33.379],[36.834,32.313],[35.72,32.709],[35.701,32.716],[35.836,32.868],[35.821,33.277],[36.066,33.825],[36.612,34.202],[36.448,34.594],[35.998,34.645],[35.905,35.41],[36.15,35.822],[36.418,36.041],[36.685,36.26],[36.739,36.818],[37.067,36.623],[38.168,36.901],[38.7,36.713],[39.523,36.716],[40.673,37.091],[41.212,37.074],[42.35,37.23]]]}},{"type":"Feature","properties":{"ISO_A3":"TCD","NAME":"Chad"},"geometry":{"type":"Polygon","coordinates":[[[22.864,11.142],[22.231,10.972],[21.724,10.567],[21.001,9.476],[20.06,9.013],[19.094,9.075],[18.812,8.983],[18.911,8.631],[18.39,8.281],[17.965,7.891],[16.706,7.508],[16.456,7.735],[16.291,7.754],[16.106,7.497],[15.279,7.422],[15.436,7.693],[15.121,8.382],[14.98,8.796],[14.544,8.966],[13.954,9.549],[14.171,10.021],[14.627,9.921],[14.909,9.992],[15.468,9.982],[14.924,10.891],[14.96,11.556],[14.893,12.219],[14.496,12.859],[14.596,13.33],[13.954,13.353],[13.957,13.997],[13.54,14.367],[13.972,15.684],[15.248,16.627],[15.3,17.928],[15.686,19.957],[15.903,20.388],[15.487,20.73],[15.471,21.048],[15.097,21.309],[14.851,22.863],[15.861,23.41],[19.849,21.495],[23.838,19.58],[23.887,15.611],[23.025,15.681],[22.568,14.944],[22.304,14.327],[22.512,14.093],[22.183,13.786],[22.297,13.372],[22.038,12.955],[21.937,12.588],[22.288,12.646],[22.498,12.26],[22.509,11.679],[22.876,11.385],[22.864,11.142]]]}},{"type":"Feature","properties":{"ISO_A3":"TGO","NAME":"Togo"},"geometry":{"type":"Polygon","coordinates":[[[0.9,10.997],[0.772,10.471],[1.078,10.176],[1.425,9.825],[1.463,9.335],[1.664,9.129],[1.619,6.832],[1.865,6.142],[1.06,5.929],[0.837,6.28],[0.57,6.914],[0.491,7.412],[0.712,8.312],[0.461,8.677],[0.366,9.465],[0.368,10.191],[-0.05,10.707],[0.024,11.019],[0.9,10.997]]]}},{"type":"Feature","properties":{"ISO_A3":"THA","NAME":"Thailand"},"geometry":{"type":"Polygon","coordinates":[[[105.219,14.273],[104.281,14.417],[102.988,14.226],[102.348,13.394],[102.585,12.187],[101.687,12.646],[100.832,12.627],[100.978,13.413],[100.098,13.407],[100.019,12.307],[99.479,10.846],[99.154,9.963],[99.222,9.239],[99.874,9.208],[100.28,8.295],[100.459,7.43],[101.017,6.857],[101.623,6.741],[102.141,6.222],[101.814,5.811],[101.154,5.691],[101.076,6.205],[100.26,6.643],[100.086,6.464],[99.691,6.848],[99.52,7.343],[98.988,7.908],[98.504,8.382],[98.34,7.795],[98.15,8.35],[98.259,8.974],[98.554,9.933],[99.038,10.961],[99.587,11.893],[99.196,12.805],[99.212,13.269],[99.098,13.828],[98.431,14.622],[98.192,15.124],[98.537,15.308],[98.903,16.178],[98.494,16.838],[97.859,17.568],[97.376,18.445],[97.798,18.627],[98.254,19.708],[98.96,19.753],[99.543,20.187],[100.116,20.418],[100.549,20.109],[100.606,19.508],[101.282,19.463],[101.036,18.409],[101.06,17.512],[102.114,18.109],[102.413,17.933],[102.999,17.962],[103.2,18.31],[103.956,18.241],[104.717,17.429],[104.779,16.442],[105.589,15.57],[105.544,14.724],[105.219,14.273]]]}},{"type":"Feature","properties":{"ISO_A3":"TJK","NAME":"Tajikistan"},"geometry":{"type":"Polygon","coordinates":[[[74.98,37.42],[73.949,37.422],[73.26,37.495],[72.637,37.048],[72.193,36.948],[71.845,36.738],[71.449,37.066],[71.542,37.906],[71.239,37.953],[71.348,38.259],[70.807,38.486],[70.376,38.138],[70.271,37.735],[70.117,37.588],[69.519,37.609],[69.196,37.151],[68.859,37.344],[68.136,37.023],[67.83,37.145],[68.392,38.157],[68.176,38.902],[67.442,39.14],[67.701,39.58],[68.536,39.533],[69.012,40.086],[69.329,40.728],[70.667,40.96],[70.458,40.496],[70.601,40.219],[71.014,40.244],[70.648,39.936],[69.56,40.103],[69.465,39.527],[70.549,39.604],[71.785,39.279],[73.675,39.431],[73.929,38.506],[74.258,38.607],[74.865,38.379],[74.83,37.99],[74.98,37.42]]]}},{"type":"Feature","properties":{"ISO_A3":"TKM","NAME":"Turkmenistan"},"geometry":{"type":"Polygon","coordinates":[[[66.519,37.363],[66.217,37.394],[65.746,37.661],[65.589,37.305],[64.746,37.112],[64.546,36.312],[63.983,36.008],[63.194,35.857],[62.985,35.404],[62.231,35.271],[61.211,35.65],[61.123,36.492],[60.378,36.527],[59.235,37.413],[58.436,37.522],[57.33,38.029],[56.619,38.121],[56.18,37.935],[55.512,37.964],[54.8,37.392],[53.922,37.199],[53.736,37.906],[53.881,38.952],[53.101,39.291],[53.358,39.975],[52.694,40.034],[52.915,40.877],[53.858,40.631],[54.737,40.951],[54.008,41.551],[53.722,42.123],[52.917,41.868],[52.815,41.135],[52.502,41.783],[52.944,42.116],[54.079,42.324],[54.755,42.044],[55.455,41.26],[55.968,41.309],[57.096,41.322],[56.932,41.826],[57.787,42.171],[58.629,42.752],[59.976,42.223],[60.083,41.425],[60.466,41.22],[61.547,41.266],[61.883,41.085],[62.374,40.054],[63.518,39.363],[64.17,38.892],[65.216,38.403],[66.546,37.975],[66.519,37.363]]]}},{"type":"Feature","properties":{"ISO_A3":"TLS","NAME":"Timor-Leste"},"geometry":{"type":"Polygon","coordinates":[[[125.089,-9.393],[125.07,-9.09],[124.969,-8.893],[125.086,-8.657],[125.947,-8.432],[126.645,-8.398],[126.957,-8.273],[127.336,-8.397],[126.968,-8.668],[125.926,-9.106],[125.089,-9.393]]]}},{"type":"Feature","properties":{"ISO_A3":"TTO","NAME":"Trinidad and Tobago"},"geometry":{"type":"Polygon","coordinates":[[[-61.68,10.76],[-61.105,10.89],[-60.895,10.855],[-60.935,10.11],[-61.77,10],[-61.95,10.09],[-61.66,10.365],[-61.68,10.76]]]}},{"type":"Feature","properties":{"ISO_A3":"TUN","NAME":"Tunisia"},"geometry":{"type":"Polygon","coordinates":[[[9.482,30.308],[9.056,32.103],[8.439,32.506],[8.43,32.748],[7.613,33.344],[7.524,34.097],[8.141,34.655],[8.376,35.48],[8.218,36.433],[8.421,36.946],[9.51,37.35],[10.21,37.23],[10.181,36.724],[11.029,37.092],[11.1,36.9],[10.6,36.41],[10.593,35.947],[10.94,35.699],[10.808,34.834],[10.15,34.331],[10.34,33.786],[10.857,33.769],[11.109,33.293],[11.489,33.137],[11.432,32.369],[10.945,32.082],[10.637,31.761],[9.95,31.376],[10.057,30.962],[9.97,30.539],[9.482,30.308]]]}},{"type":"Feature","properties":{"ISO_A3":"TUR","NAME":"Turkey"},"geometry":{"type":"MultiPolygon","coordinates":[[[[43.583,41.092],[43.753,40.74],[43.656,40.254],[44.4,40.005],[44.794,39.713],[44.109,39.428],[44.421,38.281],[44.226,37.972],[44.773,37.17],[44.773,37.17],[44.293,37.002],[43.942,37.256],[42.779,37.385],[42.35,37.23],[41.212,37.074],[40.673,37.091],[39.523,36.716],[38.7,36.713],[38.168,36.901],[37.067,36.623],[36.739,36.818],[36.685,36.26],[36.418,36.041],[36.15,35.822],[35.782,36.275],[36.161,36.651],[35.551,36.565],[34.715,36.796],[34.027,36.22],[32.509,36.108],[31.7,36.644],[30.622,36.678],[30.391,36.263],[29.7,36.144],[28.733,36.677],[27.641,36.659],[27.049,37.653],[26.318,38.208],[26.805,38.986],[26.171,39.464],[27.28,40.42],[28.82,40.46],[29.24,41.22],[31.146,41.088],[32.348,41.736],[33.513,42.019],[35.168,42.04],[36.913,41.335],[38.348,40.949],[39.513,41.103],[40.373,41.014],[41.554,41.536],[42.62,41.583],[43.583,41.092]]],[[[26.117,41.827],[27.136,42.141],[27.997,42.007],[28.116,41.623],[28.988,41.3],[28.806,41.055],[27.619,41.0],[27.192,40.691],[26.358,40.152],[26.043,40.618],[26.057,40.824],[26.295,40.936],[26.604,41.562],[26.117,41.827]]]]}},{"type":"Feature","properties":{"ISO_A3":"TWN","NAME":"Taiwan"},"geometry":{"type":"Polygon","coordinates":[[[121.778,24.394],[121.176,22.791],[120.747,21.971],[120.22,22.815],[120.106,23.556],[120.695,24.538],[121.495,25.295],[121.951,24.998],[121.778,24.394]]]}},{"type":"Feature","properties":{"ISO_A3":"TZA","NAME":"Tanzania"},"geometry":{"type":"Polygon","coordinates":[[[29.34,-4.5],[29.754,-4.452],[30.116,-4.09],[30.506,-3.569],[30.752,-3.359],[30.743,-3.034],[30.528,-2.808],[30.47,-2.414],[30.47,-2.414],[30.758,-2.287],[30.816,-1.699],[30.419,-1.135],[30.77,-1.015],[31.866,-1.027],[33.904,-0.95],[34.073,-1.06],[37.699,-3.097],[37.767,-3.677],[39.202,-4.677],[38.741,-5.909],[38.8,-6.476],[39.44,-6.84],[39.47,-7.1],[39.195,-7.704],[39.252,-8.008],[39.187,-8.486],[39.536,-9.112],[39.95,-10.098],[40.317,-10.317],[40.317,-10.317],[39.521,-10.897],[38.428,-11.285],[37.828,-11.269],[37.471,-11.569],[36.775,-11.595],[36.514,-11.721],[35.312,-11.439],[34.56,-11.52],[34.28,-10.16],[33.941,-9.694],[33.74,-9.417],[32.759,-9.231],[32.192,-8.93],[31.556,-8.762],[31.158,-8.595],[30.74,-8.34],[30.74,-8.34],[30.2,-7.08],[29.62,-6.52],[29.42,-5.94],[29.52,-5.42],[29.34,-4.5]]]}},{"type":"Feature","properties":{"ISO_A3":"UGA","NAME":"Uganda"},"geometry":{"type":"Polygon","coordinates":[[[29.579,-1.341],[29.588,-0.587],[29.82,-0.205],[29.876,0.597],[30.086,1.062],[30.469,1.584],[30.853,1.849],[31.174,2.204],[30.773,2.34],[30.834,3.509],[30.834,3.509],[31.246,3.782],[31.881,3.558],[32.686,3.792],[33.39,3.79],[34.005,4.25],[34.479,3.556],[34.596,3.054],[35.036,1.906],[34.672,1.177],[34.18,0.515],[33.894,0.11],[33.904,-0.95],[31.866,-1.027],[30.77,-1.015],[30.419,-1.135],[29.822,-1.443],[29.579,-1.341]]]}},{"type":"Feature","properties":{"ISO_A3":"UKR","NAME":"Ukraine"},"geometry":{"type":"Polygon","coordinates":[[[23.527,51.578],[24.005,51.617],[24.553,51.888],[25.328,51.911],[26.338,51.832],[27.454,51.592],[28.242,51.572],[28.618,51.428],[28.993,51.602],[29.255,51.368],[30.157,51.416],[30.555,51.32],[30.619,51.823],[30.928,52.042],[31.786,52.102],[32.159,52.061],[32.412,52.289],[32.716,52.238],[33.753,52.335],[34.392,51.769],[34.142,51.566],[34.225,51.256],[35.022,51.208],[35.378,50.774],[35.356,50.577],[36.626,50.226],[37.393,50.384],[38.011,49.916],[38.595,49.926],[40.069,49.601],[40.081,49.307],[39.675,48.784],[39.896,48.232],[39.738,47.899],[38.771,47.826],[38.255,47.546],[38.224,47.102],[37.425,47.022],[36.76,46.699],[35.824,46.646],[34.962,46.273],[35.013,45.738],[34.862,45.768],[34.732,45.966],[34.41,46.005],[33.699,46.22],[33.436,45.972],[33.299,46.081],[31.744,46.333],[31.675,46.706],[30.749,46.583],[30.378,46.032],[29.603,45.293],[29.15,45.465],[28.68,45.304],[28.234,45.488],[28.485,45.597],[28.66,45.94],[28.934,46.259],[28.863,46.438],[29.072,46.518],[29.171,46.379],[29.76,46.35],[30.025,46.424],[29.838,46.525],[29.909,46.674],[29.56,46.929],[29.415,47.347],[29.051,47.51],[29.123,47.849],[28.671,48.118],[28.26,48.156],[27.523,48.467],[26.858,48.368],[26.619,48.221],[26.197,48.221],[25.946,47.987],[25.208,47.891],[24.866,47.738],[24.402,47.982],[23.761,47.986],[23.142,48.096],[22.711,47.882],[22.641,48.15],[22.086,48.422],[22.281,48.825],[22.558,49.086],[22.776,49.027],[22.518,49.477],[23.427,50.309],[23.923,50.425],[24.03,50.705],[23.527,51.578]]]}},{"type":"Feature","properties":{"ISO_A3":"URY","NAME":"Uruguay"},"geometry":{"type":"Polygon","coordinates":[[[-58.427,-33.909],[-58.35,-33.263],[-58.133,-33.041],[-58.142,-32.045],[-57.875,-31.017],[-57.625,-30.216],[-56.976,-30.11],[-55.973,-30.883],[-55.602,-30.854],[-54.572,-31.495],[-53.788,-32.047],[-53.21,-32.728],[-53.651,-33.202],[-53.374,-33.768],[-53.806,-34.397],[-54.936,-34.953],[-55.674,-34.753],[-56.215,-34.86],[-57.14,-34.43],[-57.818,-34.463],[-58.427,-33.909]]]}},{"type":"Feature","properties":{"ISO_A3":"USA","NAME":"United States of America"},"geometry":{"type":"MultiPolygon","coordinates":[[[[-122.84,49],[-120,49],[-117.031,49],[-116.048,49],[-113,49],[-110.05,49],[-107.05,49],[-104.048,49.0],[-100.65,49],[-97.229,49.001],[-95.159,49],[-95.156,49.384],[-94.818,49.389],[-94.64,48.84],[-94.329,48.671],[-93.631,48.609],[-92.61,48.45],[-91.64,48.14],[-90.83,48.27],[-89.6,48.01],[-89.273,48.02],[-88.378,48.303],[-87.44,47.94],[-86.462,47.553],[-85.652,47.22],[-84.876,46.9],[-84.779,46.637],[-84.544,46.539],[-84.605,46.44],[-84.337,46.409],[-84.142,46.512],[-84.092,46.275],[-83.891,46.117],[-83.616,46.117],[-83.47,45.995],[-83.593,45.817],[-82.551,45.348],[-82.338,44.44],[-82.138,43.571],[-82.43,42.98],[-82.9,42.43],[-83.12,42.08],[-83.142,41.976],[-83.03,41.833],[-82.69,41.675],[-82.439,41.675],[-81.278,42.209],[-80.247,42.366],[-78.939,42.864],[-78.92,42.965],[-79.01,43.27],[-79.172,43.466],[-78.72,43.625],[-77.738,43.629],[-76.82,43.629],[-76.5,44.018],[-76.375,44.096],[-75.318,44.816],[-74.867,45.0],[-73.348,45.007],[-71.505,45.008],[-71.405,45.255],[-71.085,45.305],[-70.66,45.46],[-70.305,45.915],[-70.0,46.693],[-69.237,47.448],[-68.905,47.185],[-68.234,47.355],[-67.79,47.066],[-67.791,45.703],[-67.137,45.138],[-66.965,44.81],[-68.033,44.325],[-69.06,43.98],[-70.116,43.684],[-70.645,43.09],[-70.815,42.865],[-70.825,42.335],[-70.495,41.805],[-70.08,41.78],[-70.185,42.145],[-69.885,41.923],[-69.965,41.637],[-70.64,41.475],[-71.12,41.494],[-71.86,41.32],[-72.295,41.27],[-72.876,41.221],[-73.71,40.931],[-72.241,41.119],[-71.945,40.93],[-73.345,40.63],[-73.982,40.628],[-73.952,40.751],[-74.257,40.474],[-73.962,40.428],[-74.178,39.709],[-74.906,38.94],[-74.98,39.196],[-75.2,39.248],[-75.528,39.498],[-75.32,38.96],[-75.072,38.782],[-75.057,38.404],[-75.377,38.016],[-75.94,37.217],[-76.031,37.257],[-75.722,37.937],[-76.233,38.319],[-76.35,39.15],[-76.543,38.718],[-76.329,38.083],[-76.99,38.24],[-76.302,37.918],[-76.259,36.966],[-75.972,36.897],[-75.868,36.551],[-75.727,35.551],[-76.363,34.809],[-77.398,34.512],[-78.055,33.925],[-78.554,33.861],[-79.061,33.494],[-79.204,33.158],[-80.301,32.509],[-80.865,32.033],[-81.336,31.44],[-81.49,30.73],[-81.314,30.036],[-80.98,29.18],[-80.536,28.472],[-80.53,28.04],[-80.057,26.88],[-80.088,26.206],[-80.132,25.817],[-80.381,25.206],[-80.68,25.08],[-81.172,25.201],[-81.33,25.64],[-81.71,25.87],[-82.24,26.73],[-82.705,27.495],[-82.855,27.886],[-82.65,28.55],[-82.93,29.1],[-83.71,29.937],[-84.1,30.09],[-85.109,29.636],[-85.288,29.686],[-85.773,30.153],[-86.4,30.4],[-87.53,30.274],[-88.418,30.385],[-89.18,30.316],[-89.594,30.16],[-89.414,29.894],[-89.43,29.489],[-89.218,29.291],[-89.408,29.16],[-89.779,29.307],[-90.155,29.117],[-90.88,29.149],[-91.627,29.677],[-92.499,29.552],[-93.226,29.784],[-93.848,29.714],[-94.69,29.48],[-95.6,28.739],[-96.594,28.307],[-97.14,27.83],[-97.37,27.38],[-97.38,26.69],[-97.33,26.21],[-97.14,25.87],[-97.53,25.84],[-98.24,26.06],[-99.02,26.37],[-99.3,26.84],[-99.52,27.54],[-100.11,28.11],[-100.456,28.696],[-100.958,29.381],[-101.662,29.779],[-102.48,29.76],[-103.11,28.97],[-103.94,29.27],[-104.457,29.572],[-104.706,30.122],[-105.037,30.644],[-105.632,31.084],[-106.143,31.4],[-106.508,31.755],[-108.24,31.755],[-108.242,31.342],[-109.035,31.342],[-111.024,31.335],[-113.305,32.039],[-114.815,32.525],[-114.721,32.721],[-115.991,32.612],[-117.128,32.535],[-117.296,33.046],[-117.944,33.621],[-118.411,33.741],[-118.52,34.028],[-119.081,34.078],[-119.439,34.348],[-120.368,34.447],[-120.623,34.609],[-120.744,35.157],[-121.715,36.162],[-122.547,37.552],[-122.512,37.783],[-122.953,38.114],[-123.727,38.952],[-123.865,39.767],[-124.398,40.313],[-124.179,41.142],[-124.214,42.0],[-124.533,42.766],[-124.142,43.708],[-124.021,44.616],[-123.899,45.523],[-124.08,46.865],[-124.396,47.72],[-124.687,48.184],[-124.566,48.38],[-123.12,48.04],[-122.587,47.096],[-122.34,47.36],[-122.5,48.18],[-122.84,49]]],[[[-140.986,69.712],[-140.986,69.712],[-140.993,66.0],[-140.998,60.306],[-140.013,60.277],[-139.039,60],[-138.341,59.562],[-137.452,58.905],[-136.48,59.464],[-135.476,59.788],[-134.945,59.271],[-134.271,58.861],[-133.356,58.41],[-132.73,57.693],[-131.708,56.552],[-130.008,55.916],[-129.98,55.285],[-130.536,54.803],[-130.536,54.803],[-130.536,54.803],[-131.086,55.179],[-131.967,55.498],[-132.25,56.37],[-133.539,57.179],[-134.078,58.123],[-135.038,58.188],[-136.628,58.212],[-137.8,58.5],[-139.868,59.538],[-140.825,59.728],[-142.574,60.084],[-143.959,59.999],[-145.926,60.459],[-147.114,60.885],[-148.224,60.673],[-148.018,59.978],[-148.571,59.914],[-149.728,59.706],[-150.608,59.368],[-151.716,59.156],[-151.859,59.745],[-151.41,60.726],[-150.347,61.034],[-150.621,61.284],[-151.896,60.727],[-152.578,60.062],[-154.019,59.35],[-153.288,58.865],[-154.232,58.146],[-155.307,57.728],[-156.308,57.423],[-156.556,56.98],[-158.117,56.464],[-158.433,55.994],[-159.603,55.567],[-160.29,55.644],[-161.223,55.365],[-162.238,55.024],[-163.069,54.69],[-164.786,54.404],[-164.942,54.572],[-163.848,55.039],[-162.87,55.348],[-161.804,55.895],[-160.564,56.008],[-160.071,56.418],[-158.684,57.017],[-158.461,57.217],[-157.723,57.57],[-157.55,58.328],[-157.042,58.919],[-158.195,58.616],[-158.517,58.788],[-159.059,58.424],[-159.712,58.931],[-159.981,58.573],[-160.355,59.071],[-161.355,58.671],[-161.969,58.672],[-162.055,59.267],[-161.874,59.634],[-162.518,59.99],[-163.818,59.798],[-164.662,60.267],[-165.346,60.507],[-165.351,61.074],[-166.121,61.5],[-165.734,62.075],[-164.919,62.633],[-164.563,63.146],[-163.753,63.219],[-163.067,63.059],[-162.261,63.542],[-161.534,63.456],[-160.773,63.766],[-160.958,64.223],[-161.518,64.403],[-160.778,64.789],[-161.392,64.777],[-162.453,64.559],[-162.758,64.339],[-163.546,64.559],[-164.961,64.447],[-166.425,64.687],[-166.845,65.089],[-168.111,65.67],[-166.705,66.088],[-164.475,66.577],[-163.653,66.577],[-163.789,66.077],[-161.678,66.116],[-162.49,66.736],[-163.72,67.116],[-164.431,67.616],[-165.39,68.043],[-166.764,68.359],[-166.205,68.883],[-164.431,68.916],[-163.169,69.371],[-162.931,69.858],[-161.909,70.333],[-160.935,70.448],[-159.039,70.892],[-158.12,70.825],[-156.581,71.358],[-155.068,71.148],[-154.344,70.696],[-153.9,70.89],[-152.21,70.83],[-152.27,70.6],[-150.74,70.43],[-149.72,70.53],[-147.613,70.214],[-145.69,70.12],[-144.92,69.99],[-143.589,70.153],[-142.073,69.852],[-140.986,69.712],[-140.986,69.712]]],[[[-155.542,19.083],[-155.688,18.916],[-155.937,19.059],[-155.908,19.339],[-156.073,19.703],[-156.024,19.814],[-155.85,19.977],[-155.919,20.174],[-155.861,20.267],[-155.785,20.249],[-155.402,20.08],[-155.225,19.993],[-155.062,19.859],[-154.807,19.509],[-154.831,19.453],[-155.222,19.24],[-155.542,19.083]]],[[[-156.079,20.644],[-156.414,20.572],[-156.587,20.783],[-156.702,20.864],[-156.711,20.927],[-156.613,21.012],[-156.257,20.917],[-155.996,20.764],[-156.079,20.644]]],[[[-156.758,21.177],[-156.789,21.069],[-157.325,21.098],[-157.25,21.22],[-156.758,21.177]]],[[[-157.653,21.322],[-157.707,21.264],[-157.779,21.277],[-158.127,21.312],[-158.254,21.539],[-158.293,21.579],[-158.025,21.717],[-157.942,21.653],[-157.653,21.322]]],[[[-159.345,21.982],[-159.464,21.883],[-159.801,22.065],[-159.749,22.138],[-159.596,22.236],[-159.366,22.215],[-159.345,21.982]]],[[[-153.006,57.116],[-154.005,56.735],[-154.516,56.993],[-154.671,57.461],[-153.763,57.817],[-153.229,57.969],[-152.565,57.901],[-152.141,57.591],[-153.006,57.116]]],[[[-165.579,59.91],[-166.193,59.754],[-166.848,59.941],[-167.455,60.213],[-166.468,60.384],[-165.674,60.294],[-165.579,59.91]]],[[[-171.732,63.783],[-171.114,63.592],[-170.491,63.695],[-169.683,63.431],[-168.689,63.298],[-168.772,63.189],[-169.529,62.977],[-170.291,63.194],[-170.671,63.376],[-171.553,63.318],[-171.791,63.406],[-171.732,63.783]]]]}},{"type":"Feature","properties":{"ISO_A3":"UZB","NAME":"Uzbekistan"},"geometry":{"type":"Polygon","coordinates":[[[67.83,37.145],[67.076,37.356],[66.519,37.363],[66.546,37.975],[65.216,38.403],[64.17,38.892],[63.518,39.363],[62.374,40.054],[61.883,41.085],[61.547,41.266],[60.466,41.22],[60.083,41.425],[59.976,42.223],[58.629,42.752],[57.787,42.171],[56.932,41.826],[57.096,41.322],[55.968,41.309],[55.929,44.996],[58.503,45.587],[58.69,45.5],[60.24,44.784],[61.058,44.406],[62.013,43.504],[63.186,43.65],[64.901,43.728],[66.098,42.998],[66.023,41.995],[66.511,41.988],[66.714,41.168],[67.986,41.136],[68.26,40.662],[68.632,40.669],[69.07,41.384],[70.389,42.081],[70.962,42.266],[71.259,42.168],[70.42,41.52],[71.158,41.144],[71.87,41.393],[73.055,40.866],[71.775,40.146],[71.014,40.244],[70.601,40.219],[70.458,40.496],[70.667,40.96],[69.329,40.728],[69.012,40.086],[68.536,39.533],[67.701,39.58],[67.442,39.14],[68.176,38.902],[68.392,38.157],[67.83,37.145]]]}},{"type":"Feature","properties":{"ISO_A3":"VEN","NAME":"Venezuela"},"geometry":{"type":"Polygon","coordinates":[[[-60.734,5.2],[-60.601,4.918],[-60.967,4.536],[-62.085,4.162],[-62.805,4.007],[-63.093,3.771],[-63.888,4.021],[-64.629,4.148],[-64.816,4.056],[-64.368,3.797],[-64.409,3.127],[-64.27,2.497],[-63.423,2.411],[-63.369,2.201],[-64.083,1.916],[-64.199,1.493],[-64.611,1.329],[-65.355,1.095],[-65.548,0.789],[-66.326,0.724],[-66.876,1.253],[-67.181,2.251],[-67.447,2.6],[-67.81,2.821],[-67.303,3.318],[-67.338,3.542],[-67.622,3.839],[-67.823,4.504],[-67.745,5.221],[-67.522,5.557],[-67.341,6.095],[-67.695,6.267],[-68.265,6.153],[-68.985,6.207],[-69.389,6.1],[-70.093,6.96],[-70.674,7.088],[-71.96,6.992],[-72.198,7.34],[-72.444,7.424],[-72.48,7.633],[-72.361,8.003],[-72.44,8.405],[-72.66,8.625],[-72.789,9.085],[-73.305,9.152],[-73.028,9.737],[-72.905,10.45],[-72.615,10.822],[-72.228,11.109],[-71.974,11.609],[-71.332,11.776],[-71.36,11.54],[-71.947,11.423],[-71.621,10.969],[-71.633,10.446],[-72.074,9.866],[-71.696,9.072],[-71.265,9.137],[-71.04,9.86],[-71.35,10.212],[-71.401,10.969],[-70.155,11.375],[-70.294,11.847],[-69.943,12.162],[-69.584,11.46],[-68.883,11.443],[-68.233,10.886],[-68.194,10.555],[-67.296,10.546],[-66.228,10.649],[-65.655,10.201],[-64.89,10.077],[-64.329,10.39],[-64.318,10.641],[-63.079,10.702],[-61.881,10.716],[-62.73,10.42],[-62.389,9.948],[-61.589,9.873],[-60.831,9.381],[-60.671,8.58],[-60.15,8.603],[-59.758,8.367],[-60.551,7.78],[-60.638,7.415],[-60.296,7.044],[-60.544,6.857],[-61.159,6.696],[-61.139,6.234],[-61.41,5.959],[-60.734,5.2]]]}},{"type":"Feature","properties":{"ISO_A3":"VNM","NAME":"Vietnam"},"geometry":{"type":"Polygon","coordinates":[[[102.17,22.465],[102.707,22.709],[103.505,22.704],[104.477,22.819],[105.329,23.352],[105.811,22.977],[106.725,22.794],[106.567,22.218],[107.043,21.812],[108.05,21.552],[106.715,20.697],[105.882,19.752],[105.662,19.058],[106.427,18.004],[107.362,16.697],[108.269,16.08],[108.877,15.277],[109.335,13.426],[109.2,11.667],[108.366,11.008],[107.221,10.364],[106.405,9.531],[105.158,8.6],[104.795,9.241],[105.076,9.918],[104.334,10.487],[105.2,10.889],[106.25,10.962],[105.811,11.568],[107.491,12.337],[107.615,13.536],[107.383,14.202],[107.565,15.202],[107.313,15.909],[106.556,16.604],[105.926,17.485],[105.095,18.667],[103.897,19.265],[104.183,19.625],[104.823,19.887],[104.435,20.759],[103.204,20.767],[102.755,21.675],[102.17,22.465]]]}},{"type":"Feature","properties":{"ISO_A3":"VUT","NAME":"Vanuatu"},"geometry":{"type":"MultiPolygon","coordinates":[[[[167.845,-16.466],[167.515,-16.598],[167.18,-16.16],[167.217,-15.892],[167.845,-16.466]]],[[[167.108,-14.934],[167.27,-15.74],[167.001,-15.615],[166.793,-15.669],[166.65,-15.393],[166.629,-14.626],[167.108,-14.934]]]]}},{"type":"Feature","properties":{"ISO_A3":"YEM","NAME":"Yemen"},"geometry":{"type":"Polygon","coordinates":[[[52.0,19.0],[52.782,17.35],[53.109,16.651],[52.385,16.382],[52.192,15.938],[52.168,15.597],[51.173,15.175],[49.575,14.709],[48.679,14.003],[48.239,13.948],[47.939,14.007],[47.354,13.592],[46.717,13.4],[45.878,13.348],[45.625,13.291],[45.406,13.027],[45.144,12.954],[44.99,12.7],[44.495,12.722],[44.175,12.586],[43.483,12.637],[43.223,13.221],[43.251,13.768],[43.088,14.063],[42.892,14.802],[42.605,15.213],[42.805,15.262],[42.702,15.719],[42.824,15.912],[42.779,16.348],[43.218,16.667],[43.116,17.088],[43.381,17.58],[43.792,17.32],[44.063,17.41],[45.217,17.433],[45.4,17.333],[46.367,17.233],[46.75,17.283],[47.0,16.95],[47.467,17.117],[48.183,18.167],[49.117,18.617],[52.0,19.0]]]}},{"type":"Feature","properties":{"ISO_A3":"ZAF","NAME":"South Africa"},"geometry":{"type":"Polygon","coordinates":[[[19.896,-24.768],[20.166,-24.918],[20.759,-25.868],[20.666,-26.477],[20.89,-26.829],[21.606,-26.727],[22.106,-26.28],[22.58,-25.979],[22.824,-25.5],[23.312,-25.269],[23.734,-25.39],[24.211,-25.67],[25.025,-25.72],[25.665,-25.487],[25.766,-25.175],[25.942,-24.696],[26.486,-24.616],[26.786,-24.241],[27.119,-23.574],[28.017,-22.828],[29.432,-22.091],[29.839,-22.102],[30.323,-22.272],[30.66,-22.152],[31.191,-22.252],[31.67,-23.659],[31.931,-24.369],[31.752,-25.484],[31.838,-25.843],[31.333,-25.66],[31.044,-25.731],[30.95,-26.023],[30.677,-26.398],[30.686,-26.744],[31.283,-27.286],[31.868,-27.178],[32.072,-26.734],[32.83,-26.742],[32.58,-27.47],[32.462,-28.301],[32.203,-28.752],[31.521,-29.257],[31.326,-29.402],[30.902,-29.91],[30.623,-30.424],[30.056,-31.14],[28.926,-32.172],[28.22,-32.772],[27.465,-33.227],[26.419,-33.615],[25.91,-33.667],[25.781,-33.945],[25.173,-33.797],[24.678,-33.987],[23.594,-33.794],[22.988,-33.916],[22.574,-33.864],[21.543,-34.259],[20.689,-34.417],[20.071,-34.795],[19.616,-34.819],[19.193,-34.463],[18.855,-34.444],[18.425,-33.998],[18.377,-34.137],[18.244,-33.868],[18.25,-33.281],[17.925,-32.611],[18.248,-32.429],[18.222,-31.662],[17.567,-30.726],[17.064,-29.879],[17.063,-29.876],[16.345,-28.577],[16.824,-28.082],[17.219,-28.356],[17.387,-28.784],[17.836,-28.856],[18.465,-29.045],[19.002,-28.972],[19.895,-28.461],[19.896,-24.768]],[[28.978,-28.956],[28.542,-28.648],[28.074,-28.851],[27.533,-29.243],[26.999,-29.876],[27.749,-30.645],[28.107,-30.546],[28.291,-30.226],[28.848,-30.07],[29.018,-29.744],[29.325,-29.257],[28.978,-28.956]]]}},{"type":"Feature","properties":{"ISO_A3":"ZMB","NAME":"Zambia"},"geometry":{"type":"Polygon","coordinates":[[[23.215,-17.523],[22.562,-16.898],[21.888,-16.08],[21.934,-12.898],[24.016,-12.911],[23.931,-12.566],[24.08,-12.191],[23.904,-11.722],[24.018,-11.237],[23.912,-10.927],[24.257,-10.952],[24.315,-11.263],[24.783,-11.239],[25.418,-11.331],[25.752,-11.785],[26.553,-11.924],[27.164,-11.609],[27.389,-12.133],[28.155,-12.272],[28.524,-12.699],[28.934,-13.249],[29.7,-13.257],[29.616,-12.179],[29.342,-12.361],[28.642,-11.972],[28.372,-11.794],[28.496,-10.79],[28.674,-9.606],[28.45,-9.165],[28.735,-8.527],[29.003,-8.407],[30.346,-8.238],[30.74,-8.34],[31.158,-8.595],[31.556,-8.762],[32.192,-8.93],[32.759,-9.231],[33.231,-9.677],[33.486,-10.526],[33.315,-10.797],[33.114,-11.607],[33.306,-12.436],[32.992,-12.784],[32.688,-13.713],[33.214,-13.972],[30.179,-14.796],[30.274,-15.508],[29.517,-15.645],[28.947,-16.043],[28.826,-16.39],[28.468,-16.468],[27.598,-17.291],[27.044,-17.938],[26.707,-17.961],[26.382,-17.846],[25.264,-17.737],[25.084,-17.662],[25.077,-17.579],[24.682,-17.353],[24.034,-17.296],[23.215,-17.523]]]}},{"type":"Feature","properties":{"ISO_A3":"ZWE","NAME":"Zimbabwe"},"geometry":{"type":"Polygon","coordinates":[[[29.432,-22.091],[28.795,-21.639],[28.021,-21.486],[27.727,-20.852],[27.725,-20.499],[27.297,-20.392],[26.165,-19.293],[25.85,-18.714],[25.649,-18.536],[25.264,-17.737],[26.382,-17.846],[26.707,-17.961],[27.044,-17.938],[27.598,-17.291],[28.468,-16.468],[28.826,-16.39],[28.947,-16.043],[29.517,-15.645],[30.274,-15.508],[30.339,-15.881],[31.173,-15.861],[31.636,-16.072],[31.852,-16.319],[32.328,-16.392],[32.848,-16.713],[32.85,-17.979],[32.655,-18.672],[32.612,-19.419],[32.773,-19.716],[32.66,-20.304],[32.509,-20.395],[32.245,-21.116],[31.191,-22.252],[30.66,-22.152],[30.323,-22.272],[29.839,-22.102],[29.432,-22.091]]]}}]}